temperature_K,zero_vibr_energy,log10_k_diss_level_0,log10_k_diss_level_1,log10_k_diss_level_2,log10_k_diss_level_3,log10_k_diss_level_4,log10_k_diss_level_5,log10_k_diss_level_6,log10_k_diss_level_7,log10_k_diss_level_8,log10_k_diss_level_9,log10_k_diss_level_10,log10_k_diss_level_11,log10_k_diss_level_12,log10_k_diss_level_13,log10_k_diss_level_14,log10_k_diss_level_15,log10_k_diss_level_16,log10_k_diss_level_17,log10_k_diss_level_18,log10_k_diss_level_19,log10_k_diss_level_20,log10_k_diss_level_21,log10_k_diss_level_22,log10_k_diss_level_23,log10_k_diss_level_24,log10_k_diss_level_25,log10_k_diss_level_26,log10_k_diss_level_27,log10_k_diss_level_28,log10_k_diss_level_29,log10_k_diss_level_30,log10_k_diss_level_31,log10_k_diss_level_32,log10_k_diss_level_33,log10_k_diss_level_34,log10_k_diss_level_35,log10_k_diss_level_36,log10_k_diss_level_37,log10_k_diss_level_38,log10_k_diss_level_39,log10_k_diss_level_40,log10_k_diss_level_41,log10_k_diss_level_42,log10_k_diss_level_43,log10_k_diss_level_44,log10_k_diss_level_45,log10_k_diss_level_46,reaction_N2N,reaction_N2N2,reaction_N2O,reaction_NON,reaction_NOO,reaction_O2O,reaction_O2O2
1000,0.0973380969084498,-35.525687571348826,-34.5059867538236,-33.5019854354649,-32.51368361627271,-31.541081296247032,-30.584178475387866,-29.6429751536952,-28.717471331169076,-27.807667007809496,-26.913562183616353,-26.035156858589755,-25.172451032729697,-24.32544470603613,-23.494137878509108,-22.678530550148576,-21.87862272095459,-21.09441439092703,-20.32590556006603,-19.573096228371565,-18.83598639584359,-18.114576062482158,-17.408865228287215,-16.718853893258768,-16.044542057396864,-15.3859297207015,-14.74301688317257,-14.115803544810241,-14.0,-14.0,-14.0,-14.0,-14.0,-14.0,-14.0,-14.0,-14.0,-70.0,-70.0,-70.0,-70.0,-70.0,-70.0,-70.0,-70.0,-70.0,-70.0,-70.0,False,False,False,False,False,True,False
1050,0.0973380969084498,-34.26675079760286,-33.29393024645642,-32.336087417372575,-31.393222310351316,-30.465334925392654,-29.552425262496577,-28.654493321663082,-27.771539102892206,-26.90356260618395,-26.050563831538216,-25.2125427789551,-24.389499448434606,-23.581433839976683,-22.78834595358138,-22.010235789248647,-21.247103346978538,-20.49894862677094,-19.765771628625973,-19.04757235254362,-18.344350798523838,-17.65610696656668,-16.982840856672084,-16.324552468840068,-15.68124180307067,-15.052908859363889,-14.439553637719627,-14.0,-14.0,-14.0,-14.0,-14.0,-14.0,-14.0,-14.0,-14.0,-14.0,-70.0,-70.0,-70.0,-70.0,-70.0,-70.0,-70.0,-70.0,-70.0,-70.0,-70.0,False,False,False,False,False,True,False
1100,0.0973380969084498,-33.12128954204497,-32.191131324135554,-31.275293991250276,-30.37377754338913,-29.486581980552124,-28.613707302739247,-27.75515350995049,-26.910920602185897,-26.081008579445463,-25.265417441729095,-24.46414718903689,-23.677197821368846,-22.904569338724915,-22.146261741105146,-21.40227502850949,-20.672609200937995,-19.957264258390563,-19.2562402008673,-18.56953702836819,-17.8971547408932,-17.239093338442366,-16.59535282101565,-15.965933188613047,-15.350834441234603,-14.750056578880324,-14.163599601550104,-14.0,-14.0,-14.0,-14.0,-14.0,-14.0,-14.0,-14.0,-14.0,-14.0,-70.0,-70.0,-70.0,-70.0,-70.0,-70.0,-70.0,-70.0,-70.0,-70.0,-70.0,False,False,False,False,False,True,False
1150,0.0973380969084498,-32.074524704403785,-31.18335934697858,-30.305914533408664,-29.44219026369403,-28.59218653783468,-27.75590335583061,-26.93334071768181,-26.12449862338832,-25.329377072950138,-24.547976066367173,-23.780295603639516,-23.02633568476717,-22.286096309750082,-21.55957747858831,-20.846779191281794,-20.147701447830592,-19.4623442482346,-18.790707592493927,-18.132791480608557,-17.48859591257845,-16.85812088840365,-16.241366408084115,-15.638332471619846,-15.049019079010884,-14.47342623025723,-14.0,-14.0,-14.0,-14.0,-14.0,-14.0,-14.0,-14.0,-14.0,-14.0,-14.0,-70.0,-70.0,-70.0,-70.0,-70.0,-70.0,-70.0,-70.0,-70.0,-70.0,-70.0,False,False,False,False,False,True,False
1200,0.0973380969084498,-31.114141238207907,-30.258756406078355,-29.4165412343318,-28.587495722968235,-27.771619871987664,-26.968913681390077,-26.179377151175476,-25.40301028134389,-24.63981307189532,-23.889785522829673,-23.152927634147048,-22.42923940584744,-21.7187208379308,-21.021371930397184,-20.33719268324653,-19.666183096478903,-19.008343170094196,-18.363672904092514,-17.732172298473845,-17.113841353238147,-16.508680068385466,-15.916688443915756,-15.337866479829023,-14.772214176125305,-14.219731532804603,-14.0,-14.0,-14.0,-14.0,-14.0,-14.0,-14.0,-14.0,-14.0,-14.0,-14.0,-70.0,-70.0,-70.0,-70.0,-70.0,-70.0,-70.0,-70.0,-70.0,-70.0,-70.0,False,False,False,False,False,True,False
1250,0.0973380969084498,-30.229794958013585,-29.407362389779134,-28.597592142882085,-27.800484217322428,-27.016038613100175,-26.24425533021531,-25.485134368667833,-24.738675728457775,-24.004879409585136,-23.283745412049832,-22.575273735851955,-21.879464380991493,-21.19631734746841,-20.525832635282747,-19.868010244434462,-19.2228501749236,-18.590352426750066,-17.970516999913965,-17.363343894415276,-16.768833110253965,-16.186984647430076,-15.617798505943565,-15.061274685794434,-14.517413186982722,-14.0,-14.0,-14.0,-14.0,-14.0,-14.0,-14.0,-14.0,-14.0,-14.0,-14.0,-14.0,-70.0,-70.0,-70.0,-70.0,-70.0,-70.0,-70.0,-70.0,-70.0,-70.0,-70.0,False,False,False,False,False,True,False
1300,0.0973380969084498,-29.412733246557643,-28.620749736665196,-27.84095974887233,-27.073363283179035,-26.317960339585316,-25.57475091809117,-24.843735018696588,-24.124912641401608,-23.41828378620622,-22.723848453110357,-22.041606642114086,-21.371558353217413,-20.7137035864203,-20.068042341722787,-19.434574619124827,-18.813300418626472,-18.204219740227625,-17.607332583928386,-17.02263894972874,-16.450138837628653,-15.889832247628165,-15.341719179727233,-14.80579963392586,-14.282073610224085,-14.0,-14.0,-14.0,-14.0,-14.0,-14.0,-14.0,-14.0,-14.0,-14.0,-14.0,-14.0,-70.0,-70.0,-70.0,-70.0,-70.0,-70.0,-70.0,-70.0,-70.0,-70.0,-70.0,False,False,False,False,False,True,False
1350,0.0973380969084498,-28.655500114088223,-27.89173941979312,-27.139737723997797,-26.39949502670225,-25.671011327906484,-24.954286627610493,-24.24932092581427,-23.55611422251785,-22.874666517721224,-22.204977811424325,-21.547048103627226,-20.900877394329925,-20.266465683532385,-19.64381297123465,-19.03291925743667,-18.433784542138497,-17.846408825340035,-17.270792107041384,-16.706934387242534,-16.154835665943438,-15.614495943144147,-15.085915218844615,-14.569093493044846,-14.064030765744876,-14.0,-14.0,-14.0,-14.0,-14.0,-14.0,-14.0,-14.0,-14.0,-14.0,-14.0,-14.0,-70.0,-70.0,-70.0,-70.0,-70.0,-70.0,-70.0,-70.0,-70.0,-70.0,-70.0,False,False,False,False,False,True,False
1400,0.0973380969084498,-27.95170450813672,-27.214177840633653,-26.488006267784574,-25.77318978958948,-25.069728406048377,-24.377622117161252,-23.696870922928102,-23.027474823348964,-22.369433818423833,-21.72274790815263,-21.08741709253544,-20.46344137157225,-19.850820745263036,-19.24955521360783,-18.659644776606587,-18.081089434259358,-17.513889186566054,-16.958044033526765,-16.41355397514148,-15.880419011410163,-15.358639142332857,-14.848214367909517,-14.349144688140148,-14.0,-14.0,-14.0,-14.0,-14.0,-14.0,-14.0,-14.0,-14.0,-14.0,-14.0,-14.0,-14.0,-70.0,-70.0,-70.0,-70.0,-70.0,-70.0,-70.0,-70.0,-70.0,-70.0,-70.0,False,False,False,False,False,True,False
1450,0.0973380969084498,-27.295836596045525,-26.582759920014976,-25.88066190212474,-25.18954254237481,-24.50940184076519,-23.840239797295872,-23.18205641196685,-22.534851684778165,-21.898625615729802,-21.273378204821697,-20.65910945205392,-20.05581935742647,-19.46350792093931,-18.88217514259248,-18.311821022385942,-17.752445560319735,-17.204048756393778,-16.666630610608156,-16.14019112296286,-15.624730293457855,-15.120248122093178,-14.626744608868792,-14.144219753784702,-14.0,-14.0,-14.0,-14.0,-14.0,-14.0,-14.0,-14.0,-14.0,-14.0,-14.0,-14.0,-14.0,-70.0,-70.0,-70.0,-70.0,-70.0,-70.0,-70.0,-70.0,-70.0,-70.0,-70.0,False,False,False,False,False,True,False
1500,0.0973380969084498,-26.683120818794972,-25.992887598929997,-25.313281335201307,-24.644302027608894,-23.985949676152764,-23.33822428083291,-22.70112584164933,-22.07465435860205,-21.45880983169107,-20.853592260916322,-20.259001646277873,-19.675037987775724,-19.10170128540984,-18.53899153918026,-17.98690874908694,-17.445452915129927,-16.914624037309135,-16.394422115624653,-15.884847150076467,-15.385899140664545,-14.897578087388927,-14.419883990249573,-14.0,-14.0,-14.0,-14.0,-14.0,-14.0,-14.0,-14.0,-14.0,-14.0,-14.0,-14.0,-14.0,-14.0,-70.0,-70.0,-70.0,-70.0,-70.0,-70.0,-70.0,-70.0,-70.0,-70.0,-70.0,False,False,False,False,False,True,False
1550,0.0973380969084498,-26.10939740701682,-25.440555747495324,-24.78201169575811,-24.13376525180518,-23.495816415636533,-22.868165187252167,-22.25081156665207,-21.643755553836282,-21.046997148804792,-20.460536351557536,-19.884373162094583,-19.318507580415933,-18.762939606521545,-18.217669240411468,-17.682696482085653,-17.15802133154414,-16.64364378878686,-16.13956385381389,-15.645781526625216,-15.16229680722081,-14.689109695600706,-14.22622019176487,-14.0,-14.0,-14.0,-14.0,-14.0,-14.0,-14.0,-14.0,-14.0,-14.0,-14.0,-14.0,-14.0,-14.0,-70.0,-70.0,-70.0,-70.0,-70.0,-70.0,-70.0,-70.0,-70.0,-70.0,-70.0,False,False,False,False,False,True,False
1600,0.0973380969084498,-25.571026128602067,-24.922259482021914,-24.2834813646772,-23.65469177656792,-23.035890717694077,-22.42707818805566,-21.828254187652675,-21.239418716485137,-20.660571774553055,-20.09171336185636,-19.532843478395115,-18.983962124169327,-18.445069299178954,-17.91616500342404,-17.39724923690454,-16.888321999620498,-16.389383291571836,-15.900433112758634,-15.42147146318088,-14.952498342838547,-14.493513751731667,-14.044517689860207,-14.0,-14.0,-14.0,-14.0,-14.0,-14.0,-14.0,-14.0,-14.0,-14.0,-14.0,-14.0,-14.0,-14.0,-70.0,-70.0,-70.0,-70.0,-70.0,-70.0,-70.0,-70.0,-70.0,-70.0,-70.0,False,False,False,False,False,True,False
1650,0.0973380969084498,-25.064807548696685,-24.434918345653404,-23.81472703129298,-23.204233605615407,-22.60343806862069,-22.01234042030882,-21.4309406606798,-20.85923878973365,-20.297234807470367,-19.74492871388989,-19.20232050899229,-18.66941019277756,-18.146197765245667,-17.632683226396644,-17.12886657623046,-16.63474781474715,-16.150326941946645,-15.675603957829013,-15.21057886239425,-14.755251655642327,-14.309622337573275,-14.0,-14.0,-14.0,-14.0,-14.0,-14.0,-14.0,-14.0,-14.0,-14.0,-14.0,-14.0,-14.0,-14.0,-14.0,-70.0,-70.0,-70.0,-70.0,-70.0,-70.0,-70.0,-70.0,-70.0,-70.0,-70.0,False,False,False,False,False,True,False
1700,0.0973380969084498,-24.587918193991772,-23.975813878045322,-23.373133631426725,-22.779877454135974,-22.196045346173072,-21.621637307538016,-21.0566533382308,-20.501093438251445,-19.954957607599958,-19.41824584627627,-18.890958154280455,-18.373094531612498,-17.86465497827238,-17.365639494260122,-16.876048079575703,-16.395880734219148,-15.925137458190392,-15.463818251489506,-15.011923114116485,-14.569452046071294,-14.136405047353971,-14.0,-14.0,-14.0,-14.0,-14.0,-14.0,-14.0,-14.0,-14.0,-14.0,-14.0,-14.0,-14.0,-14.0,-14.0,-70.0,-70.0,-70.0,-70.0,-70.0,-70.0,-70.0,-70.0,-70.0,-70.0,-70.0,False,False,False,False,False,True,False
1750,0.0973380969084498,-24.137856838461595,-23.5425378942773,-22.956384588785653,-22.37939692198665,-21.811574893880294,-21.252918504466578,-20.7034277537455,-20.16310264171709,-19.631943168381333,-19.109949333738186,-18.597121137787695,-18.09345858052987,-17.598961661964672,-17.113630382092143,-16.637464740912243,-16.170464738425004,-15.712630374630365,-15.263961649528394,-14.824458563119082,-14.3941211154024,-14.0,-14.0,-14.0,-14.0,-14.0,-14.0,-14.0,-14.0,-14.0,-14.0,-14.0,-14.0,-14.0,-14.0,-14.0,-14.0,-70.0,-70.0,-70.0,-70.0,-70.0,-70.0,-70.0,-70.0,-70.0,-70.0,-70.0,False,False,False,False,False,True,False
1800,0.0973380969084498,-23.712399746524614,-23.132949389115396,-22.562420354751954,-22.000812643434283,-21.44812625516239,-20.904361189936264,-20.369517447755904,-19.843595028621337,-19.32659393253256,-18.818514159489514,-18.319355709492257,-17.82911858254079,-17.347802778635085,-16.87540829777517,-16.411935139961017,-15.957383305192653,-15.511752793470018,-15.075043604793176,-14.647255739162127,-14.228389196576835,-14.0,-14.0,-14.0,-14.0,-14.0,-14.0,-14.0,-14.0,-14.0,-14.0,-14.0,-14.0,-14.0,-14.0,-14.0,-14.0,-70.0,-70.0,-70.0,-70.0,-70.0,-70.0,-70.0,-70.0,-70.0,-70.0,-70.0,False,False,False,False,False,True,False
1850,0.0973380969084498,-23.309563177813637,-22.745138433625822,-22.189403675410997,-21.642358903169153,-21.1040041169003,-20.574339316604426,-20.053364502281532,-19.54107967393164,-19.03748483155475,-18.542579975150804,-18.056365104719863,-17.57884022026192,-17.11000532177695,-16.649860409264985,-16.198405482725992,-15.755640542159998,-15.32156558756695,-14.896180618946905,-14.479485636299861,-14.071480639625792,-14.0,-14.0,-14.0,-14.0,-14.0,-14.0,-14.0,-14.0,-14.0,-14.0,-14.0,-14.0,-14.0,-14.0,-14.0,-14.0,-70.0,-70.0,-70.0,-70.0,-70.0,-70.0,-70.0,-70.0,-70.0,-70.0,-70.0,False,False,False,False,False,True,False
1900,0.0973380969084498,-22.927571814994945,-22.37739577517157,-21.835690345678398,-21.30245552651542,-20.77769131768265,-20.261397719180074,-19.753574731007692,-19.254222353165524,-18.763340585653573,-18.280929428471783,-17.80698888162021,-17.34151894509885,-16.88451961890768,-16.43599090304673,-15.995932797515962,-15.564345302315413,-15.141228417445019,-14.726582142904848,-14.320406478694892,-14.0,-14.0,-14.0,-14.0,-14.0,-14.0,-14.0,-14.0,-14.0,-14.0,-14.0,-14.0,-14.0,-14.0,-14.0,-14.0,-14.0,-70.0,-70.0,-70.0,-70.0,-70.0,-70.0,-70.0,-70.0,-70.0,-70.0,-70.0,False,False,False,False,False,True,False
1950,0.0973380969084498,-22.564832050837268,-22.028187116412543,-21.499804464959368,-20.979684096477744,-20.467826010967674,-19.96423020842915,-19.468896688862166,-18.98182545226675,-18.503016498642904,-18.032469827990564,-17.570185440309793,-17.116163335600586,-16.67040351386292,-16.232905975096816,-15.803670719302254,-15.382697746479257,-14.969987056627767,-14.565538649747849,-14.169352525839495,-14.0,-14.0,-14.0,-14.0,-14.0,-14.0,-14.0,-14.0,-14.0,-14.0,-14.0,-14.0,-14.0,-14.0,-14.0,-14.0,-14.0,-70.0,-70.0,-70.0,-70.0,-70.0,-70.0,-70.0,-70.0,-70.0,-70.0,-70.0,False,False,False,False,False,True,False
2000,0.0973380969084498,-22.219909283633175,-21.69613125394827,-21.18041740603036,-20.672767739879443,-20.173182255495526,-19.681660952878598,-19.198203832028657,-18.722810892945727,-18.255482135629805,-17.796217560080837,-17.345017166298884,-16.901880954283936,-16.466808924035973,-16.03980107555502,-15.620857408841049,-15.209977923894089,-14.80716262071408,-14.412411499301088,-14.025724559655101,-14.0,-14.0,-14.0,-14.0,-14.0,-14.0,-14.0,-14.0,-14.0,-14.0,-14.0,-14.0,-14.0,-14.0,-14.0,-14.0,-14.0,-70.0,-70.0,-70.0,-70.0,-70.0,-70.0,-70.0,-70.0,-70.0,-70.0,-70.0,False,False,False,False,False,True,False
2050,0.0973380969084498,-21.89150853621403,-21.379981417227846,-20.876329862760343,-20.380553872811525,-19.892653447381388,-19.41262858646993,-18.940479290077146,-18.476205558203063,-18.019807390847674,-17.571284788010928,-17.13063774969288,-16.697866275893528,-16.27297036661285,-15.855950021850866,-15.446805241607551,-15.045536025882937,-14.652142374676963,-14.266624287989691,-14.0,-14.0,-14.0,-14.0,-14.0,-14.0,-14.0,-14.0,-14.0,-14.0,-14.0,-14.0,-14.0,-14.0,-14.0,-14.0,-14.0,-14.0,-70.0,-70.0,-70.0,-70.0,-70.0,-70.0,-70.0,-70.0,-70.0,-70.0,-70.0,False,False,False,False,False,True,False
2100,0.0973380969084498,-21.57845784431459,-21.07860927403231,-20.586456463209732,-20.101999411846844,-19.62523811994366,-19.156172587500162,-18.694802814516358,-18.241128800992264,-17.795150546927882,-17.356868052323158,-16.926281317178145,-16.503390341492842,-16.088195125267223,-15.680695668501317,-15.280891971195095,-14.888784033348584,-14.504371854961727,-14.127655436034589,-14.0,-14.0,-14.0,-14.0,-14.0,-14.0,-14.0,-14.0,-14.0,-14.0,-14.0,-14.0,-14.0,-14.0,-14.0,-14.0,-14.0,-14.0,-70.0,-70.0,-70.0,-70.0,-70.0,-70.0,-70.0,-70.0,-70.0,-70.0,-70.0,False,False,False,False,False,True,False
2150,0.0973380969084498,-21.279693963224304,-20.790991168192974,-20.309812530239295,-19.836158049363263,-19.370027725564885,-18.91142155884415,-18.460339549201063,-18.016781696635636,-17.58074800114787,-17.15223846273772,-16.731253081405235,-16.31779185715041,-15.911854789973226,-15.513441879873707,-15.122553126851823,-14.739188530907605,-14.363348092040995,-14.0,-14.0,-14.0,-14.0,-14.0,-14.0,-14.0,-14.0,-14.0,-14.0,-14.0,-14.0,-14.0,-14.0,-14.0,-14.0,-14.0,-14.0,-14.0,-70.0,-70.0,-70.0,-70.0,-70.0,-70.0,-70.0,-70.0,-70.0,-70.0,-70.0,False,False,False,False,False,True,False
2200,0.0973380969084498,-20.994250023724945,-20.516196234230936,-20.045502647789355,-19.582169264400196,-19.12619608406347,-18.67758310677916,-18.236330332547272,-17.802437761367823,-17.375905393240814,-16.956733228166193,-16.544921266144012,-16.14046950717427,-15.743377951256944,-15.353646598392057,-14.971275448579584,-14.596264501819553,-14.228613758111905,-14.0,-14.0,-14.0,-14.0,-14.0,-14.0,-14.0,-14.0,-14.0,-14.0,-14.0,-14.0,-14.0,-14.0,-14.0,-14.0,-14.0,-14.0,-14.0,-70.0,-70.0,-70.0,-70.0,-70.0,-70.0,-70.0,-70.0,-70.0,-70.0,-70.0,False,False,False,False,False,True,False
2250,0.0973380969084498,-20.721244833953907,-20.253376096810214,-19.792710751801334,-19.33924879892727,-18.89299023818802,-18.453935069583583,-18.022083293113955,-17.597434908779153,-17.17998991657918,-16.76974831651399,-16.366710108583625,-15.970875292788087,-15.582243869127355,-15.200815837601452,-14.82659119821035,-14.45956995095408,-14.099752095832585,-14.0,-14.0,-14.0,-14.0,-14.0,-14.0,-14.0,-14.0,-14.0,-14.0,-14.0,-14.0,-14.0,-14.0,-14.0,-14.0,-14.0,-14.0,-14.0,-70.0,-70.0,-70.0,-70.0,-70.0,-70.0,-70.0,-70.0,-70.0,-70.0,-70.0,False,False,False,False,False,True,False
2300,0.0973380969084498,-20.459873576622005,-20.001755913729497,-19.550691513659906,-19.106680376413223,-18.66972250198946,-18.23981789038861,-17.816966541610668,-17.40116845565565,-16.992423632523565,-16.590732072214355,-16.196093774728077,-15.808508740064724,-15.427976968224275,-15.054498459206757,-14.688073213012139,-14.328701229640451,-14.0,-14.0,-14.0,-14.0,-14.0,-14.0,-14.0,-14.0,-14.0,-14.0,-14.0,-14.0,-14.0,-14.0,-14.0,-14.0,-14.0,-14.0,-14.0,-14.0,-70.0,-70.0,-70.0,-70.0,-70.0,-70.0,-70.0,-70.0,-70.0,-70.0,-70.0,False,False,False,False,False,True,False
2350,0.0973380969084498,-20.209399693688997,-19.76062656227002,-19.318762823568573,-18.88380847758465,-18.45576352431826,-18.034627963769392,-17.62040179593805,-17.213085020824245,-16.81267763842798,-16.419179648749214,-16.032591051787985,-15.6529118475443,-15.28014203601813,-14.914281617209504,-14.555330591118391,-14.203288957744823,-14.0,-14.0,-14.0,-14.0,-14.0,-14.0,-14.0,-14.0,-14.0,-14.0,-14.0,-14.0,-14.0,-14.0,-14.0,-14.0,-14.0,-14.0,-14.0,-14.0,-70.0,-70.0,-70.0,-70.0,-70.0,-70.0,-70.0,-70.0,-70.0,-70.0,-70.0,False,False,False,False,False,True,False
2400,0.0973380969084498,-19.969147785268504,-19.529337802099896,-19.096299213388868,-18.670032019135423,-18.25053621933956,-17.837811814001267,-17.43185880312055,-17.03267718669743,-16.640266964731904,-16.25462813722392,-15.87576070417353,-15.503664665580732,-15.138340021445506,-14.779786771767872,-14.428004916547806,-14.082994455785336,-14.0,-14.0,-14.0,-14.0,-14.0,-14.0,-14.0,-14.0,-14.0,-14.0,-14.0,-14.0,-14.0,-14.0,-14.0,-14.0,-14.0,-14.0,-14.0,-14.0,-70.0,-70.0,-70.0,-70.0,-70.0,-70.0,-70.0,-70.0,-70.0,-70.0,-70.0,False,False,False,False,False,True,False
2450,0.0973380969084498,-19.738497377830722,-19.30729227518272,-18.88272608468745,-18.464798806344916,-18.05351044015511,-17.648860986118038,-17.25085044423369,-16.859478814502086,-16.474746096923226,-16.096652291497065,-15.725197398223651,-15.360381417102978,-15.002204348135031,-14.650666191319825,-14.305766946657341,-14.0,-14.0,-14.0,-14.0,-14.0,-14.0,-14.0,-14.0,-14.0,-14.0,-14.0,-14.0,-14.0,-14.0,-14.0,-14.0,-14.0,-14.0,-14.0,-14.0,-14.0,-70.0,-70.0,-70.0,-70.0,-70.0,-70.0,-70.0,-70.0,-70.0,-70.0,-70.0,False,False,False,False,False,True,False
2500,0.0973380969084498,-19.516877439971918,-19.093940225478267,-18.677514629228238,-18.267600651221827,-17.864198291459036,-17.46730754993986,-17.0769284266643,-16.69306092163237,-16.315705034844072,-15.944860766299362,-15.580528115998282,-15.222707083940834,-14.871397670126997,-14.526599874556792,-14.188313697230194,-14.0,-14.0,-14.0,-14.0,-14.0,-14.0,-14.0,-14.0,-14.0,-14.0,-14.0,-14.0,-14.0,-14.0,-14.0,-14.0,-14.0,-14.0,-14.0,-14.0,-14.0,-70.0,-70.0,-70.0,-70.0,-70.0,-70.0,-70.0,-70.0,-70.0,-70.0,-70.0,False,False,False,False,False,True,False
2550,0.0973380969084498,-19.30376154312361,-18.888774839618375,-18.480177346844194,-18.077969064801064,-17.682149993488988,-17.29272013290796,-16.909679483057978,-16.533028043939062,-16.16276581555121,-15.79889279789438,-15.441408990968613,-15.090314394773909,-14.745609009310249,-14.407292834577653,-14.075365870576098,-14.0,-14.0,-14.0,-14.0,-14.0,-14.0,-14.0,-14.0,-14.0,-14.0,-14.0,-14.0,-14.0,-14.0,-14.0,-14.0,-14.0,-14.0,-14.0,-14.0,-14.0,-70.0,-70.0,-70.0,-70.0,-70.0,-70.0,-70.0,-70.0,-70.0,-70.0,-70.0,False,False,False,False,False,True,False
2600,0.0973380969084498,-19.098663580369998,-18.691328124950765,-18.290264080256065,-17.8954714462859,-17.506950223040274,-17.124700410519182,-16.74872200872262,-16.379015017650605,-16.01557943730314,-15.658415267680178,-15.307522508781764,-14.962901160607899,-14.62455122315856,-14.29247269643377,-14.0,-14.0,-14.0,-14.0,-14.0,-14.0,-14.0,-14.0,-14.0,-14.0,-14.0,-14.0,-14.0,-14.0,-14.0,-14.0,-14.0,-14.0,-14.0,-14.0,-14.0,-14.0,-70.0,-70.0,-70.0,-70.0,-70.0,-70.0,-70.0,-70.0,-70.0,-70.0,-70.0,False,False,False,False,False,True,False
2650,0.0973380969084498,-18.901133969654307,-18.501167253969037,-18.107358498551733,-17.719707703402396,-17.338214868521028,-16.962879993907627,-16.593703079562186,-16.230684125484725,-15.873823131675243,-15.523120098133697,-15.178575024860132,-14.840187911854544,-14.507958759116915,-14.181887566647266,-14.0,-14.0,-14.0,-14.0,-14.0,-14.0,-14.0,-14.0,-14.0,-14.0,-14.0,-14.0,-14.0,-14.0,-14.0,-14.0,-14.0,-14.0,-14.0,-14.0,-14.0,-14.0,-70.0,-70.0,-70.0,-70.0,-70.0,-70.0,-70.0,-70.0,-70.0,-70.0,-70.0,False,False,False,False,False,True,False
2700,0.0973380969084498,-18.710756278580018,-18.317891314667087,-17.93107497116075,-17.55030724806101,-17.17558814536786,-16.806917663081304,-16.44429580120134,-16.087722559727975,-15.73719793866122,-15.392721938001028,-15.054294557747442,-14.72191579790046,-14.395585658460062,-14.07530413942627,-14.0,-14.0,-14.0,-14.0,-14.0,-14.0,-14.0,-14.0,-14.0,-14.0,-14.0,-14.0,-14.0,-14.0,-14.0,-14.0,-14.0,-14.0,-14.0,-14.0,-14.0,-14.0,-70.0,-70.0,-70.0,-70.0,-70.0,-70.0,-70.0,-70.0,-70.0,-70.0,-70.0,False,False,False,False,False,True,False
2750,0.0973380969084498,-18.52714421714997,-18.1411284151539,-17.761055782622385,-17.386926319555425,-17.018740025953022,-16.65649690181517,-16.300196947141874,-15.94984016193314,-15.605426546188976,-15.266956099909338,-14.934428823094267,-14.607844715743761,-14.287203777857805,-14.0,-14.0,-14.0,-14.0,-14.0,-14.0,-14.0,-14.0,-14.0,-14.0,-14.0,-14.0,-14.0,-14.0,-14.0,-14.0,-14.0,-14.0,-14.0,-14.0,-14.0,-14.0,-14.0,-70.0,-70.0,-70.0,-70.0,-70.0,-70.0,-70.0,-70.0,-70.0,-70.0,-70.0,False,False,False,False,False,True,False
2800,0.0973380969084498,-18.34993895245385,-17.970533098247728,-17.59696864554831,-17.229245594355596,-16.867363944669588,-16.51132369649028,-16.16112484981767,-15.816767404651781,-15.478251360992603,-15.145576718840102,-14.818743478194317,-14.497751639055247,-14.182601201422871,-14.0,-14.0,-14.0,-14.0,-14.0,-14.0,-14.0,-14.0,-14.0,-14.0,-14.0,-14.0,-14.0,-14.0,-14.0,-14.0,-14.0,-14.0,-14.0,-14.0,-14.0,-14.0,-14.0,-70.0,-70.0,-70.0,-70.0,-70.0,-70.0,-70.0,-70.0,-70.0,-70.0,-70.0,False,False,False,False,False,True,False
2850,0.0973380969084498,-18.1788067057711,-17.80578402798546,-17.438504475161906,-17.076968047300433,-16.721174744401047,-16.37112456646374,-16.026817513488517,-15.688253585475383,-15.355432782424346,-15.028355104335366,-14.707020551208478,-14.391429123043686,-14.081580819840969,-14.0,-14.0,-14.0,-14.0,-14.0,-14.0,-14.0,-14.0,-14.0,-14.0,-14.0,-14.0,-14.0,-14.0,-14.0,-14.0,-14.0,-14.0,-14.0,-14.0,-14.0,-14.0,-14.0,-70.0,-70.0,-70.0,-70.0,-70.0,-70.0,-70.0,-70.0,-70.0,-70.0,-70.0,False,False,False,False,False,True,False
2900,0.0973380969084498,-18.01343659801044,-17.646581915234567,-17.28537539384828,-16.92981703385157,-16.579906835244447,-16.235644798026904,-15.897030922198937,-15.564065207760562,-15.236747654711781,-14.915078263052555,-14.599057032782921,-14.288683963902882,-14.0,-14.0,-14.0,-14.0,-14.0,-14.0,-14.0,-14.0,-14.0,-14.0,-14.0,-14.0,-14.0,-14.0,-14.0,-14.0,-14.0,-14.0,-14.0,-14.0,-14.0,-14.0,-14.0,-14.0,-70.0,-70.0,-70.0,-70.0,-70.0,-70.0,-70.0,-70.0,-70.0,-70.0,-70.0,False,False,False,False,False,True,False
2950,0.0973380969084498,-17.853538714028954,-17.492647654045232,-17.13731293843041,-16.787534567184483,-16.443312540307456,-16.104646857799324,-15.771537519660086,-15.443984525889755,-15.121987876488333,-14.805547571455781,-14.494663610792138,-14.189335994497402,-14.0,-14.0,-14.0,-14.0,-14.0,-14.0,-14.0,-14.0,-14.0,-14.0,-14.0,-14.0,-14.0,-14.0,-14.0,-14.0,-14.0,-14.0,-14.0,-14.0,-14.0,-14.0,-14.0,-14.0,-70.0,-70.0,-70.0,-70.0,-70.0,-70.0,-70.0,-70.0,-70.0,-70.0,-70.0,False,False,False,False,False,True,False
3000,0.0973380969084498,-17.698842360301978,-17.343720644162648,-16.99406644652553,-16.649879767390626,-16.311160606757934,-15.977908964627451,-15.650124840999178,-15.327808235873126,-15.010959149249299,-14.699577581127656,-14.393663531508237,-14.09321700039104,-14.0,-14.0,-14.0,-14.0,-14.0,-14.0,-14.0,-14.0,-14.0,-14.0,-14.0,-14.0,-14.0,-14.0,-14.0,-14.0,-14.0,-14.0,-14.0,-14.0,-14.0,-14.0,-14.0,-14.0,-70.0,-70.0,-70.0,-70.0,-70.0,-70.0,-70.0,-70.0,-70.0,-70.0,-70.0,False,False,False,False,False,True,False
3050,0.0973380969084498,-17.549094493763526,-17.19955727834358,-16.855401601437517,-16.51662746304534,-16.183234863167048,-15.855223801802637,-15.532594278952105,-15.215346294615468,-14.903479848792726,-14.59699494148384,-14.29589157268885,-14.000169742407753,-14.0,-14.0,-14.0,-14.0,-14.0,-14.0,-14.0,-14.0,-14.0,-14.0,-14.0,-14.0,-14.0,-14.0,-14.0,-14.0,-14.0,-14.0,-14.0,-14.0,-14.0,-14.0,-14.0,-14.0,-70.0,-70.0,-70.0,-70.0,-70.0,-70.0,-70.0,-70.0,-70.0,-70.0,-70.0,False,False,False,False,False,True,False
3100,0.0973380969084498,-17.404058302499188,-17.059929575877202,-16.721099117692315,-16.387566927944526,-16.059333006633832,-15.736397353760232,-15.418759969323723,-15.106420853324321,-14.799380005762027,-14.497637426636803,-14.201193115948685,-14.0,-14.0,-14.0,-14.0,-14.0,-14.0,-14.0,-14.0,-14.0,-14.0,-14.0,-14.0,-14.0,-14.0,-14.0,-14.0,-14.0,-14.0,-14.0,-14.0,-14.0,-14.0,-14.0,-14.0,-14.0,-70.0,-70.0,-70.0,-70.0,-70.0,-70.0,-70.0,-70.0,-70.0,-70.0,-70.0,False,False,False,False,False,True,False
3150,0.0973380969084498,-17.263511921426694,-16.924623946072312,-16.590953551595753,-16.262500737997016,-15.939265505276099,-15.621247853433,-15.308447782467717,-15.000865292380265,-14.698500383170643,-14.401353054838816,-14.10942330738482,-14.0,-14.0,-14.0,-14.0,-14.0,-14.0,-14.0,-14.0,-14.0,-14.0,-14.0,-14.0,-14.0,-14.0,-14.0,-14.0,-14.0,-14.0,-14.0,-14.0,-14.0,-14.0,-14.0,-14.0,-14.0,-70.0,-70.0,-70.0,-70.0,-70.0,-70.0,-70.0,-70.0,-70.0,-70.0,-70.0,False,False,False,False,False,True,False
3200,0.0973380969084498,-17.127247268207416,-16.793440067502814,-16.464772223145847,-16.141243735136516,-15.822854603474825,-15.509604828160766,-15.20149440919434,-14.898523346575558,-14.600691640304424,-14.3079992903809,-14.020446296805025,-14.0,-14.0,-14.0,-14.0,-14.0,-14.0,-14.0,-14.0,-14.0,-14.0,-14.0,-14.0,-14.0,-14.0,-14.0,-14.0,-14.0,-14.0,-14.0,-14.0,-14.0,-14.0,-14.0,-14.0,-14.0,-70.0,-70.0,-70.0,-70.0,-70.0,-70.0,-70.0,-70.0,-70.0,-70.0,-70.0,False,False,False,False,False,True,False
3250,0.0973380969084498,-16.995068986448292,-16.666189870552067,-16.342374237313848,-16.023622086733642,-15.709933418811445,-15.401308233547255,-15.097746530941068,-14.799248310992901,-14.505813573702753,-14.217442319070589,-14.0,-14.0,-14.0,-14.0,-14.0,-14.0,-14.0,-14.0,-14.0,-14.0,-14.0,-14.0,-14.0,-14.0,-14.0,-14.0,-14.0,-14.0,-14.0,-14.0,-14.0,-14.0,-14.0,-14.0,-14.0,-14.0,-70.0,-70.0,-70.0,-70.0,-70.0,-70.0,-70.0,-70.0,-70.0,-70.0,-70.0,False,False,False,False,False,True,False
3300,0.0973380969084498,-16.86679348482206,-16.542696612306862,-16.22358959416118,-15.909472430385003,-15.600345120978341,-15.296207665941187,-14.997060065273539,-14.702902318975411,-14.413734427046805,-14.129556389487686,-14.0,-14.0,-14.0,-14.0,-14.0,-14.0,-14.0,-14.0,-14.0,-14.0,-14.0,-14.0,-14.0,-14.0,-14.0,-14.0,-14.0,-14.0,-14.0,-14.0,-14.0,-14.0,-14.0,-14.0,-14.0,-14.0,-70.0,-70.0,-70.0,-70.0,-70.0,-70.0,-70.0,-70.0,-70.0,-70.0,-70.0,False,False,False,False,False,True,False
3350,0.0973380969084498,-16.742248062091452,-16.422794034159026,-16.10825837851685,-15.79864109516493,-15.493942184103265,-15.19416164533185,-14.899299478850683,-14.60935568465978,-14.324330262759139,-14.044223213148726,-14.0,-14.0,-14.0,-14.0,-14.0,-14.0,-14.0,-14.0,-14.0,-14.0,-14.0,-14.0,-14.0,-14.0,-14.0,-14.0,-14.0,-14.0,-14.0,-14.0,-14.0,-14.0,-14.0,-14.0,-14.0,-14.0,-70.0,-70.0,-70.0,-70.0,-70.0,-70.0,-70.0,-70.0,-70.0,-70.0,-70.0,False,False,False,False,False,True,False
3400,0.0973380969084498,-16.62127010920087,-16.30632559360679,-15.996230021031177,-15.690983391474035,-15.390585704935365,-15.095036961415161,-14.804337160913425,-14.518486303430167,-14.23748438896539,-14.0,-14.0,-14.0,-14.0,-14.0,-14.0,-14.0,-14.0,-14.0,-14.0,-14.0,-14.0,-14.0,-14.0,-14.0,-14.0,-14.0,-14.0,-14.0,-14.0,-14.0,-14.0,-14.0,-14.0,-14.0,-14.0,-14.0,-70.0,-70.0,-70.0,-70.0,-70.0,-70.0,-70.0,-70.0,-70.0,-70.0,-70.0,False,False,False,False,False,True,False
3450,0.0973380969084498,-16.50370638062356,-16.19314376273451,-15.887362623370244,-15.586362962530758,-15.290144780216057,-14.998708076426134,-14.712052851160989,-14.430179104420636,-14.153086836205073,-14.0,-14.0,-14.0,-14.0,-14.0,-14.0,-14.0,-14.0,-14.0,-14.0,-14.0,-14.0,-14.0,-14.0,-14.0,-14.0,-14.0,-14.0,-14.0,-14.0,-14.0,-14.0,-14.0,-14.0,-14.0,-14.0,-14.0,-70.0,-70.0,-70.0,-70.0,-70.0,-70.0,-70.0,-70.0,-70.0,-70.0,-70.0,False,False,False,False,False,True,False
3500,0.0973380969084498,-16.38941232804465,-16.083109386708447,-15.781522341142418,-15.484651191346561,-15.192495937320878,-14.905056579065365,-14.622333116580018,-14.344325549864854,-14.071033878919872,-14.0,-14.0,-14.0,-14.0,-14.0,-14.0,-14.0,-14.0,-14.0,-14.0,-14.0,-14.0,-14.0,-14.0,-14.0,-14.0,-14.0,-14.0,-14.0,-14.0,-14.0,-14.0,-14.0,-14.0,-14.0,-14.0,-14.0,-70.0,-70.0,-70.0,-70.0,-70.0,-70.0,-70.0,-70.0,-70.0,-70.0,-70.0,False,False,False,False,False,True,False
3550,0.0973380969084498,-16.27825149024014,-15.97609109637703,-15.678582818870089,-15.385726657719315,-15.097522612924713,-14.813970684486275,-14.535070872404003,-14.260823176677906,-14.0,-14.0,-14.0,-14.0,-14.0,-14.0,-14.0,-14.0,-14.0,-14.0,-14.0,-14.0,-14.0,-14.0,-14.0,-14.0,-14.0,-14.0,-14.0,-14.0,-14.0,-14.0,-14.0,-14.0,-14.0,-14.0,-14.0,-14.0,-70.0,-70.0,-70.0,-70.0,-70.0,-70.0,-70.0,-70.0,-70.0,-70.0,-70.0,False,False,False,False,False,True,False
3600,0.0973380969084498,-16.17009493369365,-15.871964769720519,-15.57842467195148,-15.289474640386533,-15.00511467502568,-14.72534477586892,-14.450164942916249,-14.17957517616768,-14.0,-14.0,-14.0,-14.0,-14.0,-14.0,-14.0,-14.0,-14.0,-14.0,-14.0,-14.0,-14.0,-14.0,-14.0,-14.0,-14.0,-14.0,-14.0,-14.0,-14.0,-14.0,-14.0,-14.0,-14.0,-14.0,-14.0,-14.0,-70.0,-70.0,-70.0,-70.0,-70.0,-70.0,-70.0,-70.0,-70.0,-70.0,-70.0,False,False,False,False,False,True,False
3650,0.0973380969084498,-16.06482073909089,-15.770613037470765,-15.480935011111251,-15.195786660012345,-14.91516798417405,-14.63907898359636,-14.367519658279276,-14.100490008222812,-14.0,-14.0,-14.0,-14.0,-14.0,-14.0,-14.0,-14.0,-14.0,-14.0,-14.0,-14.0,-14.0,-14.0,-14.0,-14.0,-14.0,-14.0,-14.0,-14.0,-14.0,-14.0,-14.0,-14.0,-14.0,-14.0,-14.0,-14.0,-70.0,-70.0,-70.0,-70.0,-70.0,-70.0,-70.0,-70.0,-70.0,-70.0,-70.0,False,False,False,False,False,True,False
3700,0.0973380969084498,-15.962313529356825,-15.671924828727365,-15.386007005324975,-15.104560059149653,-14.827583990201402,-14.555078798480217,-14.287044483986097,-14.023481046719056,-14.0,-14.0,-14.0,-14.0,-14.0,-14.0,-14.0,-14.0,-14.0,-14.0,-14.0,-14.0,-14.0,-14.0,-14.0,-14.0,-14.0,-14.0,-14.0,-14.0,-14.0,-14.0,-14.0,-14.0,-14.0,-14.0,-14.0,-14.0,-70.0,-70.0,-70.0,-70.0,-70.0,-70.0,-70.0,-70.0,-70.0,-70.0,-70.0,False,False,False,False,False,True,False
3750,0.0973380969084498,-15.86246403536285,-15.57579495284154,-15.293539479630686,-15.015697615730287,-14.742269361140345,-14.473254715860856,-14.20865367989182,-14.0,-14.0,-14.0,-14.0,-14.0,-14.0,-14.0,-14.0,-14.0,-14.0,-14.0,-14.0,-14.0,-14.0,-14.0,-14.0,-14.0,-14.0,-14.0,-14.0,-14.0,-14.0,-14.0,-14.0,-14.0,-14.0,-14.0,-14.0,-14.0,-70.0,-70.0,-70.0,-70.0,-70.0,-70.0,-70.0,-70.0,-70.0,-70.0,-70.0,False,False,False,False,False,True,False
3800,0.0973380969084498,-15.765168695838602,-15.482123714231367,-15.203436544618059,-14.929107186998678,-14.659135641373226,-14.393521907741697,-14.132265986104093,-14.0,-14.0,-14.0,-14.0,-14.0,-14.0,-14.0,-14.0,-14.0,-14.0,-14.0,-14.0,-14.0,-14.0,-14.0,-14.0,-14.0,-14.0,-14.0,-14.0,-14.0,-14.0,-14.0,-14.0,-14.0,-14.0,-14.0,-14.0,-14.0,-70.0,-70.0,-70.0,-70.0,-70.0,-70.0,-70.0,-70.0,-70.0,-70.0,-70.0,False,False,False,False,False,True,False
3850,0.0973380969084498,-15.67032928838293,-15.390816557138399,-15.115607254719054,-14.844701381124892,-14.578098936355918,-14.315799920412129,-14.05780433329352,-14.0,-14.0,-14.0,-14.0,-14.0,-14.0,-14.0,-14.0,-14.0,-14.0,-14.0,-14.0,-14.0,-14.0,-14.0,-14.0,-14.0,-14.0,-14.0,-14.0,-14.0,-14.0,-14.0,-14.0,-14.0,-14.0,-14.0,-14.0,-14.0,-70.0,-70.0,-70.0,-70.0,-70.0,-70.0,-70.0,-70.0,-70.0,-70.0,-70.0,False,False,False,False,False,True,False
3900,0.0973380969084498,-15.57785258878687,-15.301783737642232,-15.029965292718671,-14.762397254016186,-14.499079621534777,-14.240012395274443,-14.0,-14.0,-14.0,-14.0,-14.0,-14.0,-14.0,-14.0,-14.0,-14.0,-14.0,-14.0,-14.0,-14.0,-14.0,-14.0,-14.0,-14.0,-14.0,-14.0,-14.0,-14.0,-14.0,-14.0,-14.0,-14.0,-14.0,-14.0,-14.0,-14.0,-70.0,-70.0,-70.0,-70.0,-70.0,-70.0,-70.0,-70.0,-70.0,-70.0,-70.0,False,False,False,False,False,True,False
3950,0.0973380969084498,-15.487650056163488,-15.214940020521128,-14.946428678165745,-14.682116029097338,-14.422002073315907,-14.16608681082145,-14.0,-14.0,-14.0,-14.0,-14.0,-14.0,-14.0,-14.0,-14.0,-14.0,-14.0,-14.0,-14.0,-14.0,-14.0,-14.0,-14.0,-14.0,-14.0,-14.0,-14.0,-14.0,-14.0,-14.0,-14.0,-14.0,-14.0,-14.0,-14.0,-14.0,-70.0,-70.0,-70.0,-70.0,-70.0,-70.0,-70.0,-70.0,-70.0,-70.0,-70.0,False,False,False,False,False,True,False
4000,0.0973380969084498,-15.399637541629838,-15.130204398787809,-14.864919497595467,-14.603782838052815,-14.346794420159853,-14.093954243916578,-14.0,-14.0,-14.0,-14.0,-14.0,-14.0,-14.0,-14.0,-14.0,-14.0,-14.0,-14.0,-14.0,-14.0,-14.0,-14.0,-14.0,-14.0,-14.0,-14.0,-14.0,-14.0,-14.0,-14.0,-14.0,-14.0,-14.0,-14.0,-14.0,-14.0,-70.0,-70.0,-70.0,-70.0,-70.0,-70.0,-70.0,-70.0,-70.0,-70.0,-70.0,False,False,False,False,False,True,False
4050,0.0973380969084498,-15.313735018508734,-15.047499833943794,-14.785363654681525,-14.527326480721928,-14.273388312065004,-14.023549148710746,-14.0,-14.0,-14.0,-14.0,-14.0,-14.0,-14.0,-14.0,-14.0,-14.0,-14.0,-14.0,-14.0,-14.0,-14.0,-14.0,-14.0,-14.0,-14.0,-14.0,-14.0,-14.0,-14.0,-14.0,-14.0,-14.0,-14.0,-14.0,-14.0,-14.0,-70.0,-70.0,-70.0,-70.0,-70.0,-70.0,-70.0,-70.0,-70.0,-70.0,-70.0,False,False,False,False,False,True,False
4100,0.0973380969084498,-15.229866332216249,-14.966753015186436,-14.707690638619173,-14.452679202514462,-14.201718706872299,-14.0,-14.0,-14.0,-14.0,-14.0,-14.0,-14.0,-14.0,-14.0,-14.0,-14.0,-14.0,-14.0,-14.0,-14.0,-14.0,-14.0,-14.0,-14.0,-14.0,-14.0,-14.0,-14.0,-14.0,-14.0,-14.0,-14.0,-14.0,-14.0,-14.0,-14.0,-70.0,-70.0,-70.0,-70.0,-70.0,-70.0,-70.0,-70.0,-70.0,-70.0,-70.0,False,False,False,False,False,True,False
4150,0.0973380969084498,-15.147958968177365,-14.887894135972765,-14.631833309204136,-14.37977648787148,-14.131723671974795,-14.0,-14.0,-14.0,-14.0,-14.0,-14.0,-14.0,-14.0,-14.0,-14.0,-14.0,-14.0,-14.0,-14.0,-14.0,-14.0,-14.0,-14.0,-14.0,-14.0,-14.0,-14.0,-14.0,-14.0,-14.0,-14.0,-14.0,-14.0,-14.0,-14.0,-14.0,-70.0,-70.0,-70.0,-70.0,-70.0,-70.0,-70.0,-70.0,-70.0,-70.0,-70.0,False,False,False,False,False,True,False
4200,0.0973380969084498,-15.067943836270022,-14.810856686496225,-14.55772769721836,-14.30855686843642,-14.063344200150414,-14.0,-14.0,-14.0,-14.0,-14.0,-14.0,-14.0,-14.0,-14.0,-14.0,-14.0,-14.0,-14.0,-14.0,-14.0,-14.0,-14.0,-14.0,-14.0,-14.0,-14.0,-14.0,-14.0,-14.0,-14.0,-14.0,-14.0,-14.0,-14.0,-14.0,-14.0,-70.0,-70.0,-70.0,-70.0,-70.0,-70.0,-70.0,-70.0,-70.0,-70.0,-70.0,False,False,False,False,False,True,False
4250,0.0973380969084498,-14.989755070438767,-14.73557726076808,-14.485312818864184,-14.238961744727074,-14.0,-14.0,-14.0,-14.0,-14.0,-14.0,-14.0,-14.0,-14.0,-14.0,-14.0,-14.0,-14.0,-14.0,-14.0,-14.0,-14.0,-14.0,-14.0,-14.0,-14.0,-14.0,-14.0,-14.0,-14.0,-14.0,-14.0,-14.0,-14.0,-14.0,-14.0,-14.0,-70.0,-70.0,-70.0,-70.0,-70.0,-70.0,-70.0,-70.0,-70.0,-70.0,-70.0,False,False,False,False,False,True,False
4300,0.0973380969084498,-14.913329842245496,-14.661995377116842,-14.414530503105494,-14.17093522021145,-14.0,-14.0,-14.0,-14.0,-14.0,-14.0,-14.0,-14.0,-14.0,-14.0,-14.0,-14.0,-14.0,-14.0,-14.0,-14.0,-14.0,-14.0,-14.0,-14.0,-14.0,-14.0,-14.0,-14.0,-14.0,-14.0,-14.0,-14.0,-14.0,-14.0,-14.0,-14.0,-70.0,-70.0,-70.0,-70.0,-70.0,-70.0,-70.0,-70.0,-70.0,-70.0,-70.0,False,False,False,False,False,True,False
4350,0.0973380969084498,-14.838608187238009,-14.590053311028136,-14.34532523087925,-14.10442394679135,-14.0,-14.0,-14.0,-14.0,-14.0,-14.0,-14.0,-14.0,-14.0,-14.0,-14.0,-14.0,-14.0,-14.0,-14.0,-14.0,-14.0,-14.0,-14.0,-14.0,-14.0,-14.0,-14.0,-14.0,-14.0,-14.0,-14.0,-14.0,-14.0,-14.0,-14.0,-14.0,-70.0,-70.0,-70.0,-70.0,-70.0,-70.0,-70.0,-70.0,-70.0,-70.0,-70.0,False,False,False,False,False,True,False
4400,0.0973380969084498,-14.765532843118718,-14.519695939345196,-14.277643985234906,-14.039376980787852,-14.0,-14.0,-14.0,-14.0,-14.0,-14.0,-14.0,-14.0,-14.0,-14.0,-14.0,-14.0,-14.0,-14.0,-14.0,-14.0,-14.0,-14.0,-14.0,-14.0,-14.0,-14.0,-14.0,-14.0,-14.0,-14.0,-14.0,-14.0,-14.0,-14.0,-14.0,-14.0,-70.0,-70.0,-70.0,-70.0,-70.0,-70.0,-70.0,-70.0,-70.0,-70.0,-70.0,False,False,False,False,False,True,False
4450,0.0973380969084498,-14.694049098787232,-14.45087059493822,-14.211436111543911,-14.0,-14.0,-14.0,-14.0,-14.0,-14.0,-14.0,-14.0,-14.0,-14.0,-14.0,-14.0,-14.0,-14.0,-14.0,-14.0,-14.0,-14.0,-14.0,-14.0,-14.0,-14.0,-14.0,-14.0,-14.0,-14.0,-14.0,-14.0,-14.0,-14.0,-14.0,-14.0,-14.0,-70.0,-70.0,-70.0,-70.0,-70.0,-70.0,-70.0,-70.0,-70.0,-70.0,-70.0,False,False,False,False,False,True,False
4500,0.0973380969084498,-14.624104653412774,-14.383526931029955,-14.146653186997568,-14.0,-14.0,-14.0,-14.0,-14.0,-14.0,-14.0,-14.0,-14.0,-14.0,-14.0,-14.0,-14.0,-14.0,-14.0,-14.0,-14.0,-14.0,-14.0,-14.0,-14.0,-14.0,-14.0,-14.0,-14.0,-14.0,-14.0,-14.0,-14.0,-14.0,-14.0,-14.0,-14.0,-70.0,-70.0,-70.0,-70.0,-70.0,-70.0,-70.0,-70.0,-70.0,-70.0,-70.0,False,False,False,False,False,True,False
4550,0.0973380969084498,-14.555649484766489,-14.317616794436232,-14.083248898680244,-14.0,-14.0,-14.0,-14.0,-14.0,-14.0,-14.0,-14.0,-14.0,-14.0,-14.0,-14.0,-14.0,-14.0,-14.0,-14.0,-14.0,-14.0,-14.0,-14.0,-14.0,-14.0,-14.0,-14.0,-14.0,-14.0,-14.0,-14.0,-14.0,-14.0,-14.0,-14.0,-14.0,-70.0,-70.0,-70.0,-70.0,-70.0,-70.0,-70.0,-70.0,-70.0,-70.0,-70.0,False,False,False,False,False,True,False
4600,0.0973380969084498,-14.488635726110592,-14.253094107044577,-14.021178929566771,-14.0,-14.0,-14.0,-14.0,-14.0,-14.0,-14.0,-14.0,-14.0,-14.0,-14.0,-14.0,-14.0,-14.0,-14.0,-14.0,-14.0,-14.0,-14.0,-14.0,-14.0,-14.0,-14.0,-14.0,-14.0,-14.0,-14.0,-14.0,-14.0,-14.0,-14.0,-14.0,-14.0,-70.0,-70.0,-70.0,-70.0,-70.0,-70.0,-70.0,-70.0,-70.0,-70.0,-70.0,False,False,False,False,False,True,False
4650,0.0973380969084498,-14.423017551001655,-14.189914754912131,-14.0,-14.0,-14.0,-14.0,-14.0,-14.0,-14.0,-14.0,-14.0,-14.0,-14.0,-14.0,-14.0,-14.0,-14.0,-14.0,-14.0,-14.0,-14.0,-14.0,-14.0,-14.0,-14.0,-14.0,-14.0,-14.0,-14.0,-14.0,-14.0,-14.0,-14.0,-14.0,-14.0,-14.0,-70.0,-70.0,-70.0,-70.0,-70.0,-70.0,-70.0,-70.0,-70.0,-70.0,-70.0,False,False,False,False,False,True,False
4700,0.0973380969084498,-14.358751065420014,-14.128036484416759,-14.0,-14.0,-14.0,-14.0,-14.0,-14.0,-14.0,-14.0,-14.0,-14.0,-14.0,-14.0,-14.0,-14.0,-14.0,-14.0,-14.0,-14.0,-14.0,-14.0,-14.0,-14.0,-14.0,-14.0,-14.0,-14.0,-14.0,-14.0,-14.0,-14.0,-14.0,-14.0,-14.0,-14.0,-70.0,-70.0,-70.0,-70.0,-70.0,-70.0,-70.0,-70.0,-70.0,-70.0,-70.0,False,False,False,False,False,True,False
4750,0.0973380969084498,-14.295794206686661,-14.067418804942744,-14.0,-14.0,-14.0,-14.0,-14.0,-14.0,-14.0,-14.0,-14.0,-14.0,-14.0,-14.0,-14.0,-14.0,-14.0,-14.0,-14.0,-14.0,-14.0,-14.0,-14.0,-14.0,-14.0,-14.0,-14.0,-14.0,-14.0,-14.0,-14.0,-14.0,-14.0,-14.0,-14.0,-14.0,-70.0,-70.0,-70.0,-70.0,-70.0,-70.0,-70.0,-70.0,-70.0,-70.0,-70.0,False,False,False,False,False,True,False
4800,0.0973380969084498,-14.234106648673869,-14.00802289762573,-14.0,-14.0,-14.0,-14.0,-14.0,-14.0,-14.0,-14.0,-14.0,-14.0,-14.0,-14.0,-14.0,-14.0,-14.0,-14.0,-14.0,-14.0,-14.0,-14.0,-14.0,-14.0,-14.0,-14.0,-14.0,-14.0,-14.0,-14.0,-14.0,-14.0,-14.0,-14.0,-14.0,-14.0,-70.0,-70.0,-70.0,-70.0,-70.0,-70.0,-70.0,-70.0,-70.0,-70.0,-70.0,False,False,False,False,False,True,False
4850,0.0973380969084498,-14.173649712856406,-14.0,-14.0,-14.0,-14.0,-14.0,-14.0,-14.0,-14.0,-14.0,-14.0,-14.0,-14.0,-14.0,-14.0,-14.0,-14.0,-14.0,-14.0,-14.0,-14.0,-14.0,-14.0,-14.0,-14.0,-14.0,-14.0,-14.0,-14.0,-14.0,-14.0,-14.0,-14.0,-14.0,-14.0,-14.0,-70.0,-70.0,-70.0,-70.0,-70.0,-70.0,-70.0,-70.0,-70.0,-70.0,-70.0,False,False,False,False,False,True,False
4900,0.0973380969084498,-14.114386284787152,-14.0,-14.0,-14.0,-14.0,-14.0,-14.0,-14.0,-14.0,-14.0,-14.0,-14.0,-14.0,-14.0,-14.0,-14.0,-14.0,-14.0,-14.0,-14.0,-14.0,-14.0,-14.0,-14.0,-14.0,-14.0,-14.0,-14.0,-14.0,-14.0,-14.0,-14.0,-14.0,-14.0,-14.0,-14.0,-70.0,-70.0,-70.0,-70.0,-70.0,-70.0,-70.0,-70.0,-70.0,-70.0,-70.0,False,False,False,False,False,True,False
4950,0.0973380969084498,-14.056280735614521,-14.0,-14.0,-14.0,-14.0,-14.0,-14.0,-14.0,-14.0,-14.0,-14.0,-14.0,-14.0,-14.0,-14.0,-14.0,-14.0,-14.0,-14.0,-14.0,-14.0,-14.0,-14.0,-14.0,-14.0,-14.0,-14.0,-14.0,-14.0,-14.0,-14.0,-14.0,-14.0,-14.0,-14.0,-14.0,-70.0,-70.0,-70.0,-70.0,-70.0,-70.0,-70.0,-70.0,-70.0,-70.0,-70.0,False,False,False,False,False,True,False
5000,0.0973380969084498,-14.0,-14.0,-14.0,-14.0,-14.0,-14.0,-14.0,-14.0,-14.0,-14.0,-14.0,-14.0,-14.0,-14.0,-14.0,-14.0,-14.0,-14.0,-14.0,-14.0,-14.0,-14.0,-14.0,-14.0,-14.0,-14.0,-14.0,-14.0,-14.0,-14.0,-14.0,-14.0,-14.0,-14.0,-14.0,-14.0,-70.0,-70.0,-70.0,-70.0,-70.0,-70.0,-70.0,-70.0,-70.0,-70.0,-70.0,False,False,False,False,False,True,False
5050,0.0973380969084498,-14.0,-14.0,-14.0,-14.0,-14.0,-14.0,-14.0,-14.0,-14.0,-14.0,-14.0,-14.0,-14.0,-14.0,-14.0,-14.0,-14.0,-14.0,-14.0,-14.0,-14.0,-14.0,-14.0,-14.0,-14.0,-14.0,-14.0,-14.0,-14.0,-14.0,-14.0,-14.0,-14.0,-14.0,-14.0,-14.0,-70.0,-70.0,-70.0,-70.0,-70.0,-70.0,-70.0,-70.0,-70.0,-70.0,-70.0,False,False,False,False,False,True,False
5100,0.0973380969084498,-14.0,-14.0,-14.0,-14.0,-14.0,-14.0,-14.0,-14.0,-14.0,-14.0,-14.0,-14.0,-14.0,-14.0,-14.0,-14.0,-14.0,-14.0,-14.0,-14.0,-14.0,-14.0,-14.0,-14.0,-14.0,-14.0,-14.0,-14.0,-14.0,-14.0,-14.0,-14.0,-14.0,-14.0,-14.0,-14.0,-70.0,-70.0,-70.0,-70.0,-70.0,-70.0,-70.0,-70.0,-70.0,-70.0,-70.0,False,False,False,False,False,True,False
5150,0.0973380969084498,-14.0,-14.0,-14.0,-14.0,-14.0,-14.0,-14.0,-14.0,-14.0,-14.0,-14.0,-14.0,-14.0,-14.0,-14.0,-14.0,-14.0,-14.0,-14.0,-14.0,-14.0,-14.0,-14.0,-14.0,-14.0,-14.0,-14.0,-14.0,-14.0,-14.0,-14.0,-14.0,-14.0,-14.0,-14.0,-14.0,-70.0,-70.0,-70.0,-70.0,-70.0,-70.0,-70.0,-70.0,-70.0,-70.0,-70.0,False,False,False,False,False,True,False
5200,0.0973380969084498,-14.0,-14.0,-14.0,-14.0,-14.0,-14.0,-14.0,-14.0,-14.0,-14.0,-14.0,-14.0,-14.0,-14.0,-14.0,-14.0,-14.0,-14.0,-14.0,-14.0,-14.0,-14.0,-14.0,-14.0,-14.0,-14.0,-14.0,-14.0,-14.0,-14.0,-14.0,-14.0,-14.0,-14.0,-14.0,-14.0,-70.0,-70.0,-70.0,-70.0,-70.0,-70.0,-70.0,-70.0,-70.0,-70.0,-70.0,False,False,False,False,False,True,False
5250,0.0973380969084498,-14.0,-14.0,-14.0,-14.0,-14.0,-14.0,-14.0,-14.0,-14.0,-14.0,-14.0,-14.0,-14.0,-14.0,-14.0,-14.0,-14.0,-14.0,-14.0,-14.0,-14.0,-14.0,-14.0,-14.0,-14.0,-14.0,-14.0,-14.0,-14.0,-14.0,-14.0,-14.0,-14.0,-14.0,-14.0,-14.0,-70.0,-70.0,-70.0,-70.0,-70.0,-70.0,-70.0,-70.0,-70.0,-70.0,-70.0,False,False,False,False,False,True,False
5300,0.0973380969084498,-14.0,-14.0,-14.0,-14.0,-14.0,-14.0,-14.0,-14.0,-14.0,-14.0,-14.0,-14.0,-14.0,-14.0,-14.0,-14.0,-14.0,-14.0,-14.0,-14.0,-14.0,-14.0,-14.0,-14.0,-14.0,-14.0,-14.0,-14.0,-14.0,-14.0,-14.0,-14.0,-14.0,-14.0,-14.0,-14.0,-70.0,-70.0,-70.0,-70.0,-70.0,-70.0,-70.0,-70.0,-70.0,-70.0,-70.0,False,False,False,False,False,True,False
5350,0.0973380969084498,-14.0,-14.0,-14.0,-14.0,-14.0,-14.0,-14.0,-14.0,-14.0,-14.0,-14.0,-14.0,-14.0,-14.0,-14.0,-14.0,-14.0,-14.0,-14.0,-14.0,-14.0,-14.0,-14.0,-14.0,-14.0,-14.0,-14.0,-14.0,-14.0,-14.0,-14.0,-14.0,-14.0,-14.0,-14.0,-14.0,-70.0,-70.0,-70.0,-70.0,-70.0,-70.0,-70.0,-70.0,-70.0,-70.0,-70.0,False,False,False,False,False,True,False
5400,0.0973380969084498,-14.0,-14.0,-14.0,-14.0,-14.0,-14.0,-14.0,-14.0,-14.0,-14.0,-14.0,-14.0,-14.0,-14.0,-14.0,-14.0,-14.0,-14.0,-14.0,-14.0,-14.0,-14.0,-14.0,-14.0,-14.0,-14.0,-14.0,-14.0,-14.0,-14.0,-14.0,-14.0,-14.0,-14.0,-14.0,-14.0,-70.0,-70.0,-70.0,-70.0,-70.0,-70.0,-70.0,-70.0,-70.0,-70.0,-70.0,False,False,False,False,False,True,False
5450,0.0973380969084498,-14.0,-14.0,-14.0,-14.0,-14.0,-14.0,-14.0,-14.0,-14.0,-14.0,-14.0,-14.0,-14.0,-14.0,-14.0,-14.0,-14.0,-14.0,-14.0,-14.0,-14.0,-14.0,-14.0,-14.0,-14.0,-14.0,-14.0,-14.0,-14.0,-14.0,-14.0,-14.0,-14.0,-14.0,-14.0,-14.0,-70.0,-70.0,-70.0,-70.0,-70.0,-70.0,-70.0,-70.0,-70.0,-70.0,-70.0,False,False,False,False,False,True,False
5500,0.0973380969084498,-14.0,-14.0,-14.0,-14.0,-14.0,-14.0,-14.0,-14.0,-14.0,-14.0,-14.0,-14.0,-14.0,-14.0,-14.0,-14.0,-14.0,-14.0,-14.0,-14.0,-14.0,-14.0,-14.0,-14.0,-14.0,-14.0,-14.0,-14.0,-14.0,-14.0,-14.0,-14.0,-14.0,-14.0,-14.0,-14.0,-70.0,-70.0,-70.0,-70.0,-70.0,-70.0,-70.0,-70.0,-70.0,-70.0,-70.0,False,False,False,False,False,True,False
5550,0.0973380969084498,-14.0,-14.0,-14.0,-14.0,-14.0,-14.0,-14.0,-14.0,-14.0,-14.0,-14.0,-14.0,-14.0,-14.0,-14.0,-14.0,-14.0,-14.0,-14.0,-14.0,-14.0,-14.0,-14.0,-14.0,-14.0,-14.0,-14.0,-14.0,-14.0,-14.0,-14.0,-14.0,-14.0,-14.0,-14.0,-14.0,-70.0,-70.0,-70.0,-70.0,-70.0,-70.0,-70.0,-70.0,-70.0,-70.0,-70.0,False,False,False,False,False,True,False
5600,0.0973380969084498,-14.0,-14.0,-14.0,-14.0,-14.0,-14.0,-14.0,-14.0,-14.0,-14.0,-14.0,-14.0,-14.0,-14.0,-14.0,-14.0,-14.0,-14.0,-14.0,-14.0,-14.0,-14.0,-14.0,-14.0,-14.0,-14.0,-14.0,-14.0,-14.0,-14.0,-14.0,-14.0,-14.0,-14.0,-14.0,-14.0,-70.0,-70.0,-70.0,-70.0,-70.0,-70.0,-70.0,-70.0,-70.0,-70.0,-70.0,False,False,False,False,False,True,False
5650,0.0973380969084498,-14.0,-14.0,-14.0,-14.0,-14.0,-14.0,-14.0,-14.0,-14.0,-14.0,-14.0,-14.0,-14.0,-14.0,-14.0,-14.0,-14.0,-14.0,-14.0,-14.0,-14.0,-14.0,-14.0,-14.0,-14.0,-14.0,-14.0,-14.0,-14.0,-14.0,-14.0,-14.0,-14.0,-14.0,-14.0,-14.0,-70.0,-70.0,-70.0,-70.0,-70.0,-70.0,-70.0,-70.0,-70.0,-70.0,-70.0,False,False,False,False,False,True,False
5700,0.0973380969084498,-14.0,-14.0,-14.0,-14.0,-14.0,-14.0,-14.0,-14.0,-14.0,-14.0,-14.0,-14.0,-14.0,-14.0,-14.0,-14.0,-14.0,-14.0,-14.0,-14.0,-14.0,-14.0,-14.0,-14.0,-14.0,-14.0,-14.0,-14.0,-14.0,-14.0,-14.0,-14.0,-14.0,-14.0,-14.0,-14.0,-70.0,-70.0,-70.0,-70.0,-70.0,-70.0,-70.0,-70.0,-70.0,-70.0,-70.0,False,False,False,False,False,True,False
5750,0.0973380969084498,-14.0,-14.0,-14.0,-14.0,-14.0,-14.0,-14.0,-14.0,-14.0,-14.0,-14.0,-14.0,-14.0,-14.0,-14.0,-14.0,-14.0,-14.0,-14.0,-14.0,-14.0,-14.0,-14.0,-14.0,-14.0,-14.0,-14.0,-14.0,-14.0,-14.0,-14.0,-14.0,-14.0,-14.0,-14.0,-14.0,-70.0,-70.0,-70.0,-70.0,-70.0,-70.0,-70.0,-70.0,-70.0,-70.0,-70.0,False,False,False,False,False,True,False
5800,0.0973380969084498,-14.0,-14.0,-14.0,-14.0,-14.0,-14.0,-14.0,-14.0,-14.0,-14.0,-14.0,-14.0,-14.0,-14.0,-14.0,-14.0,-14.0,-14.0,-14.0,-14.0,-14.0,-14.0,-14.0,-14.0,-14.0,-14.0,-14.0,-14.0,-14.0,-14.0,-14.0,-14.0,-14.0,-14.0,-14.0,-14.0,-70.0,-70.0,-70.0,-70.0,-70.0,-70.0,-70.0,-70.0,-70.0,-70.0,-70.0,False,False,False,False,False,True,False
5850,0.0973380969084498,-14.0,-14.0,-14.0,-14.0,-14.0,-14.0,-14.0,-14.0,-14.0,-14.0,-14.0,-14.0,-14.0,-14.0,-14.0,-14.0,-14.0,-14.0,-14.0,-14.0,-14.0,-14.0,-14.0,-14.0,-14.0,-14.0,-14.0,-14.0,-14.0,-14.0,-14.0,-14.0,-14.0,-14.0,-14.0,-14.0,-70.0,-70.0,-70.0,-70.0,-70.0,-70.0,-70.0,-70.0,-70.0,-70.0,-70.0,False,False,False,False,False,True,False
5900,0.0973380969084498,-14.0,-14.0,-14.0,-14.0,-14.0,-14.0,-14.0,-14.0,-14.0,-14.0,-14.0,-14.0,-14.0,-14.0,-14.0,-14.0,-14.0,-14.0,-14.0,-14.0,-14.0,-14.0,-14.0,-14.0,-14.0,-14.0,-14.0,-14.0,-14.0,-14.0,-14.0,-14.0,-14.0,-14.0,-14.0,-14.0,-70.0,-70.0,-70.0,-70.0,-70.0,-70.0,-70.0,-70.0,-70.0,-70.0,-70.0,False,False,False,False,False,True,False
5950,0.0973380969084498,-14.0,-14.0,-14.0,-14.0,-14.0,-14.0,-14.0,-14.0,-14.0,-14.0,-14.0,-14.0,-14.0,-14.0,-14.0,-14.0,-14.0,-14.0,-14.0,-14.0,-14.0,-14.0,-14.0,-14.0,-14.0,-14.0,-14.0,-14.0,-14.0,-14.0,-14.0,-14.0,-14.0,-14.0,-14.0,-14.0,-70.0,-70.0,-70.0,-70.0,-70.0,-70.0,-70.0,-70.0,-70.0,-70.0,-70.0,False,False,False,False,False,True,False
6000,0.0973380969084498,-14.0,-14.0,-14.0,-14.0,-14.0,-14.0,-14.0,-14.0,-14.0,-14.0,-14.0,-14.0,-14.0,-14.0,-14.0,-14.0,-14.0,-14.0,-14.0,-14.0,-14.0,-14.0,-14.0,-14.0,-14.0,-14.0,-14.0,-14.0,-14.0,-14.0,-14.0,-14.0,-14.0,-14.0,-14.0,-14.0,-70.0,-70.0,-70.0,-70.0,-70.0,-70.0,-70.0,-70.0,-70.0,-70.0,-70.0,False,False,False,False,False,True,False
6050,0.0973380969084498,-14.0,-14.0,-14.0,-14.0,-14.0,-14.0,-14.0,-14.0,-14.0,-14.0,-14.0,-14.0,-14.0,-14.0,-14.0,-14.0,-14.0,-14.0,-14.0,-14.0,-14.0,-14.0,-14.0,-14.0,-14.0,-14.0,-14.0,-14.0,-14.0,-14.0,-14.0,-14.0,-14.0,-14.0,-14.0,-14.0,-70.0,-70.0,-70.0,-70.0,-70.0,-70.0,-70.0,-70.0,-70.0,-70.0,-70.0,False,False,False,False,False,True,False
6100,0.0973380969084498,-14.0,-14.0,-14.0,-14.0,-14.0,-14.0,-14.0,-14.0,-14.0,-14.0,-14.0,-14.0,-14.0,-14.0,-14.0,-14.0,-14.0,-14.0,-14.0,-14.0,-14.0,-14.0,-14.0,-14.0,-14.0,-14.0,-14.0,-14.0,-14.0,-14.0,-14.0,-14.0,-14.0,-14.0,-14.0,-14.0,-70.0,-70.0,-70.0,-70.0,-70.0,-70.0,-70.0,-70.0,-70.0,-70.0,-70.0,False,False,False,False,False,True,False
6150,0.0973380969084498,-14.0,-14.0,-14.0,-14.0,-14.0,-14.0,-14.0,-14.0,-14.0,-14.0,-14.0,-14.0,-14.0,-14.0,-14.0,-14.0,-14.0,-14.0,-14.0,-14.0,-14.0,-14.0,-14.0,-14.0,-14.0,-14.0,-14.0,-14.0,-14.0,-14.0,-14.0,-14.0,-14.0,-14.0,-14.0,-14.0,-70.0,-70.0,-70.0,-70.0,-70.0,-70.0,-70.0,-70.0,-70.0,-70.0,-70.0,False,False,False,False,False,True,False
6200,0.0973380969084498,-14.0,-14.0,-14.0,-14.0,-14.0,-14.0,-14.0,-14.0,-14.0,-14.0,-14.0,-14.0,-14.0,-14.0,-14.0,-14.0,-14.0,-14.0,-14.0,-14.0,-14.0,-14.0,-14.0,-14.0,-14.0,-14.0,-14.0,-14.0,-14.0,-14.0,-14.0,-14.0,-14.0,-14.0,-14.0,-14.0,-70.0,-70.0,-70.0,-70.0,-70.0,-70.0,-70.0,-70.0,-70.0,-70.0,-70.0,False,False,False,False,False,True,False
6250,0.0973380969084498,-14.0,-14.0,-14.0,-14.0,-14.0,-14.0,-14.0,-14.0,-14.0,-14.0,-14.0,-14.0,-14.0,-14.0,-14.0,-14.0,-14.0,-14.0,-14.0,-14.0,-14.0,-14.0,-14.0,-14.0,-14.0,-14.0,-14.0,-14.0,-14.0,-14.0,-14.0,-14.0,-14.0,-14.0,-14.0,-14.0,-70.0,-70.0,-70.0,-70.0,-70.0,-70.0,-70.0,-70.0,-70.0,-70.0,-70.0,False,False,False,False,False,True,False
6300,0.0973380969084498,-14.0,-14.0,-14.0,-14.0,-14.0,-14.0,-14.0,-14.0,-14.0,-14.0,-14.0,-14.0,-14.0,-14.0,-14.0,-14.0,-14.0,-14.0,-14.0,-14.0,-14.0,-14.0,-14.0,-14.0,-14.0,-14.0,-14.0,-14.0,-14.0,-14.0,-14.0,-14.0,-14.0,-14.0,-14.0,-14.0,-70.0,-70.0,-70.0,-70.0,-70.0,-70.0,-70.0,-70.0,-70.0,-70.0,-70.0,False,False,False,False,False,True,False
6350,0.0973380969084498,-14.0,-14.0,-14.0,-14.0,-14.0,-14.0,-14.0,-14.0,-14.0,-14.0,-14.0,-14.0,-14.0,-14.0,-14.0,-14.0,-14.0,-14.0,-14.0,-14.0,-14.0,-14.0,-14.0,-14.0,-14.0,-14.0,-14.0,-14.0,-14.0,-14.0,-14.0,-14.0,-14.0,-14.0,-14.0,-14.0,-70.0,-70.0,-70.0,-70.0,-70.0,-70.0,-70.0,-70.0,-70.0,-70.0,-70.0,False,False,False,False,False,True,False
6400,0.0973380969084498,-14.0,-14.0,-14.0,-14.0,-14.0,-14.0,-14.0,-14.0,-14.0,-14.0,-14.0,-14.0,-14.0,-14.0,-14.0,-14.0,-14.0,-14.0,-14.0,-14.0,-14.0,-14.0,-14.0,-14.0,-14.0,-14.0,-14.0,-14.0,-14.0,-14.0,-14.0,-14.0,-14.0,-14.0,-14.0,-14.0,-70.0,-70.0,-70.0,-70.0,-70.0,-70.0,-70.0,-70.0,-70.0,-70.0,-70.0,False,False,False,False,False,True,False
6450,0.0973380969084498,-14.0,-14.0,-14.0,-14.0,-14.0,-14.0,-14.0,-14.0,-14.0,-14.0,-14.0,-14.0,-14.0,-14.0,-14.0,-14.0,-14.0,-14.0,-14.0,-14.0,-14.0,-14.0,-14.0,-14.0,-14.0,-14.0,-14.0,-14.0,-14.0,-14.0,-14.0,-14.0,-14.0,-14.0,-14.0,-14.0,-70.0,-70.0,-70.0,-70.0,-70.0,-70.0,-70.0,-70.0,-70.0,-70.0,-70.0,False,False,False,False,False,True,False
6500,0.0973380969084498,-14.0,-14.0,-14.0,-14.0,-14.0,-14.0,-14.0,-14.0,-14.0,-14.0,-14.0,-14.0,-14.0,-14.0,-14.0,-14.0,-14.0,-14.0,-14.0,-14.0,-14.0,-14.0,-14.0,-14.0,-14.0,-14.0,-14.0,-14.0,-14.0,-14.0,-14.0,-14.0,-14.0,-14.0,-14.0,-14.0,-70.0,-70.0,-70.0,-70.0,-70.0,-70.0,-70.0,-70.0,-70.0,-70.0,-70.0,False,False,False,False,False,True,False
6550,0.0973380969084498,-14.0,-14.0,-14.0,-14.0,-14.0,-14.0,-14.0,-14.0,-14.0,-14.0,-14.0,-14.0,-14.0,-14.0,-14.0,-14.0,-14.0,-14.0,-14.0,-14.0,-14.0,-14.0,-14.0,-14.0,-14.0,-14.0,-14.0,-14.0,-14.0,-14.0,-14.0,-14.0,-14.0,-14.0,-14.0,-14.0,-70.0,-70.0,-70.0,-70.0,-70.0,-70.0,-70.0,-70.0,-70.0,-70.0,-70.0,False,False,False,False,False,True,False
6600,0.0973380969084498,-14.0,-14.0,-14.0,-14.0,-14.0,-14.0,-14.0,-14.0,-14.0,-14.0,-14.0,-14.0,-14.0,-14.0,-14.0,-14.0,-14.0,-14.0,-14.0,-14.0,-14.0,-14.0,-14.0,-14.0,-14.0,-14.0,-14.0,-14.0,-14.0,-14.0,-14.0,-14.0,-14.0,-14.0,-14.0,-14.0,-70.0,-70.0,-70.0,-70.0,-70.0,-70.0,-70.0,-70.0,-70.0,-70.0,-70.0,False,False,False,False,False,True,False
6650,0.0973380969084498,-14.0,-14.0,-14.0,-14.0,-14.0,-14.0,-14.0,-14.0,-14.0,-14.0,-14.0,-14.0,-14.0,-14.0,-14.0,-14.0,-14.0,-14.0,-14.0,-14.0,-14.0,-14.0,-14.0,-14.0,-14.0,-14.0,-14.0,-14.0,-14.0,-14.0,-14.0,-14.0,-14.0,-14.0,-14.0,-14.0,-70.0,-70.0,-70.0,-70.0,-70.0,-70.0,-70.0,-70.0,-70.0,-70.0,-70.0,False,False,False,False,False,True,False
6700,0.0973380969084498,-14.0,-14.0,-14.0,-14.0,-14.0,-14.0,-14.0,-14.0,-14.0,-14.0,-14.0,-14.0,-14.0,-14.0,-14.0,-14.0,-14.0,-14.0,-14.0,-14.0,-14.0,-14.0,-14.0,-14.0,-14.0,-14.0,-14.0,-14.0,-14.0,-14.0,-14.0,-14.0,-14.0,-14.0,-14.0,-14.0,-70.0,-70.0,-70.0,-70.0,-70.0,-70.0,-70.0,-70.0,-70.0,-70.0,-70.0,False,False,False,False,False,True,False
6750,0.0973380969084498,-14.0,-14.0,-14.0,-14.0,-14.0,-14.0,-14.0,-14.0,-14.0,-14.0,-14.0,-14.0,-14.0,-14.0,-14.0,-14.0,-14.0,-14.0,-14.0,-14.0,-14.0,-14.0,-14.0,-14.0,-14.0,-14.0,-14.0,-14.0,-14.0,-14.0,-14.0,-14.0,-14.0,-14.0,-14.0,-14.0,-70.0,-70.0,-70.0,-70.0,-70.0,-70.0,-70.0,-70.0,-70.0,-70.0,-70.0,False,False,False,False,False,True,False
6800,0.0973380969084498,-14.0,-14.0,-14.0,-14.0,-14.0,-14.0,-14.0,-14.0,-14.0,-14.0,-14.0,-14.0,-14.0,-14.0,-14.0,-14.0,-14.0,-14.0,-14.0,-14.0,-14.0,-14.0,-14.0,-14.0,-14.0,-14.0,-14.0,-14.0,-14.0,-14.0,-14.0,-14.0,-14.0,-14.0,-14.0,-14.0,-70.0,-70.0,-70.0,-70.0,-70.0,-70.0,-70.0,-70.0,-70.0,-70.0,-70.0,False,False,False,False,False,True,False
6850,0.0973380969084498,-14.0,-14.0,-14.0,-14.0,-14.0,-14.0,-14.0,-14.0,-14.0,-14.0,-14.0,-14.0,-14.0,-14.0,-14.0,-14.0,-14.0,-14.0,-14.0,-14.0,-14.0,-14.0,-14.0,-14.0,-14.0,-14.0,-14.0,-14.0,-14.0,-14.0,-14.0,-14.0,-14.0,-14.0,-14.0,-14.0,-70.0,-70.0,-70.0,-70.0,-70.0,-70.0,-70.0,-70.0,-70.0,-70.0,-70.0,False,False,False,False,False,True,False
6900,0.0973380969084498,-14.0,-14.0,-14.0,-14.0,-14.0,-14.0,-14.0,-14.0,-14.0,-14.0,-14.0,-14.0,-14.0,-14.0,-14.0,-14.0,-14.0,-14.0,-14.0,-14.0,-14.0,-14.0,-14.0,-14.0,-14.0,-14.0,-14.0,-14.0,-14.0,-14.0,-14.0,-14.0,-14.0,-14.0,-14.0,-14.0,-70.0,-70.0,-70.0,-70.0,-70.0,-70.0,-70.0,-70.0,-70.0,-70.0,-70.0,False,False,False,False,False,True,False
6950,0.0973380969084498,-14.0,-14.0,-14.0,-14.0,-14.0,-14.0,-14.0,-14.0,-14.0,-14.0,-14.0,-14.0,-14.0,-14.0,-14.0,-14.0,-14.0,-14.0,-14.0,-14.0,-14.0,-14.0,-14.0,-14.0,-14.0,-14.0,-14.0,-14.0,-14.0,-14.0,-14.0,-14.0,-14.0,-14.0,-14.0,-14.0,-70.0,-70.0,-70.0,-70.0,-70.0,-70.0,-70.0,-70.0,-70.0,-70.0,-70.0,False,False,False,False,False,True,False
7000,0.0973380969084498,-14.0,-14.0,-14.0,-14.0,-14.0,-14.0,-14.0,-14.0,-14.0,-14.0,-14.0,-14.0,-14.0,-14.0,-14.0,-14.0,-14.0,-14.0,-14.0,-14.0,-14.0,-14.0,-14.0,-14.0,-14.0,-14.0,-14.0,-14.0,-14.0,-14.0,-14.0,-14.0,-14.0,-14.0,-14.0,-14.0,-70.0,-70.0,-70.0,-70.0,-70.0,-70.0,-70.0,-70.0,-70.0,-70.0,-70.0,False,False,False,False,False,True,False
7050,0.0973380969084498,-14.0,-14.0,-14.0,-14.0,-14.0,-14.0,-14.0,-14.0,-14.0,-14.0,-14.0,-14.0,-14.0,-14.0,-14.0,-14.0,-14.0,-14.0,-14.0,-14.0,-14.0,-14.0,-14.0,-14.0,-14.0,-14.0,-14.0,-14.0,-14.0,-14.0,-14.0,-14.0,-14.0,-14.0,-14.0,-14.0,-70.0,-70.0,-70.0,-70.0,-70.0,-70.0,-70.0,-70.0,-70.0,-70.0,-70.0,False,False,False,False,False,True,False
7100,0.0973380969084498,-14.0,-14.0,-14.0,-14.0,-14.0,-14.0,-14.0,-14.0,-14.0,-14.0,-14.0,-14.0,-14.0,-14.0,-14.0,-14.0,-14.0,-14.0,-14.0,-14.0,-14.0,-14.0,-14.0,-14.0,-14.0,-14.0,-14.0,-14.0,-14.0,-14.0,-14.0,-14.0,-14.0,-14.0,-14.0,-14.0,-70.0,-70.0,-70.0,-70.0,-70.0,-70.0,-70.0,-70.0,-70.0,-70.0,-70.0,False,False,False,False,False,True,False
7150,0.0973380969084498,-14.0,-14.0,-14.0,-14.0,-14.0,-14.0,-14.0,-14.0,-14.0,-14.0,-14.0,-14.0,-14.0,-14.0,-14.0,-14.0,-14.0,-14.0,-14.0,-14.0,-14.0,-14.0,-14.0,-14.0,-14.0,-14.0,-14.0,-14.0,-14.0,-14.0,-14.0,-14.0,-14.0,-14.0,-14.0,-14.0,-70.0,-70.0,-70.0,-70.0,-70.0,-70.0,-70.0,-70.0,-70.0,-70.0,-70.0,False,False,False,False,False,True,False
7200,0.0973380969084498,-14.0,-14.0,-14.0,-14.0,-14.0,-14.0,-14.0,-14.0,-14.0,-14.0,-14.0,-14.0,-14.0,-14.0,-14.0,-14.0,-14.0,-14.0,-14.0,-14.0,-14.0,-14.0,-14.0,-14.0,-14.0,-14.0,-14.0,-14.0,-14.0,-14.0,-14.0,-14.0,-14.0,-14.0,-14.0,-14.0,-70.0,-70.0,-70.0,-70.0,-70.0,-70.0,-70.0,-70.0,-70.0,-70.0,-70.0,False,False,False,False,False,True,False
7250,0.0973380969084498,-14.0,-14.0,-14.0,-14.0,-14.0,-14.0,-14.0,-14.0,-14.0,-14.0,-14.0,-14.0,-14.0,-14.0,-14.0,-14.0,-14.0,-14.0,-14.0,-14.0,-14.0,-14.0,-14.0,-14.0,-14.0,-14.0,-14.0,-14.0,-14.0,-14.0,-14.0,-14.0,-14.0,-14.0,-14.0,-14.0,-70.0,-70.0,-70.0,-70.0,-70.0,-70.0,-70.0,-70.0,-70.0,-70.0,-70.0,False,False,False,False,False,True,False
7300,0.0973380969084498,-14.0,-14.0,-14.0,-14.0,-14.0,-14.0,-14.0,-14.0,-14.0,-14.0,-14.0,-14.0,-14.0,-14.0,-14.0,-14.0,-14.0,-14.0,-14.0,-14.0,-14.0,-14.0,-14.0,-14.0,-14.0,-14.0,-14.0,-14.0,-14.0,-14.0,-14.0,-14.0,-14.0,-14.0,-14.0,-14.0,-70.0,-70.0,-70.0,-70.0,-70.0,-70.0,-70.0,-70.0,-70.0,-70.0,-70.0,False,False,False,False,False,True,False
7350,0.0973380969084498,-14.0,-14.0,-14.0,-14.0,-14.0,-14.0,-14.0,-14.0,-14.0,-14.0,-14.0,-14.0,-14.0,-14.0,-14.0,-14.0,-14.0,-14.0,-14.0,-14.0,-14.0,-14.0,-14.0,-14.0,-14.0,-14.0,-14.0,-14.0,-14.0,-14.0,-14.0,-14.0,-14.0,-14.0,-14.0,-14.0,-70.0,-70.0,-70.0,-70.0,-70.0,-70.0,-70.0,-70.0,-70.0,-70.0,-70.0,False,False,False,False,False,True,False
7400,0.0973380969084498,-14.0,-14.0,-14.0,-14.0,-14.0,-14.0,-14.0,-14.0,-14.0,-14.0,-14.0,-14.0,-14.0,-14.0,-14.0,-14.0,-14.0,-14.0,-14.0,-14.0,-14.0,-14.0,-14.0,-14.0,-14.0,-14.0,-14.0,-14.0,-14.0,-14.0,-14.0,-14.0,-14.0,-14.0,-14.0,-14.0,-70.0,-70.0,-70.0,-70.0,-70.0,-70.0,-70.0,-70.0,-70.0,-70.0,-70.0,False,False,False,False,False,True,False
7450,0.0973380969084498,-14.0,-14.0,-14.0,-14.0,-14.0,-14.0,-14.0,-14.0,-14.0,-14.0,-14.0,-14.0,-14.0,-14.0,-14.0,-14.0,-14.0,-14.0,-14.0,-14.0,-14.0,-14.0,-14.0,-14.0,-14.0,-14.0,-14.0,-14.0,-14.0,-14.0,-14.0,-14.0,-14.0,-14.0,-14.0,-14.0,-70.0,-70.0,-70.0,-70.0,-70.0,-70.0,-70.0,-70.0,-70.0,-70.0,-70.0,False,False,False,False,False,True,False
7500,0.0973380969084498,-14.0,-14.0,-14.0,-14.0,-14.0,-14.0,-14.0,-14.0,-14.0,-14.0,-14.0,-14.0,-14.0,-14.0,-14.0,-14.0,-14.0,-14.0,-14.0,-14.0,-14.0,-14.0,-14.0,-14.0,-14.0,-14.0,-14.0,-14.0,-14.0,-14.0,-14.0,-14.0,-14.0,-14.0,-14.0,-14.0,-70.0,-70.0,-70.0,-70.0,-70.0,-70.0,-70.0,-70.0,-70.0,-70.0,-70.0,False,False,False,False,False,True,False
7550,0.0973380969084498,-14.0,-14.0,-14.0,-14.0,-14.0,-14.0,-14.0,-14.0,-14.0,-14.0,-14.0,-14.0,-14.0,-14.0,-14.0,-14.0,-14.0,-14.0,-14.0,-14.0,-14.0,-14.0,-14.0,-14.0,-14.0,-14.0,-14.0,-14.0,-14.0,-14.0,-14.0,-14.0,-14.0,-14.0,-14.0,-14.0,-70.0,-70.0,-70.0,-70.0,-70.0,-70.0,-70.0,-70.0,-70.0,-70.0,-70.0,False,False,False,False,False,True,False
7600,0.0973380969084498,-14.0,-14.0,-14.0,-14.0,-14.0,-14.0,-14.0,-14.0,-14.0,-14.0,-14.0,-14.0,-14.0,-14.0,-14.0,-14.0,-14.0,-14.0,-14.0,-14.0,-14.0,-14.0,-14.0,-14.0,-14.0,-14.0,-14.0,-14.0,-14.0,-14.0,-14.0,-14.0,-14.0,-14.0,-14.0,-14.0,-70.0,-70.0,-70.0,-70.0,-70.0,-70.0,-70.0,-70.0,-70.0,-70.0,-70.0,False,False,False,False,False,True,False
7650,0.0973380969084498,-14.0,-14.0,-14.0,-14.0,-14.0,-14.0,-14.0,-14.0,-14.0,-14.0,-14.0,-14.0,-14.0,-14.0,-14.0,-14.0,-14.0,-14.0,-14.0,-14.0,-14.0,-14.0,-14.0,-14.0,-14.0,-14.0,-14.0,-14.0,-14.0,-14.0,-14.0,-14.0,-14.0,-14.0,-14.0,-14.0,-70.0,-70.0,-70.0,-70.0,-70.0,-70.0,-70.0,-70.0,-70.0,-70.0,-70.0,False,False,False,False,False,True,False
7700,0.0973380969084498,-14.0,-14.0,-14.0,-14.0,-14.0,-14.0,-14.0,-14.0,-14.0,-14.0,-14.0,-14.0,-14.0,-14.0,-14.0,-14.0,-14.0,-14.0,-14.0,-14.0,-14.0,-14.0,-14.0,-14.0,-14.0,-14.0,-14.0,-14.0,-14.0,-14.0,-14.0,-14.0,-14.0,-14.0,-14.0,-14.0,-70.0,-70.0,-70.0,-70.0,-70.0,-70.0,-70.0,-70.0,-70.0,-70.0,-70.0,False,False,False,False,False,True,False
7750,0.0973380969084498,-14.0,-14.0,-14.0,-14.0,-14.0,-14.0,-14.0,-14.0,-14.0,-14.0,-14.0,-14.0,-14.0,-14.0,-14.0,-14.0,-14.0,-14.0,-14.0,-14.0,-14.0,-14.0,-14.0,-14.0,-14.0,-14.0,-14.0,-14.0,-14.0,-14.0,-14.0,-14.0,-14.0,-14.0,-14.0,-14.0,-70.0,-70.0,-70.0,-70.0,-70.0,-70.0,-70.0,-70.0,-70.0,-70.0,-70.0,False,False,False,False,False,True,False
7800,0.0973380969084498,-14.0,-14.0,-14.0,-14.0,-14.0,-14.0,-14.0,-14.0,-14.0,-14.0,-14.0,-14.0,-14.0,-14.0,-14.0,-14.0,-14.0,-14.0,-14.0,-14.0,-14.0,-14.0,-14.0,-14.0,-14.0,-14.0,-14.0,-14.0,-14.0,-14.0,-14.0,-14.0,-14.0,-14.0,-14.0,-14.0,-70.0,-70.0,-70.0,-70.0,-70.0,-70.0,-70.0,-70.0,-70.0,-70.0,-70.0,False,False,False,False,False,True,False
7850,0.0973380969084498,-14.0,-14.0,-14.0,-14.0,-14.0,-14.0,-14.0,-14.0,-14.0,-14.0,-14.0,-14.0,-14.0,-14.0,-14.0,-14.0,-14.0,-14.0,-14.0,-14.0,-14.0,-14.0,-14.0,-14.0,-14.0,-14.0,-14.0,-14.0,-14.0,-14.0,-14.0,-14.0,-14.0,-14.0,-14.0,-14.0,-70.0,-70.0,-70.0,-70.0,-70.0,-70.0,-70.0,-70.0,-70.0,-70.0,-70.0,False,False,False,False,False,True,False
7900,0.0973380969084498,-14.0,-14.0,-14.0,-14.0,-14.0,-14.0,-14.0,-14.0,-14.0,-14.0,-14.0,-14.0,-14.0,-14.0,-14.0,-14.0,-14.0,-14.0,-14.0,-14.0,-14.0,-14.0,-14.0,-14.0,-14.0,-14.0,-14.0,-14.0,-14.0,-14.0,-14.0,-14.0,-14.0,-14.0,-14.0,-14.0,-70.0,-70.0,-70.0,-70.0,-70.0,-70.0,-70.0,-70.0,-70.0,-70.0,-70.0,False,False,False,False,False,True,False
7950,0.0973380969084498,-14.0,-14.0,-14.0,-14.0,-14.0,-14.0,-14.0,-14.0,-14.0,-14.0,-14.0,-14.0,-14.0,-14.0,-14.0,-14.0,-14.0,-14.0,-14.0,-14.0,-14.0,-14.0,-14.0,-14.0,-14.0,-14.0,-14.0,-14.0,-14.0,-14.0,-14.0,-14.0,-14.0,-14.0,-14.0,-14.0,-70.0,-70.0,-70.0,-70.0,-70.0,-70.0,-70.0,-70.0,-70.0,-70.0,-70.0,False,False,False,False,False,True,False
8000,0.0973380969084498,-14.0,-14.0,-14.0,-14.0,-14.0,-14.0,-14.0,-14.0,-14.0,-14.0,-14.0,-14.0,-14.0,-14.0,-14.0,-14.0,-14.0,-14.0,-14.0,-14.0,-14.0,-14.0,-14.0,-14.0,-14.0,-14.0,-14.0,-14.0,-14.0,-14.0,-14.0,-14.0,-14.0,-14.0,-14.0,-14.0,-70.0,-70.0,-70.0,-70.0,-70.0,-70.0,-70.0,-70.0,-70.0,-70.0,-70.0,False,False,False,False,False,True,False
8050,0.0973380969084498,-14.0,-14.0,-14.0,-14.0,-14.0,-14.0,-14.0,-14.0,-14.0,-14.0,-14.0,-14.0,-14.0,-14.0,-14.0,-14.0,-14.0,-14.0,-14.0,-14.0,-14.0,-14.0,-14.0,-14.0,-14.0,-14.0,-14.0,-14.0,-14.0,-14.0,-14.0,-14.0,-14.0,-14.0,-14.0,-14.0,-70.0,-70.0,-70.0,-70.0,-70.0,-70.0,-70.0,-70.0,-70.0,-70.0,-70.0,False,False,False,False,False,True,False
8100,0.0973380969084498,-14.0,-14.0,-14.0,-14.0,-14.0,-14.0,-14.0,-14.0,-14.0,-14.0,-14.0,-14.0,-14.0,-14.0,-14.0,-14.0,-14.0,-14.0,-14.0,-14.0,-14.0,-14.0,-14.0,-14.0,-14.0,-14.0,-14.0,-14.0,-14.0,-14.0,-14.0,-14.0,-14.0,-14.0,-14.0,-14.0,-70.0,-70.0,-70.0,-70.0,-70.0,-70.0,-70.0,-70.0,-70.0,-70.0,-70.0,False,False,False,False,False,True,False
8150,0.0973380969084498,-14.0,-14.0,-14.0,-14.0,-14.0,-14.0,-14.0,-14.0,-14.0,-14.0,-14.0,-14.0,-14.0,-14.0,-14.0,-14.0,-14.0,-14.0,-14.0,-14.0,-14.0,-14.0,-14.0,-14.0,-14.0,-14.0,-14.0,-14.0,-14.0,-14.0,-14.0,-14.0,-14.0,-14.0,-14.0,-14.0,-70.0,-70.0,-70.0,-70.0,-70.0,-70.0,-70.0,-70.0,-70.0,-70.0,-70.0,False,False,False,False,False,True,False
8200,0.0973380969084498,-14.0,-14.0,-14.0,-14.0,-14.0,-14.0,-14.0,-14.0,-14.0,-14.0,-14.0,-14.0,-14.0,-14.0,-14.0,-14.0,-14.0,-14.0,-14.0,-14.0,-14.0,-14.0,-14.0,-14.0,-14.0,-14.0,-14.0,-14.0,-14.0,-14.0,-14.0,-14.0,-14.0,-14.0,-14.0,-14.0,-70.0,-70.0,-70.0,-70.0,-70.0,-70.0,-70.0,-70.0,-70.0,-70.0,-70.0,False,False,False,False,False,True,False
8250,0.0973380969084498,-14.0,-14.0,-14.0,-14.0,-14.0,-14.0,-14.0,-14.0,-14.0,-14.0,-14.0,-14.0,-14.0,-14.0,-14.0,-14.0,-14.0,-14.0,-14.0,-14.0,-14.0,-14.0,-14.0,-14.0,-14.0,-14.0,-14.0,-14.0,-14.0,-14.0,-14.0,-14.0,-14.0,-14.0,-14.0,-14.0,-70.0,-70.0,-70.0,-70.0,-70.0,-70.0,-70.0,-70.0,-70.0,-70.0,-70.0,False,False,False,False,False,True,False
8300,0.0973380969084498,-14.0,-14.0,-14.0,-14.0,-14.0,-14.0,-14.0,-14.0,-14.0,-14.0,-14.0,-14.0,-14.0,-14.0,-14.0,-14.0,-14.0,-14.0,-14.0,-14.0,-14.0,-14.0,-14.0,-14.0,-14.0,-14.0,-14.0,-14.0,-14.0,-14.0,-14.0,-14.0,-14.0,-14.0,-14.0,-14.0,-70.0,-70.0,-70.0,-70.0,-70.0,-70.0,-70.0,-70.0,-70.0,-70.0,-70.0,False,False,False,False,False,True,False
8350,0.0973380969084498,-14.0,-14.0,-14.0,-14.0,-14.0,-14.0,-14.0,-14.0,-14.0,-14.0,-14.0,-14.0,-14.0,-14.0,-14.0,-14.0,-14.0,-14.0,-14.0,-14.0,-14.0,-14.0,-14.0,-14.0,-14.0,-14.0,-14.0,-14.0,-14.0,-14.0,-14.0,-14.0,-14.0,-14.0,-14.0,-14.0,-70.0,-70.0,-70.0,-70.0,-70.0,-70.0,-70.0,-70.0,-70.0,-70.0,-70.0,False,False,False,False,False,True,False
8400,0.0973380969084498,-14.0,-14.0,-14.0,-14.0,-14.0,-14.0,-14.0,-14.0,-14.0,-14.0,-14.0,-14.0,-14.0,-14.0,-14.0,-14.0,-14.0,-14.0,-14.0,-14.0,-14.0,-14.0,-14.0,-14.0,-14.0,-14.0,-14.0,-14.0,-14.0,-14.0,-14.0,-14.0,-14.0,-14.0,-14.0,-14.0,-70.0,-70.0,-70.0,-70.0,-70.0,-70.0,-70.0,-70.0,-70.0,-70.0,-70.0,False,False,False,False,False,True,False
8450,0.0973380969084498,-14.0,-14.0,-14.0,-14.0,-14.0,-14.0,-14.0,-14.0,-14.0,-14.0,-14.0,-14.0,-14.0,-14.0,-14.0,-14.0,-14.0,-14.0,-14.0,-14.0,-14.0,-14.0,-14.0,-14.0,-14.0,-14.0,-14.0,-14.0,-14.0,-14.0,-14.0,-14.0,-14.0,-14.0,-14.0,-14.0,-70.0,-70.0,-70.0,-70.0,-70.0,-70.0,-70.0,-70.0,-70.0,-70.0,-70.0,False,False,False,False,False,True,False
8500,0.0973380969084498,-14.0,-14.0,-14.0,-14.0,-14.0,-14.0,-14.0,-14.0,-14.0,-14.0,-14.0,-14.0,-14.0,-14.0,-14.0,-14.0,-14.0,-14.0,-14.0,-14.0,-14.0,-14.0,-14.0,-14.0,-14.0,-14.0,-14.0,-14.0,-14.0,-14.0,-14.0,-14.0,-14.0,-14.0,-14.0,-14.0,-70.0,-70.0,-70.0,-70.0,-70.0,-70.0,-70.0,-70.0,-70.0,-70.0,-70.0,False,False,False,False,False,True,False
8550,0.0973380969084498,-14.0,-14.0,-14.0,-14.0,-14.0,-14.0,-14.0,-14.0,-14.0,-14.0,-14.0,-14.0,-14.0,-14.0,-14.0,-14.0,-14.0,-14.0,-14.0,-14.0,-14.0,-14.0,-14.0,-14.0,-14.0,-14.0,-14.0,-14.0,-14.0,-14.0,-14.0,-14.0,-14.0,-14.0,-14.0,-14.0,-70.0,-70.0,-70.0,-70.0,-70.0,-70.0,-70.0,-70.0,-70.0,-70.0,-70.0,False,False,False,False,False,True,False
8600,0.0973380969084498,-14.0,-14.0,-14.0,-14.0,-14.0,-14.0,-14.0,-14.0,-14.0,-14.0,-14.0,-14.0,-14.0,-14.0,-14.0,-14.0,-14.0,-14.0,-14.0,-14.0,-14.0,-14.0,-14.0,-14.0,-14.0,-14.0,-14.0,-14.0,-14.0,-14.0,-14.0,-14.0,-14.0,-14.0,-14.0,-14.0,-70.0,-70.0,-70.0,-70.0,-70.0,-70.0,-70.0,-70.0,-70.0,-70.0,-70.0,False,False,False,False,False,True,False
8650,0.0973380969084498,-14.0,-14.0,-14.0,-14.0,-14.0,-14.0,-14.0,-14.0,-14.0,-14.0,-14.0,-14.0,-14.0,-14.0,-14.0,-14.0,-14.0,-14.0,-14.0,-14.0,-14.0,-14.0,-14.0,-14.0,-14.0,-14.0,-14.0,-14.0,-14.0,-14.0,-14.0,-14.0,-14.0,-14.0,-14.0,-14.0,-70.0,-70.0,-70.0,-70.0,-70.0,-70.0,-70.0,-70.0,-70.0,-70.0,-70.0,False,False,False,False,False,True,False
8700,0.0973380969084498,-14.0,-14.0,-14.0,-14.0,-14.0,-14.0,-14.0,-14.0,-14.0,-14.0,-14.0,-14.0,-14.0,-14.0,-14.0,-14.0,-14.0,-14.0,-14.0,-14.0,-14.0,-14.0,-14.0,-14.0,-14.0,-14.0,-14.0,-14.0,-14.0,-14.0,-14.0,-14.0,-14.0,-14.0,-14.0,-14.0,-70.0,-70.0,-70.0,-70.0,-70.0,-70.0,-70.0,-70.0,-70.0,-70.0,-70.0,False,False,False,False,False,True,False
8750,0.0973380969084498,-14.0,-14.0,-14.0,-14.0,-14.0,-14.0,-14.0,-14.0,-14.0,-14.0,-14.0,-14.0,-14.0,-14.0,-14.0,-14.0,-14.0,-14.0,-14.0,-14.0,-14.0,-14.0,-14.0,-14.0,-14.0,-14.0,-14.0,-14.0,-14.0,-14.0,-14.0,-14.0,-14.0,-14.0,-14.0,-14.0,-70.0,-70.0,-70.0,-70.0,-70.0,-70.0,-70.0,-70.0,-70.0,-70.0,-70.0,False,False,False,False,False,True,False
8800,0.0973380969084498,-14.0,-14.0,-14.0,-14.0,-14.0,-14.0,-14.0,-14.0,-14.0,-14.0,-14.0,-14.0,-14.0,-14.0,-14.0,-14.0,-14.0,-14.0,-14.0,-14.0,-14.0,-14.0,-14.0,-14.0,-14.0,-14.0,-14.0,-14.0,-14.0,-14.0,-14.0,-14.0,-14.0,-14.0,-14.0,-14.0,-70.0,-70.0,-70.0,-70.0,-70.0,-70.0,-70.0,-70.0,-70.0,-70.0,-70.0,False,False,False,False,False,True,False
8850,0.0973380969084498,-14.0,-14.0,-14.0,-14.0,-14.0,-14.0,-14.0,-14.0,-14.0,-14.0,-14.0,-14.0,-14.0,-14.0,-14.0,-14.0,-14.0,-14.0,-14.0,-14.0,-14.0,-14.0,-14.0,-14.0,-14.0,-14.0,-14.0,-14.0,-14.0,-14.0,-14.0,-14.0,-14.0,-14.0,-14.0,-14.0,-70.0,-70.0,-70.0,-70.0,-70.0,-70.0,-70.0,-70.0,-70.0,-70.0,-70.0,False,False,False,False,False,True,False
8900,0.0973380969084498,-14.0,-14.0,-14.0,-14.0,-14.0,-14.0,-14.0,-14.0,-14.0,-14.0,-14.0,-14.0,-14.0,-14.0,-14.0,-14.0,-14.0,-14.0,-14.0,-14.0,-14.0,-14.0,-14.0,-14.0,-14.0,-14.0,-14.0,-14.0,-14.0,-14.0,-14.0,-14.0,-14.0,-14.0,-14.0,-14.0,-70.0,-70.0,-70.0,-70.0,-70.0,-70.0,-70.0,-70.0,-70.0,-70.0,-70.0,False,False,False,False,False,True,False
8950,0.0973380969084498,-14.0,-14.0,-14.0,-14.0,-14.0,-14.0,-14.0,-14.0,-14.0,-14.0,-14.0,-14.0,-14.0,-14.0,-14.0,-14.0,-14.0,-14.0,-14.0,-14.0,-14.0,-14.0,-14.0,-14.0,-14.0,-14.0,-14.0,-14.0,-14.0,-14.0,-14.0,-14.0,-14.0,-14.0,-14.0,-14.0,-70.0,-70.0,-70.0,-70.0,-70.0,-70.0,-70.0,-70.0,-70.0,-70.0,-70.0,False,False,False,False,False,True,False
9000,0.0973380969084498,-14.0,-14.0,-14.0,-14.0,-14.0,-14.0,-14.0,-14.0,-14.0,-14.0,-14.0,-14.0,-14.0,-14.0,-14.0,-14.0,-14.0,-14.0,-14.0,-14.0,-14.0,-14.0,-14.0,-14.0,-14.0,-14.0,-14.0,-14.0,-14.0,-14.0,-14.0,-14.0,-14.0,-14.0,-14.0,-14.0,-70.0,-70.0,-70.0,-70.0,-70.0,-70.0,-70.0,-70.0,-70.0,-70.0,-70.0,False,False,False,False,False,True,False
9050,0.0973380969084498,-14.0,-14.0,-14.0,-14.0,-14.0,-14.0,-14.0,-14.0,-14.0,-14.0,-14.0,-14.0,-14.0,-14.0,-14.0,-14.0,-14.0,-14.0,-14.0,-14.0,-14.0,-14.0,-14.0,-14.0,-14.0,-14.0,-14.0,-14.0,-14.0,-14.0,-14.0,-14.0,-14.0,-14.0,-14.0,-14.0,-70.0,-70.0,-70.0,-70.0,-70.0,-70.0,-70.0,-70.0,-70.0,-70.0,-70.0,False,False,False,False,False,True,False
9100,0.0973380969084498,-14.0,-14.0,-14.0,-14.0,-14.0,-14.0,-14.0,-14.0,-14.0,-14.0,-14.0,-14.0,-14.0,-14.0,-14.0,-14.0,-14.0,-14.0,-14.0,-14.0,-14.0,-14.0,-14.0,-14.0,-14.0,-14.0,-14.0,-14.0,-14.0,-14.0,-14.0,-14.0,-14.0,-14.0,-14.0,-14.0,-70.0,-70.0,-70.0,-70.0,-70.0,-70.0,-70.0,-70.0,-70.0,-70.0,-70.0,False,False,False,False,False,True,False
9150,0.0973380969084498,-14.0,-14.0,-14.0,-14.0,-14.0,-14.0,-14.0,-14.0,-14.0,-14.0,-14.0,-14.0,-14.0,-14.0,-14.0,-14.0,-14.0,-14.0,-14.0,-14.0,-14.0,-14.0,-14.0,-14.0,-14.0,-14.0,-14.0,-14.0,-14.0,-14.0,-14.0,-14.0,-14.0,-14.0,-14.0,-14.0,-70.0,-70.0,-70.0,-70.0,-70.0,-70.0,-70.0,-70.0,-70.0,-70.0,-70.0,False,False,False,False,False,True,False
9200,0.0973380969084498,-14.0,-14.0,-14.0,-14.0,-14.0,-14.0,-14.0,-14.0,-14.0,-14.0,-14.0,-14.0,-14.0,-14.0,-14.0,-14.0,-14.0,-14.0,-14.0,-14.0,-14.0,-14.0,-14.0,-14.0,-14.0,-14.0,-14.0,-14.0,-14.0,-14.0,-14.0,-14.0,-14.0,-14.0,-14.0,-14.0,-70.0,-70.0,-70.0,-70.0,-70.0,-70.0,-70.0,-70.0,-70.0,-70.0,-70.0,False,False,False,False,False,True,False
9250,0.0973380969084498,-14.0,-14.0,-14.0,-14.0,-14.0,-14.0,-14.0,-14.0,-14.0,-14.0,-14.0,-14.0,-14.0,-14.0,-14.0,-14.0,-14.0,-14.0,-14.0,-14.0,-14.0,-14.0,-14.0,-14.0,-14.0,-14.0,-14.0,-14.0,-14.0,-14.0,-14.0,-14.0,-14.0,-14.0,-14.0,-14.0,-70.0,-70.0,-70.0,-70.0,-70.0,-70.0,-70.0,-70.0,-70.0,-70.0,-70.0,False,False,False,False,False,True,False
9300,0.0973380969084498,-14.0,-14.0,-14.0,-14.0,-14.0,-14.0,-14.0,-14.0,-14.0,-14.0,-14.0,-14.0,-14.0,-14.0,-14.0,-14.0,-14.0,-14.0,-14.0,-14.0,-14.0,-14.0,-14.0,-14.0,-14.0,-14.0,-14.0,-14.0,-14.0,-14.0,-14.0,-14.0,-14.0,-14.0,-14.0,-14.0,-70.0,-70.0,-70.0,-70.0,-70.0,-70.0,-70.0,-70.0,-70.0,-70.0,-70.0,False,False,False,False,False,True,False
9350,0.0973380969084498,-14.0,-14.0,-14.0,-14.0,-14.0,-14.0,-14.0,-14.0,-14.0,-14.0,-14.0,-14.0,-14.0,-14.0,-14.0,-14.0,-14.0,-14.0,-14.0,-14.0,-14.0,-14.0,-14.0,-14.0,-14.0,-14.0,-14.0,-14.0,-14.0,-14.0,-14.0,-14.0,-14.0,-14.0,-14.0,-14.0,-70.0,-70.0,-70.0,-70.0,-70.0,-70.0,-70.0,-70.0,-70.0,-70.0,-70.0,False,False,False,False,False,True,False
9400,0.0973380969084498,-14.0,-14.0,-14.0,-14.0,-14.0,-14.0,-14.0,-14.0,-14.0,-14.0,-14.0,-14.0,-14.0,-14.0,-14.0,-14.0,-14.0,-14.0,-14.0,-14.0,-14.0,-14.0,-14.0,-14.0,-14.0,-14.0,-14.0,-14.0,-14.0,-14.0,-14.0,-14.0,-14.0,-14.0,-14.0,-14.0,-70.0,-70.0,-70.0,-70.0,-70.0,-70.0,-70.0,-70.0,-70.0,-70.0,-70.0,False,False,False,False,False,True,False
9450,0.0973380969084498,-14.0,-14.0,-14.0,-14.0,-14.0,-14.0,-14.0,-14.0,-14.0,-14.0,-14.0,-14.0,-14.0,-14.0,-14.0,-14.0,-14.0,-14.0,-14.0,-14.0,-14.0,-14.0,-14.0,-14.0,-14.0,-14.0,-14.0,-14.0,-14.0,-14.0,-14.0,-14.0,-14.0,-14.0,-14.0,-14.0,-70.0,-70.0,-70.0,-70.0,-70.0,-70.0,-70.0,-70.0,-70.0,-70.0,-70.0,False,False,False,False,False,True,False
9500,0.0973380969084498,-14.0,-14.0,-14.0,-14.0,-14.0,-14.0,-14.0,-14.0,-14.0,-14.0,-14.0,-14.0,-14.0,-14.0,-14.0,-14.0,-14.0,-14.0,-14.0,-14.0,-14.0,-14.0,-14.0,-14.0,-14.0,-14.0,-14.0,-14.0,-14.0,-14.0,-14.0,-14.0,-14.0,-14.0,-14.0,-14.0,-70.0,-70.0,-70.0,-70.0,-70.0,-70.0,-70.0,-70.0,-70.0,-70.0,-70.0,False,False,False,False,False,True,False
9550,0.0973380969084498,-14.0,-14.0,-14.0,-14.0,-14.0,-14.0,-14.0,-14.0,-14.0,-14.0,-14.0,-14.0,-14.0,-14.0,-14.0,-14.0,-14.0,-14.0,-14.0,-14.0,-14.0,-14.0,-14.0,-14.0,-14.0,-14.0,-14.0,-14.0,-14.0,-14.0,-14.0,-14.0,-14.0,-14.0,-14.0,-14.0,-70.0,-70.0,-70.0,-70.0,-70.0,-70.0,-70.0,-70.0,-70.0,-70.0,-70.0,False,False,False,False,False,True,False
9600,0.0973380969084498,-14.0,-14.0,-14.0,-14.0,-14.0,-14.0,-14.0,-14.0,-14.0,-14.0,-14.0,-14.0,-14.0,-14.0,-14.0,-14.0,-14.0,-14.0,-14.0,-14.0,-14.0,-14.0,-14.0,-14.0,-14.0,-14.0,-14.0,-14.0,-14.0,-14.0,-14.0,-14.0,-14.0,-14.0,-14.0,-14.0,-70.0,-70.0,-70.0,-70.0,-70.0,-70.0,-70.0,-70.0,-70.0,-70.0,-70.0,False,False,False,False,False,True,False
9650,0.0973380969084498,-14.0,-14.0,-14.0,-14.0,-14.0,-14.0,-14.0,-14.0,-14.0,-14.0,-14.0,-14.0,-14.0,-14.0,-14.0,-14.0,-14.0,-14.0,-14.0,-14.0,-14.0,-14.0,-14.0,-14.0,-14.0,-14.0,-14.0,-14.0,-14.0,-14.0,-14.0,-14.0,-14.0,-14.0,-14.0,-14.0,-70.0,-70.0,-70.0,-70.0,-70.0,-70.0,-70.0,-70.0,-70.0,-70.0,-70.0,False,False,False,False,False,True,False
9700,0.0973380969084498,-14.0,-14.0,-14.0,-14.0,-14.0,-14.0,-14.0,-14.0,-14.0,-14.0,-14.0,-14.0,-14.0,-14.0,-14.0,-14.0,-14.0,-14.0,-14.0,-14.0,-14.0,-14.0,-14.0,-14.0,-14.0,-14.0,-14.0,-14.0,-14.0,-14.0,-14.0,-14.0,-14.0,-14.0,-14.0,-14.0,-70.0,-70.0,-70.0,-70.0,-70.0,-70.0,-70.0,-70.0,-70.0,-70.0,-70.0,False,False,False,False,False,True,False
9750,0.0973380969084498,-14.0,-14.0,-14.0,-14.0,-14.0,-14.0,-14.0,-14.0,-14.0,-14.0,-14.0,-14.0,-14.0,-14.0,-14.0,-14.0,-14.0,-14.0,-14.0,-14.0,-14.0,-14.0,-14.0,-14.0,-14.0,-14.0,-14.0,-14.0,-14.0,-14.0,-14.0,-14.0,-14.0,-14.0,-14.0,-14.0,-70.0,-70.0,-70.0,-70.0,-70.0,-70.0,-70.0,-70.0,-70.0,-70.0,-70.0,False,False,False,False,False,True,False
9800,0.0973380969084498,-14.0,-14.0,-14.0,-14.0,-14.0,-14.0,-14.0,-14.0,-14.0,-14.0,-14.0,-14.0,-14.0,-14.0,-14.0,-14.0,-14.0,-14.0,-14.0,-14.0,-14.0,-14.0,-14.0,-14.0,-14.0,-14.0,-14.0,-14.0,-14.0,-14.0,-14.0,-14.0,-14.0,-14.0,-14.0,-14.0,-70.0,-70.0,-70.0,-70.0,-70.0,-70.0,-70.0,-70.0,-70.0,-70.0,-70.0,False,False,False,False,False,True,False
9850,0.0973380969084498,-14.0,-14.0,-14.0,-14.0,-14.0,-14.0,-14.0,-14.0,-14.0,-14.0,-14.0,-14.0,-14.0,-14.0,-14.0,-14.0,-14.0,-14.0,-14.0,-14.0,-14.0,-14.0,-14.0,-14.0,-14.0,-14.0,-14.0,-14.0,-14.0,-14.0,-14.0,-14.0,-14.0,-14.0,-14.0,-14.0,-70.0,-70.0,-70.0,-70.0,-70.0,-70.0,-70.0,-70.0,-70.0,-70.0,-70.0,False,False,False,False,False,True,False
9900,0.0973380969084498,-14.0,-14.0,-14.0,-14.0,-14.0,-14.0,-14.0,-14.0,-14.0,-14.0,-14.0,-14.0,-14.0,-14.0,-14.0,-14.0,-14.0,-14.0,-14.0,-14.0,-14.0,-14.0,-14.0,-14.0,-14.0,-14.0,-14.0,-14.0,-14.0,-14.0,-14.0,-14.0,-14.0,-14.0,-14.0,-14.0,-70.0,-70.0,-70.0,-70.0,-70.0,-70.0,-70.0,-70.0,-70.0,-70.0,-70.0,False,False,False,False,False,True,False
9950,0.0973380969084498,-14.0,-14.0,-14.0,-14.0,-14.0,-14.0,-14.0,-14.0,-14.0,-14.0,-14.0,-14.0,-14.0,-14.0,-14.0,-14.0,-14.0,-14.0,-14.0,-14.0,-14.0,-14.0,-14.0,-14.0,-14.0,-14.0,-14.0,-14.0,-14.0,-14.0,-14.0,-14.0,-14.0,-14.0,-14.0,-14.0,-70.0,-70.0,-70.0,-70.0,-70.0,-70.0,-70.0,-70.0,-70.0,-70.0,-70.0,False,False,False,False,False,True,False
10000,0.0973380969084498,-14.0,-14.0,-14.0,-14.0,-14.0,-14.0,-14.0,-14.0,-14.0,-14.0,-14.0,-14.0,-14.0,-14.0,-14.0,-14.0,-14.0,-14.0,-14.0,-14.0,-14.0,-14.0,-14.0,-14.0,-14.0,-14.0,-14.0,-14.0,-14.0,-14.0,-14.0,-14.0,-14.0,-14.0,-14.0,-14.0,-70.0,-70.0,-70.0,-70.0,-70.0,-70.0,-70.0,-70.0,-70.0,-70.0,-70.0,False,False,False,False,False,True,False
1000,0.0973380969084498,-36.28956334523026,-35.25494007671687,-34.236246056138285,-33.2334812834945,-32.24664575878552,-31.27573948201134,-30.32076245317195,-29.381714672267396,-28.458596139297676,-27.551406854262684,-26.660146817162524,-25.7848160279972,-24.925414486766652,-24.081942193470944,-23.25439914811001,-22.442785350683916,-21.64710080119254,-20.867345499636013,-20.103519446014314,-19.35562264032739,-18.623655082575304,-17.907616772757997,-17.207507710875472,-16.523327896927785,-15.855077330914927,-15.202756012836792,-14.566363942693556,-14.0,-14.0,-14.0,-14.0,-14.0,-14.0,-14.0,-14.0,-14.0,-70.0,-70.0,-70.0,-70.0,-70.0,-70.0,-70.0,-70.0,-70.0,-70.0,-70.0,False,False,False,False,False,False,True
1050,0.0973380969084498,-35.043075396792155,-34.05487690202249,-33.08189289093112,-32.12412336351806,-31.1815683197833,-30.254227759726827,-29.342101683348645,-28.445190090648794,-27.563492981627267,-26.69701035628397,-25.845742214618998,-25.009688556632355,-24.18884938232399,-23.383224691693954,-22.592814484742192,-21.817618761468765,-21.057637521873556,-20.312870765956685,-19.58331849371814,-18.868980705157867,-18.169857400275923,-17.485948579072257,-16.817254241546873,-16.163774387699817,-15.525509017531085,-14.902458131040579,-14.294621728228456,-14.0,-14.0,-14.0,-14.0,-14.0,-14.0,-14.0,-14.0,-14.0,-70.0,-70.0,-70.0,-70.0,-70.0,-70.0,-70.0,-70.0,-70.0,-70.0,-70.0,False,False,False,False,False,False,True
1100,0.0973380969084498,-33.90952059644778,-32.96354619757349,-32.03213619252084,-31.115290581289802,-30.2130093638804,-29.32529254029261,-28.452140110526436,-27.593552074581915,-26.749528432459044,-25.92006918415773,-25.105174329678064,-24.304843869020054,-23.519077802183645,-22.74787612916889,-21.991238849975737,-21.249165964604238,-20.521657473054287,-19.808713375325997,-19.110333671419358,-18.426518361334317,-17.757267445070934,-17.102580922629148,-16.462458794008974,-15.836901059210444,-15.225907718233572,-14.629478771078247,-14.047614217744632,-14.0,-14.0,-14.0,-14.0,-14.0,-14.0,-14.0,-14.0,-14.0,-70.0,-70.0,-70.0,-70.0,-70.0,-70.0,-70.0,-70.0,-70.0,-70.0,-70.0,False,False,False,False,False,False,True
1150,0.0973380969084498,-32.874152260121306,-31.966748988188865,-31.07331626199549,-30.193854081541176,-29.328362446825924,-28.476841357849732,-27.63929081461259,-26.815710817114535,-26.00610136535557,-25.210462459335595,-24.428794099054713,-23.661096284512915,-22.907369015710163,-22.1676122926465,-21.441826115321877,-20.730010483736343,-20.032165397889795,-19.34829085778235,-18.678386863413984,-18.022453414784664,-17.38049051189443,-16.752498154743233,-16.138476343331085,-15.538425077658022,-14.952344357724051,-14.380234183529065,-14.0,-14.0,-14.0,-14.0,-14.0,-14.0,-14.0,-14.0,-14.0,-14.0,-70.0,-70.0,-70.0,-70.0,-70.0,-70.0,-70.0,-70.0,-70.0,-70.0,-70.0,False,False,False,False,False,False,True
1200,0.0973380969084498,-31.924684845984377,-31.0526561589674,-30.19405338414909,-29.34887652152944,-28.517125571108462,-27.698800532886136,-26.893901406862465,-26.102428193037483,-25.324380891411188,-24.559759501983493,-23.808564024754485,-23.070794459724166,-22.34645080689249,-21.635533066259505,-20.938041237825164,-20.25397532158951,-19.583335317552454,-18.92612122571409,-18.282333046074413,-17.65197077863338,-17.035034423391036,-16.431523980347336,-15.841439449502278,-15.264780830855912,-14.701548124408234,-14.15174133015915,-14.0,-14.0,-14.0,-14.0,-14.0,-14.0,-14.0,-14.0,-14.0,-14.0,-70.0,-70.0,-70.0,-70.0,-70.0,-70.0,-70.0,-70.0,-70.0,-70.0,-70.0,False,False,False,False,False,False,True
1250,0.0973380969084498,-31.050801144023527,-30.211333901199446,-29.384791248659617,-28.571173186404042,-27.770479714432728,-26.982710832745656,-26.207866541342828,-25.44594684022428,-24.696951729390012,-23.960881208839933,-23.23773527857413,-22.52751393859261,-21.830217188895322,-21.145845029482313,-20.474397460353536,-19.815874481509045,-19.170276092948733,-18.537602294672713,-17.917853086680964,-17.31102846897345,-16.717128441550212,-16.136153004411213,-15.56810215755645,-15.01297590098596,-14.470774234699752,-14.0,-14.0,-14.0,-14.0,-14.0,-14.0,-14.0,-14.0,-14.0,-14.0,-14.0,-70.0,-70.0,-70.0,-70.0,-70.0,-70.0,-70.0,-70.0,-70.0,-70.0,-70.0,False,False,False,False,False,False,True
1300,0.0973380969084498,-30.243773298248836,-29.43437877791833,-28.637445842769402,-27.85297449280204,-27.08096472801626,-26.321416548412042,-25.574329953989384,-24.839704944748327,-24.117541520688864,-23.407839681810913,-22.710599428114556,-22.025820759599792,-21.353503676266588,-20.69364817811498,-20.04625426514492,-19.411321937356462,-18.78885119474951,-18.178842037324163,-17.581294465080404,-16.9962084780182,-16.423584076137594,-15.86342125943854,-15.315720027921044,-14.780480381585141,-14.25770232043083,-14.0,-14.0,-14.0,-14.0,-14.0,-14.0,-14.0,-14.0,-14.0,-14.0,-14.0,-70.0,-70.0,-70.0,-70.0,-70.0,-70.0,-70.0,-70.0,-70.0,-70.0,-70.0,False,False,False,False,False,False,True
1350,0.0973380969084498,-29.4961681283316,-28.71463396813897,-27.945132449958262,-27.18766357378948,-26.44222733963262,-25.708823747487678,-24.98745279735465,-24.278114489233566,-23.58080882312443,-22.895535799027154,-22.22229541694183,-21.561087676868446,-20.91191257880697,-20.27477012275744,-19.649660308719813,-19.036583136694137,-18.435538606680318,-17.84652671867845,-17.26954747268853,-16.704600868710507,-16.151686906744438,-15.610805586790265,-15.081956908848008,-14.565140872917693,-14.06035747899932,-14.0,-14.0,-14.0,-14.0,-14.0,-14.0,-14.0,-14.0,-14.0,-14.0,-14.0,-70.0,-70.0,-70.0,-70.0,-70.0,-70.0,-70.0,-70.0,-70.0,-70.0,-70.0,False,False,False,False,False,False,True
1400,0.0973380969084498,-28.801615659838777,-28.04596637913674,-27.301951212136167,-26.569570158837045,-25.84882321923939,-25.139710393343186,-24.442231681148428,-23.756387082655152,-23.082176597863356,-22.419600226772964,-21.768657969384048,-21.129349825696615,-20.50167579571062,-19.885635879426108,-19.281230076843034,-18.688458387961447,-18.10732081278125,-17.537817351302543,-16.979948003525315,-16.433712769449524,-15.899111649075216,-15.376144642402346,-14.86481174943092,-14.365112970160977,-14.0,-14.0,-14.0,-14.0,-14.0,-14.0,-14.0,-14.0,-14.0,-14.0,-14.0,-14.0,-70.0,-70.0,-70.0,-70.0,-70.0,-70.0,-70.0,-70.0,-70.0,-70.0,-70.0,False,False,False,False,False,False,True
1450,0.0973380969084498,-28.154625593663965,-27.42308992232841,-26.70281710718069,-25.99380714822081,-25.29606004544877,-24.60957579886456,-23.93435440846818,-23.270395874259663,-22.617700196239003,-21.976267374406127,-21.34609740876111,-20.727190299303953,-20.119546046034618,-19.523164648953145,-18.93804610805949,-18.364190423353698,-17.80159759483568,-17.250267622505532,-16.71020050636324,-16.18139624640877,-15.663854842642158,-15.157576295063366,-14.6625606036724,-14.178807768469293,-14.0,-14.0,-14.0,-14.0,-14.0,-14.0,-14.0,-14.0,-14.0,-14.0,-14.0,-14.0,-70.0,-70.0,-70.0,-70.0,-70.0,-70.0,-70.0,-70.0,-70.0,-70.0,-70.0,False,False,False,False,False,False,True
1500,0.0973380969084498,-27.55044051956911,-26.841424171974523,-26.143323968965486,-25.456139910541992,-24.779871996704046,-24.114520227451646,-23.460084602784782,-22.816565122703484,-22.183961787207757,-21.56227459629752,-20.951503549972855,-20.351648648233756,-19.762709891080185,-19.184687278512186,-18.617580810529713,-18.06139048713281,-17.5161163083214,-16.98175827409556,-16.45831638445529,-15.945790639400546,-15.444181038931372,-14.953487583047727,-14.473710271749615,-14.004849105037069,-14.0,-14.0,-14.0,-14.0,-14.0,-14.0,-14.0,-14.0,-14.0,-14.0,-14.0,-14.0,-70.0,-70.0,-70.0,-70.0,-70.0,-70.0,-70.0,-70.0,-70.0,-70.0,-70.0,False,False,False,False,False,False,True
1550,0.0973380969084498,-26.984917569676842,-26.296980409931184,-25.61963485576279,-24.95288090717166,-24.296718564157796,-23.651147826721193,-23.01616869486184,-22.391781168579776,-21.777985247874994,-21.174780932747424,-20.58216822319714,-20.00014711922414,-19.428717620828383,-18.867879728009918,-18.317633440768695,-17.77797875910476,-17.248915683018033,-16.730444212508598,-16.22256434757644,-15.72527608822153,-15.238579434443908,-14.76247438624353,-14.296960943620405,-14.0,-14.0,-14.0,-14.0,-14.0,-14.0,-14.0,-14.0,-14.0,-14.0,-14.0,-14.0,-14.0,-70.0,-70.0,-70.0,-70.0,-70.0,-70.0,-70.0,-70.0,-70.0,-70.0,-70.0,False,False,False,False,False,False,True
1600,0.0973380969084498,-26.454432285211617,-25.786269060290145,-25.12839299785052,-24.480804097892737,-23.843502360416796,-23.216487785422697,-22.599760372910428,-21.993320122880025,-21.39716703533148,-20.81130111026473,-20.235722347679843,-19.670430747576816,-19.115426309955616,-18.570709034816282,-18.03627892215877,-17.512135971983124,-16.998280184289268,-16.494711559077277,-16.001430096347146,-15.518435796098842,-15.045728658332402,-14.583308683047788,-14.131175870245004,-14.0,-14.0,-14.0,-14.0,-14.0,-14.0,-14.0,-14.0,-14.0,-14.0,-14.0,-14.0,-14.0,-70.0,-70.0,-70.0,-70.0,-70.0,-70.0,-70.0,-70.0,-70.0,-70.0,-70.0,False,False,False,False,False,False,True
1650,0.0973380969084498,-25.95579998036883,-25.306223972438687,-24.666648954818463,-24.037074927508158,-23.417501890507776,-22.80792984381731,-22.20835878743675,-21.618788721366133,-21.039219645605453,-20.469651560154645,-19.910084465013774,-19.36051836018284,-18.820953245661812,-18.291389121450724,-17.771825987549533,-17.26226384395829,-16.76270269067691,-16.273142527705474,-15.793583355043975,-15.324025172692378,-14.864467980650721,-14.414911778918967,-14.0,-14.0,-14.0,-14.0,-14.0,-14.0,-14.0,-14.0,-14.0,-14.0,-14.0,-14.0,-14.0,-14.0,-70.0,-70.0,-70.0,-70.0,-70.0,-70.0,-70.0,-70.0,-70.0,-70.0,-70.0,False,False,False,False,False,False,True
1700,0.0973380969084498,-25.486210997687685,-24.854140080472536,-24.231800642008267,-23.61919268229487,-23.016316201332348,-22.4231711991207,-21.839757675659914,-21.266075630950027,-20.702125064991034,-20.147905977782866,-19.603418369325592,-19.06866223961921,-18.543637588663692,-18.028344416459067,-17.5227827230053,-17.02695250830243,-16.540853772350385,-16.064486515149238,-15.597850736698982,-15.140946436999586,-14.693773616051084,-14.256332273853442,-14.0,-14.0,-14.0,-14.0,-14.0,-14.0,-14.0,-14.0,-14.0,-14.0,-14.0,-14.0,-14.0,-14.0,-70.0,-70.0,-70.0,-70.0,-70.0,-70.0,-70.0,-70.0,-70.0,-70.0,-70.0,False,False,False,False,False,False,True
1750,0.0973380969084498,-25.043177074074666,-24.427621761138887,-23.82154364970799,-23.224942739781973,-22.63781903136084,-22.060172524444585,-21.4920032190332,-20.933311115126717,-20.384096212725133,-19.844358511828382,-19.31409801243653,-18.793314714549577,-18.282008618167488,-17.780179723290303,-17.287828029917982,-16.80495353805056,-16.33155624768797,-15.867636158830287,-15.413193271477496,-14.968227585629574,-14.53273910128655,-14.106727818448393,-14.0,-14.0,-14.0,-14.0,-14.0,-14.0,-14.0,-14.0,-14.0,-14.0,-14.0,-14.0,-14.0,-14.0,-70.0,-70.0,-70.0,-70.0,-70.0,-70.0,-70.0,-70.0,-70.0,-70.0,-70.0,False,False,False,False,False,False,True
1800,0.0973380969084498,-24.62448665507449,-24.024539808040853,-23.433829851733474,-22.852356786152356,-22.280120611297498,-21.717121327168893,-21.16335893376654,-20.61883343109046,-20.08354481914066,-19.557493097917074,-19.04067826741976,-18.533100327648725,-18.034759278603936,-17.545655120285424,-17.065787852693152,-16.59515747582716,-16.133763989687377,-15.681607394273879,-15.238687689586651,-14.80500487562567,-14.380558952390963,-14.0,-14.0,-14.0,-14.0,-14.0,-14.0,-14.0,-14.0,-14.0,-14.0,-14.0,-14.0,-14.0,-14.0,-14.0,-70.0,-70.0,-70.0,-70.0,-70.0,-70.0,-70.0,-70.0,-70.0,-70.0,-70.0,False,False,False,False,False,False,True
1850,0.0973380969084498,-24.228167462904384,-23.642995390427387,-23.066832733561547,-22.499679492306857,-21.94153566666333,-21.39240125663095,-20.85227626220972,-20.321160683399665,-19.79905452020078,-19.285957772613006,-18.781870440636407,-18.28679252427098,-17.800724023516693,-17.32366493837358,-16.855615268841607,-16.39657501492081,-15.946544176611118,-15.505522753912608,-15.073510746825265,-14.650508155349064,-14.236514979484037,-14.0,-14.0,-14.0,-14.0,-14.0,-14.0,-14.0,-14.0,-14.0,-14.0,-14.0,-14.0,-14.0,-14.0,-14.0,-70.0,-70.0,-70.0,-70.0,-70.0,-70.0,-70.0,-70.0,-70.0,-70.0,-70.0,False,False,False,False,False,False,True
1900,0.0973380969084498,-23.85245498078937,-23.28128970869174,-22.718918200960214,-22.16534045759479,-21.62055647859547,-21.084566263962248,-20.557369813695118,-20.03896712779411,-19.529358206259218,-19.028543049090388,-18.536521656287672,-18.053294027851077,-17.578860163780572,-17.113220064076184,-16.656373728737883,-16.208321157765706,-15.769062351159581,-15.338597308919583,-14.9169260310457,-14.504048517537903,-14.099964768396227,-14.0,-14.0,-14.0,-14.0,-14.0,-14.0,-14.0,-14.0,-14.0,-14.0,-14.0,-14.0,-14.0,-14.0,-14.0,-70.0,-70.0,-70.0,-70.0,-70.0,-70.0,-70.0,-70.0,-70.0,-70.0,-70.0,False,False,False,False,False,False,True
1950,0.0973380969084498,-23.495765790712042,-22.937898323105955,-22.3886198844505,-21.847930474745677,-21.315830093991487,-20.792318742187923,-20.277396419334988,-19.771063125432697,-19.273318860481055,-18.78416362448,-18.303597417429597,-17.83162023932984,-17.3682320901807,-16.913432969982214,-16.467222878734344,-16.029601816437122,-15.600569783090485,-15.180126778694502,-14.768272803249165,-14.365007856754445,-14.0,-14.0,-14.0,-14.0,-14.0,-14.0,-14.0,-14.0,-14.0,-14.0,-14.0,-14.0,-14.0,-14.0,-14.0,-14.0,-70.0,-70.0,-70.0,-70.0,-70.0,-70.0,-70.0,-70.0,-70.0,-70.0,-70.0,False,False,False,False,False,False,True
2000,0.0973380969084498,-23.156674914442917,-22.611449337188674,-22.07461815204293,-21.546181359005686,-21.02613895807695,-20.514490949256704,-20.01123733254495,-19.516378107941716,-19.029913275446997,-18.55184283506074,-18.082166786782995,-17.620885130613768,-17.16799786655303,-16.723504994600805,-16.28740651475707,-15.859702427021851,-15.440392731395088,-15.029477427876849,-14.626956516467118,-14.232829997165878,-14.0,-14.0,-14.0,-14.0,-14.0,-14.0,-14.0,-14.0,-14.0,-14.0,-14.0,-14.0,-14.0,-14.0,-14.0,-14.0,-70.0,-70.0,-70.0,-70.0,-70.0,-70.0,-70.0,-70.0,-70.0,-70.0,-70.0,False,False,False,False,False,False,True
2050,0.0973380969084498,-22.833896473734963,-22.3007047769687,-21.775722196499206,-21.25894873232648,-20.750384384450523,-20.250029152871328,-19.757883037588897,-19.27394603860325,-18.798218155914384,-18.33069938952225,-17.871389739426895,-17.420289205628325,-16.97739778812651,-16.54271548692148,-16.116242302013205,-15.697978233401717,-15.28792328108695,-14.886077445068976,-14.49244072534778,-14.10701312192334,-14.0,-14.0,-14.0,-14.0,-14.0,-14.0,-14.0,-14.0,-14.0,-14.0,-14.0,-14.0,-14.0,-14.0,-14.0,-14.0,-70.0,-70.0,-70.0,-70.0,-70.0,-70.0,-70.0,-70.0,-70.0,-70.0,-70.0,False,False,False,False,False,False,True
2100,0.0973380969084498,-22.526267115982247,-22.00454463298894,-21.49085468419207,-20.98519726959163,-20.48757238918763,-19.997980042980064,-19.516420230968926,-19.04289295315424,-18.577398209536003,-18.119936000114166,-17.67050632488878,-17.22910918385984,-16.795744577027328,-16.37041250439127,-15.953112965951627,-15.543845961708442,-15.142611491661649,-14.749409555811312,-14.364240154157425,-14.0,-14.0,-14.0,-14.0,-14.0,-14.0,-14.0,-14.0,-14.0,-14.0,-14.0,-14.0,-14.0,-14.0,-14.0,-14.0,-14.0,-70.0,-70.0,-70.0,-70.0,-70.0,-70.0,-70.0,-70.0,-70.0,-70.0,-70.0,False,False,False,False,False,False,True
2150,0.0973380969084498,-22.23273175474248,-21.72195313117298,-21.219038548150657,-20.723988005675498,-20.236801503747518,-19.757479042366704,-19.28602062153305,-18.82242624124659,-18.366695901507313,-17.91882960231517,-17.478827343670215,-17.046689125572442,-16.622414948021834,-16.20600481101841,-15.797458714562145,-15.396776658653067,-15.003958643291122,-14.619004668476368,-14.241914734208795,-14.0,-14.0,-14.0,-14.0,-14.0,-14.0,-14.0,-14.0,-14.0,-14.0,-14.0,-14.0,-14.0,-14.0,-14.0,-14.0,-14.0,-70.0,-70.0,-70.0,-70.0,-70.0,-70.0,-70.0,-70.0,-70.0,-70.0,-70.0,False,False,False,False,False,False,True
2200,0.0973380969084498,-21.95233125651891,-21.45200687763177,-20.959385583840113,-20.47446737514393,-19.99725225154323,-19.527740213038,-19.065931259628247,-18.61182539131398,-18.16542260809521,-17.72672290997188,-17.295726296944043,-16.872432769011695,-16.456842326174815,-16.048954968433428,-15.648770695787505,-15.256289508237078,-14.871511405782087,-14.494436388422594,-14.12506445615859,-14.0,-14.0,-14.0,-14.0,-14.0,-14.0,-14.0,-14.0,-14.0,-14.0,-14.0,-14.0,-14.0,-14.0,-14.0,-14.0,-14.0,-70.0,-70.0,-70.0,-70.0,-70.0,-70.0,-70.0,-70.0,-70.0,-70.0,-70.0,False,False,False,False,False,False,True
2250,0.0973380969084498,-21.68419177078101,-21.19386458563948,-20.711086566981056,-20.235857714805725,-19.768178029113493,-19.308047509904355,-18.85546615717831,-18.410433970935376,-17.97295095117555,-17.54301709789879,-17.12063241110514,-16.705796890794602,-16.298510536967147,-15.898773349622807,-15.50658532876155,-15.121946474383408,-14.744856786488322,-14.375316265076354,-14.013324910147496,-14.0,-14.0,-14.0,-14.0,-14.0,-14.0,-14.0,-14.0,-14.0,-14.0,-14.0,-14.0,-14.0,-14.0,-14.0,-14.0,-14.0,-70.0,-70.0,-70.0,-70.0,-70.0,-70.0,-70.0,-70.0,-70.0,-70.0,-70.0,False,False,False,False,False,False,True
2300,0.0973380969084498,-21.427515452946466,-20.94675814379427,-20.473402661574653,-20.00744900628761,-19.548897177933153,-19.097747176511266,-18.653999002021955,-18.217652654465233,-17.788708133841105,-17.367165440149517,-16.953024573390525,-16.546285533564124,-16.14694832067029,-15.755012934709047,-15.370479375680372,-14.99334764358429,-14.623617738420748,-14.261289660189801,-14.0,-14.0,-14.0,-14.0,-14.0,-14.0,-14.0,-14.0,-14.0,-14.0,-14.0,-14.0,-14.0,-14.0,-14.0,-14.0,-14.0,-14.0,-70.0,-70.0,-70.0,-70.0,-70.0,-70.0,-70.0,-70.0,-70.0,-70.0,-70.0,False,False,False,False,False,False,True
2350,0.0973380969084498,-21.181572372682318,-20.709984825433132,-20.24565792579522,-19.78859167376858,-19.338786069353212,-18.896241112549113,-18.460956803356282,-18.032933141774734,-17.612170127804475,-17.19866776144545,-16.792426042697713,-16.393444971561262,-16.001724548036073,-15.617264772122168,-15.240065643819525,-14.870127163128169,-14.507449330048047,-14.152032144579216,-14.0,-14.0,-14.0,-14.0,-14.0,-14.0,-14.0,-14.0,-14.0,-14.0,-14.0,-14.0,-14.0,-14.0,-14.0,-14.0,-14.0,-14.0,-70.0,-70.0,-70.0,-70.0,-70.0,-70.0,-70.0,-70.0,-70.0,-70.0,-70.0,False,False,False,False,False,False,True
2400,0.0973380969084498,-20.94569343451855,-20.48290047272036,-20.027232755497,-19.578690282848466,-19.137273054774763,-18.702981071275882,-18.275814332351825,-17.855772838002608,-17.44285658822823,-17.03706558302865,-16.638399822403912,-16.24685930635401,-15.862444034878928,-15.485154007978688,-15.114989225653263,-14.751949687902682,-14.39603539472689,-14.047246346125945,-14.0,-14.0,-14.0,-14.0,-14.0,-14.0,-14.0,-14.0,-14.0,-14.0,-14.0,-14.0,-14.0,-14.0,-14.0,-14.0,-14.0,-14.0,-70.0,-70.0,-70.0,-70.0,-70.0,-70.0,-70.0,-70.0,-70.0,-70.0,-70.0,False,False,False,False,False,False,True
2450,0.0973380969084498,-20.71926416603633,-20.26491351604868,-19.81755813126843,-19.377198011695572,-18.94383315733011,-18.517463568172044,-18.098089244221363,-17.68571018547809,-17.280326391942225,-16.88193786361372,-16.490544600492626,-16.106146602578935,-15.728743869872632,-15.358336402373736,-14.994924200082222,-14.63850726299812,-14.289085591121372,-14.0,-14.0,-14.0,-14.0,-14.0,-14.0,-14.0,-14.0,-14.0,-14.0,-14.0,-14.0,-14.0,-14.0,-14.0,-14.0,-14.0,-14.0,-14.0,-70.0,-70.0,-70.0,-70.0,-70.0,-70.0,-70.0,-70.0,-70.0,-70.0,-70.0,False,False,False,False,False,False,True
2500,0.0973380969084498,-20.501719252069783,-20.055479711708713,-19.616110556436645,-19.18361178625357,-18.757983401159496,-18.339225401154415,-17.92733778623833,-17.522320556411252,-17.124173711673183,-16.73289725202408,-16.34849117746399,-15.97095548799291,-15.600290183610817,-15.236495264317735,-14.87957073011364,-14.529516580998555,-14.186332816972435,-14.0,-14.0,-14.0,-14.0,-14.0,-14.0,-14.0,-14.0,-14.0,-14.0,-14.0,-14.0,-14.0,-14.0,-14.0,-14.0,-14.0,-14.0,-14.0,-70.0,-70.0,-70.0,-70.0,-70.0,-70.0,-70.0,-70.0,-70.0,-70.0,-70.0,False,False,False,False,False,False,True
2550,0.0973380969084498,-20.2925377124439,-19.854097499157426,-19.42240759110241,-18.997467988278842,-18.57927869068673,-18.16783969832607,-17.763151011196854,-17.365212629299105,-16.97402455263282,-16.589586781197955,-16.211899314994557,-15.840962154022622,-15.47677529828213,-15.119338747773105,-14.768652502495522,-14.424716562449404,-14.087530927634704,-14.0,-14.0,-14.0,-14.0,-14.0,-14.0,-14.0,-14.0,-14.0,-14.0,-14.0,-14.0,-14.0,-14.0,-14.0,-14.0,-14.0,-14.0,-14.0,-70.0,-70.0,-70.0,-70.0,-70.0,-70.0,-70.0,-70.0,-70.0,-70.0,-70.0,False,False,False,False,False,False,True
2600,0.0973380969084498,-20.091238636549164,-19.660303894408578,-19.236003901901206,-18.818338659027038,-18.40730816578608,-18.00291242217833,-17.605151428203783,-17.214025183862457,-16.82953368915435,-16.45167694407942,-16.080454948637712,-15.715867702829224,-15.357915206653935,-15.006597460111868,-14.661914463202997,-14.323866215927351,-14.0,-14.0,-14.0,-14.0,-14.0,-14.0,-14.0,-14.0,-14.0,-14.0,-14.0,-14.0,-14.0,-14.0,-14.0,-14.0,-14.0,-14.0,-14.0,-14.0,-70.0,-70.0,-70.0,-70.0,-70.0,-70.0,-70.0,-70.0,-70.0,-70.0,-70.0,False,False,False,False,False,False,True
2650,0.0973380969084498,-19.897377401150703,-19.473670848678744,-19.056487759317783,-18.64582813306782,-18.241691969928855,-17.844079269900885,-17.45299003298391,-17.06842425917794,-16.690381948482983,-16.31886310089899,-15.953867716426009,-15.595395795064038,-15.243447336813054,-14.89802234167308,-14.559120809644094,-14.22674274072612,-14.0,-14.0,-14.0,-14.0,-14.0,-14.0,-14.0,-14.0,-14.0,-14.0,-14.0,-14.0,-14.0,-14.0,-14.0,-14.0,-14.0,-14.0,-14.0,-14.0,-70.0,-70.0,-70.0,-70.0,-70.0,-70.0,-70.0,-70.0,-70.0,-70.0,-70.0,False,False,False,False,False,False,True
2700,0.0973380969084498,-19.710542308741957,-19.293802011929586,-18.883477924489625,-18.479570046422076,-18.082078377726933,-17.691002918404198,-17.306343668453867,-16.928100627875956,-16.556273796670464,-16.190863174837354,-15.831868762376665,-15.479290559288394,-15.133128565572525,-14.793382781229077,-14.460053206258026,-14.1331398406594,-14.0,-14.0,-14.0,-14.0,-14.0,-14.0,-14.0,-14.0,-14.0,-14.0,-14.0,-14.0,-14.0,-14.0,-14.0,-14.0,-14.0,-14.0,-14.0,-14.0,-70.0,-70.0,-70.0,-70.0,-70.0,-70.0,-70.0,-70.0,-70.0,-70.0,-70.0,False,False,False,False,False,False,True
2750,0.0973380969084498,-19.530351592878528,-19.12032984973362,-18.71662087588743,-18.319224671339967,-17.928141236091225,-17.543370570141207,-17.164912673489905,-16.792767546137338,-16.426935188083505,-16.067415599328367,-15.71420877987196,-15.36731472971429,-15.026733448855335,-14.692464937295114,-14.364509195033605,-14.042866222070835,-14.0,-14.0,-14.0,-14.0,-14.0,-14.0,-14.0,-14.0,-14.0,-14.0,-14.0,-14.0,-14.0,-14.0,-14.0,-14.0,-14.0,-14.0,-14.0,-14.0,-70.0,-70.0,-70.0,-70.0,-70.0,-70.0,-70.0,-70.0,-70.0,-70.0,-70.0,False,False,False,False,False,False,True
2800,0.0973380969084498,-19.356450744585533,-18.952913069263825,-18.555588333353843,-18.164476536855584,-17.779577679769055,-17.400891762094243,-17.02841878383115,-16.662158744979795,-16.302111645540176,-15.948277485512252,-15.600656264896063,-15.25924798369161,-14.924052641898871,-14.595070239517872,-14.272300776548583,-14.0,-14.0,-14.0,-14.0,-14.0,-14.0,-14.0,-14.0,-14.0,-14.0,-14.0,-14.0,-14.0,-14.0,-14.0,-14.0,-14.0,-14.0,-14.0,-14.0,-14.0,-70.0,-70.0,-70.0,-70.0,-70.0,-70.0,-70.0,-70.0,-70.0,-70.0,-70.0,False,False,False,False,False,False,True
2850,0.0973380969084498,-19.18851012037977,-18.791234316416013,-18.400075042954153,-18.015032299994196,-17.636106087536135,-17.263296405579975,-16.896603254125708,-16.536026633173353,-16.18156654272291,-15.833222982774334,-15.49099595332767,-15.154885454382919,-14.824891485940057,-14.501014047999108,-14.183253140560048,-14.0,-14.0,-14.0,-14.0,-14.0,-14.0,-14.0,-14.0,-14.0,-14.0,-14.0,-14.0,-14.0,-14.0,-14.0,-14.0,-14.0,-14.0,-14.0,-14.0,-14.0,-70.0,-70.0,-70.0,-70.0,-70.0,-70.0,-70.0,-70.0,-70.0,-70.0,-70.0,False,False,False,False,False,False,True
2900,0.0973380969084498,-19.02622279789446,-18.634998111316627,-18.249796791137342,-17.8706188373566,-17.4974642499744,-17.13033302899074,-16.76922517440562,-16.414140686219053,-16.06507956443104,-15.722041809041544,-15.385027420050598,-15.054036397458209,-14.729068741264353,-14.410124451469052,-14.097203528072285,-14.0,-14.0,-14.0,-14.0,-14.0,-14.0,-14.0,-14.0,-14.0,-14.0,-14.0,-14.0,-14.0,-14.0,-14.0,-14.0,-14.0,-14.0,-14.0,-14.0,-14.0,-70.0,-70.0,-70.0,-70.0,-70.0,-70.0,-70.0,-70.0,-70.0,-70.0,-70.0,False,False,False,False,False,False,True
2950,0.0973380969084498,-18.869302649709436,-18.483928993912606,-18.104488620980707,-17.73098153091374,-17.363407723711706,-17.0017671993746,-16.64605995790242,-16.296285999295183,-15.952445323552887,-15.614537930675494,-15.282563820663043,-14.956522993515534,-14.636415449232949,-14.322241187815306,-14.014000209262583,-14.0,-14.0,-14.0,-14.0,-14.0,-14.0,-14.0,-14.0,-14.0,-14.0,-14.0,-14.0,-14.0,-14.0,-14.0,-14.0,-14.0,-14.0,-14.0,-14.0,-14.0,-70.0,-70.0,-70.0,-70.0,-70.0,-70.0,-70.0,-70.0,-70.0,-70.0,-70.0,False,False,False,False,False,False,True
3000,0.0973380969084498,-18.717482609912288,-18.33776985511631,-17.963903226924316,-17.5958827253363,-17.233708350352263,-16.877380101972204,-16.526897980196118,-16.182261985024027,-15.843472116455924,-15.510528374491773,-15.183430759131612,-14.862179270375442,-14.546773908223244,-14.237214672675037,-14.0,-14.0,-14.0,-14.0,-14.0,-14.0,-14.0,-14.0,-14.0,-14.0,-14.0,-14.0,-14.0,-14.0,-14.0,-14.0,-14.0,-14.0,-14.0,-14.0,-14.0,-14.0,-70.0,-70.0,-70.0,-70.0,-70.0,-70.0,-70.0,-70.0,-70.0,-70.0,-70.0,False,False,False,False,False,False,True
3050,0.0973380969084498,-18.570513111258887,-18.196280432197618,-17.82780950749805,-17.46510033716018,-17.10815292118401,-16.756967259569542,-16.411543352316766,-16.0718811994257,-15.737980800896343,-15.40984215672866,-15.087465266922687,-14.770850131478422,-14.45999675039585,-14.15490512367499,-14.0,-14.0,-14.0,-14.0,-14.0,-14.0,-14.0,-14.0,-14.0,-14.0,-14.0,-14.0,-14.0,-14.0,-14.0,-14.0,-14.0,-14.0,-14.0,-14.0,-14.0,-14.0,-70.0,-70.0,-70.0,-70.0,-70.0,-70.0,-70.0,-70.0,-70.0,-70.0,-70.0,False,False,False,False,False,False,True
3100,0.0973380969084498,-18.42816067365967,-18.059235949866576,-17.6959912581909,-17.33842659863264,-16.986541971191794,-16.640337375868356,-16.299812812662328,-15.964968281573723,-15.635803782602544,-15.312319315748748,-14.994514881012378,-14.682390478393433,-14.375946107891892,-14.075181769507774,-14.0,-14.0,-14.0,-14.0,-14.0,-14.0,-14.0,-14.0,-14.0,-14.0,-14.0,-14.0,-14.0,-14.0,-14.0,-14.0,-14.0,-14.0,-14.0,-14.0,-14.0,-14.0,-70.0,-70.0,-70.0,-70.0,-70.0,-70.0,-70.0,-70.0,-70.0,-70.0,-70.0,False,False,False,False,False,False,True
3150,0.0973380969084498,-18.290206627166967,-17.92642589084815,-17.568245988880424,-17.21566692126379,-16.868688687998247,-16.527311289083794,-16.191534724520427,-15.86135899430816,-15.536784098446995,-15.217810036936896,-14.904436809777897,-14.59666441697,-14.294492858513186,-14.0,-14.0,-14.0,-14.0,-14.0,-14.0,-14.0,-14.0,-14.0,-14.0,-14.0,-14.0,-14.0,-14.0,-14.0,-14.0,-14.0,-14.0,-14.0,-14.0,-14.0,-14.0,-14.0,-70.0,-70.0,-70.0,-70.0,-70.0,-70.0,-70.0,-70.0,-70.0,-70.0,-70.0,False,False,False,False,False,False,True
3200,0.0973380969084498,-18.156445954743305,-17.797652881776717,-17.4443838521895,-17.096638865981653,-16.75441792315318,-16.417721023704075,-16.086548167634337,-15.760899354943984,-15.44077458563301,-15.12617385970138,-14.817097177149133,-14.513544537976268,-14.215515942182765,-14.0,-14.0,-14.0,-14.0,-14.0,-14.0,-14.0,-14.0,-14.0,-14.0,-14.0,-14.0,-14.0,-14.0,-14.0,-14.0,-14.0,-14.0,-14.0,-14.0,-14.0,-14.0,-14.0,-70.0,-70.0,-70.0,-70.0,-70.0,-70.0,-70.0,-70.0,-70.0,-70.0,-70.0,False,False,False,False,False,False,True
3250,0.0973380969084498,-18.02668624190327,-17.672731681983493,-17.324226670816586,-16.98117120840255,-16.643565294741382,-16.311408929833078,-15.984702113677644,-15.663444846275086,-15.34763712762541,-15.037278957728574,-14.73237033658462,-14.432911264193542,-14.138901740555328,-14.0,-14.0,-14.0,-14.0,-14.0,-14.0,-14.0,-14.0,-14.0,-14.0,-14.0,-14.0,-14.0,-14.0,-14.0,-14.0,-14.0,-14.0,-14.0,-14.0,-14.0,-14.0,-14.0,-70.0,-70.0,-70.0,-70.0,-70.0,-70.0,-70.0,-70.0,-70.0,-70.0,-70.0,False,False,False,False,False,False,True
3300,0.0973380969084498,-17.90074672188738,-17.551488264257372,-17.207607053335643,-16.869103089122184,-16.535976371617,-16.208226900820083,-15.885854676731435,-15.56885969935107,-15.257241968678986,-14.95100148471515,-14.650138247459596,-14.354652256912324,-14.064543513073316,-14.0,-14.0,-14.0,-14.0,-14.0,-14.0,-14.0,-14.0,-14.0,-14.0,-14.0,-14.0,-14.0,-14.0,-14.0,-14.0,-14.0,-14.0,-14.0,-14.0,-14.0,-14.0,-14.0,-70.0,-70.0,-70.0,-70.0,-70.0,-70.0,-70.0,-70.0,-70.0,-70.0,-70.0,False,False,False,False,False,False,True
3350,0.0973380969084498,-17.778457406381154,-17.433758977964253,-17.09436758921686,-16.760283240138964,-16.43150593073057,-16.10803566099168,-15.789872430922284,-15.4770162405224,-15.169467089792027,-14.867224978731132,-14.570289907339747,-14.278661875617873,-14.0,-14.0,-14.0,-14.0,-14.0,-14.0,-14.0,-14.0,-14.0,-14.0,-14.0,-14.0,-14.0,-14.0,-14.0,-14.0,-14.0,-14.0,-14.0,-14.0,-14.0,-14.0,-14.0,-14.0,-70.0,-70.0,-70.0,-70.0,-70.0,-70.0,-70.0,-70.0,-70.0,-70.0,-70.0,False,False,False,False,False,False,True
3400,0.0973380969084498,-17.65965829296846,-17.31938978604191,-16.984360114908245,-16.654569279567465,-16.330017280019568,-16.010704116264556,-15.696629788302422,-15.387794296133182,-15.084197639756836,-14.785839819173347,-14.492720834382755,-14.204840685385054,-14.0,-14.0,-14.0,-14.0,-14.0,-14.0,-14.0,-14.0,-14.0,-14.0,-14.0,-14.0,-14.0,-14.0,-14.0,-14.0,-14.0,-14.0,-14.0,-14.0,-14.0,-14.0,-14.0,-14.0,-70.0,-70.0,-70.0,-70.0,-70.0,-70.0,-70.0,-70.0,-70.0,-70.0,-70.0,False,False,False,False,False,False,True
3450,0.0973380969084498,-17.54419864153024,-17.208235568371588,-16.877445043764812,-16.551827067709908,-16.231381640206877,-15.91610876125572,-15.606008430856427,-15.30108064900902,-15.001325415713493,-14.706742730969815,-14.417332594778019,-14.133095007138106,-14.0,-14.0,-14.0,-14.0,-14.0,-14.0,-14.0,-14.0,-14.0,-14.0,-14.0,-14.0,-14.0,-14.0,-14.0,-14.0,-14.0,-14.0,-14.0,-14.0,-14.0,-14.0,-14.0,-14.0,-70.0,-70.0,-70.0,-70.0,-70.0,-70.0,-70.0,-70.0,-70.0,-70.0,-70.0,False,False,False,False,False,False,True
3500,0.0973380969084498,-17.4319363126905,-17.100159484885022,-16.77349075343691,-16.45193011834616,-16.135477579612772,-15.824133137236746,-15.51789679121808,-15.216768541556785,-14.920748388252862,-14.62983633130628,-14.344032370717068,-14.063336506485228,-14.0,-14.0,-14.0,-14.0,-14.0,-14.0,-14.0,-14.0,-14.0,-14.0,-14.0,-14.0,-14.0,-14.0,-14.0,-14.0,-14.0,-14.0,-14.0,-14.0,-14.0,-14.0,-14.0,-14.0,-70.0,-70.0,-70.0,-70.0,-70.0,-70.0,-70.0,-70.0,-70.0,-70.0,-70.0,False,False,False,False,False,False,True
3550,0.0973380969084498,-17.322737162189092,-16.995032392514336,-16.67237302504967,-16.354759059795093,-16.042190496750607,-15.734667335916205,-15.43218957729189,-15.134757220877672,-14.842370266673555,-14.555028714679501,-14.272732564895545,-14.0,-14.0,-14.0,-14.0,-14.0,-14.0,-14.0,-14.0,-14.0,-14.0,-14.0,-14.0,-14.0,-14.0,-14.0,-14.0,-14.0,-14.0,-14.0,-14.0,-14.0,-14.0,-14.0,-14.0,-14.0,-70.0,-70.0,-70.0,-70.0,-70.0,-70.0,-70.0,-70.0,-70.0,-70.0,-70.0,False,False,False,False,False,False,True
3600,0.0973380969084498,-17.21647448574127,-16.89273231074743,-16.573974529135583,-16.26020114090572,-15.95141214605785,-15.647607544591965,-15.348787336508066,-15.054951521806162,-14.766100100486259,-14.482233072548318,-14.203350437992377,-14.0,-14.0,-14.0,-14.0,-14.0,-14.0,-14.0,-14.0,-14.0,-14.0,-14.0,-14.0,-14.0,-14.0,-14.0,-14.0,-14.0,-14.0,-14.0,-14.0,-14.0,-14.0,-14.0,-14.0,-14.0,-70.0,-70.0,-70.0,-70.0,-70.0,-70.0,-70.0,-70.0,-70.0,-70.0,-70.0,False,False,False,False,False,False,True
3650,0.0973380969084498,-17.113028509540523,-16.793143931125737,-16.47818435383471,-16.16814977766743,-15.863040202623907,-15.562855628704133,-15.26759605590811,-14.977261484235848,-14.691851913687348,-14.411367344262576,-14.135807775961569,-14.0,-14.0,-14.0,-14.0,-14.0,-14.0,-14.0,-14.0,-14.0,-14.0,-14.0,-14.0,-14.0,-14.0,-14.0,-14.0,-14.0,-14.0,-14.0,-14.0,-14.0,-14.0,-14.0,-14.0,-14.0,-70.0,-70.0,-70.0,-70.0,-70.0,-70.0,-70.0,-70.0,-70.0,-70.0,-70.0,False,False,False,False,False,False,True
3700,0.0973380969084498,-17.01228592208507,-16.69615816652562,-16.384897571362256,-16.07850413659498,-15.776977862223795,-15.480318748248694,-15.188526794669679,-14.90160200148676,-14.619544368699938,-14.34235389630918,-14.070030584314521,-14.0,-14.0,-14.0,-14.0,-14.0,-14.0,-14.0,-14.0,-14.0,-14.0,-14.0,-14.0,-14.0,-14.0,-14.0,-14.0,-14.0,-14.0,-14.0,-14.0,-14.0,-14.0,-14.0,-14.0,-14.0,-70.0,-70.0,-70.0,-70.0,-70.0,-70.0,-70.0,-70.0,-70.0,-70.0,-70.0,False,False,False,False,False,False,True
3750,0.0973380969084498,-16.9141394434694,-16.601671736508525,-16.29401483917012,-15.991168751454195,-15.69313347336074,-15.399909004889759,-15.111495346041249,-14.827892496815219,-14.549100457211674,-14.275119227230578,-14.005948806871965,-14.0,-14.0,-14.0,-14.0,-14.0,-14.0,-14.0,-14.0,-14.0,-14.0,-14.0,-14.0,-14.0,-14.0,-14.0,-14.0,-14.0,-14.0,-14.0,-14.0,-14.0,-14.0,-14.0,-14.0,-14.0,-70.0,-70.0,-70.0,-70.0,-70.0,-70.0,-70.0,-70.0,-70.0,-70.0,-70.0,False,False,False,False,False,False,True
3800,0.0973380969084498,-16.818487428688613,-16.5095867854163,-16.205442032605426,-15.906053170255989,-15.611420198367993,-15.321543116941434,-15.036421925976308,-14.756056625472631,-14.4804472154304,-14.209593695849586,-14.0,-14.0,-14.0,-14.0,-14.0,-14.0,-14.0,-14.0,-14.0,-14.0,-14.0,-14.0,-14.0,-14.0,-14.0,-14.0,-14.0,-14.0,-14.0,-14.0,-14.0,-14.0,-14.0,-14.0,-14.0,-14.0,-70.0,-70.0,-70.0,-70.0,-70.0,-70.0,-70.0,-70.0,-70.0,-70.0,-70.0,False,False,False,False,False,False,True
3850,0.0973380969084498,-16.725233501862228,-16.419810530233494,-16.11908990620134,-15.823071629765764,-15.53175570092677,-15.24514211968435,-14.963230886038508,-14.686021999989254,-14.413515461536585,-14.145711270680476,-14.0,-14.0,-14.0,-14.0,-14.0,-14.0,-14.0,-14.0,-14.0,-14.0,-14.0,-14.0,-14.0,-14.0,-14.0,-14.0,-14.0,-14.0,-14.0,-14.0,-14.0,-14.0,-14.0,-14.0,-14.0,-14.0,-70.0,-70.0,-70.0,-70.0,-70.0,-70.0,-70.0,-70.0,-70.0,-70.0,-70.0,False,False,False,False,False,False,True
3900,0.0973380969084498,-16.634286218601453,-16.33225493554413,-16.03487378102954,-15.742142755057676,-15.454061857628545,-15.170631088742144,-14.891850448398467,-14.617719936597531,-14.348239553339333,-14.083409298623843,-14.0,-14.0,-14.0,-14.0,-14.0,-14.0,-14.0,-14.0,-14.0,-14.0,-14.0,-14.0,-14.0,-14.0,-14.0,-14.0,-14.0,-14.0,-14.0,-14.0,-14.0,-14.0,-14.0,-14.0,-14.0,-14.0,-70.0,-70.0,-70.0,-70.0,-70.0,-70.0,-70.0,-70.0,-70.0,-70.0,-70.0,False,False,False,False,False,False,True
3950,0.0973380969084498,-16.54555875402525,-16.2468364131812,-15.952713255804005,-15.663189281893663,-15.378264491450178,-15.097938884473544,-14.822212460963764,-14.551085220920845,-14.284557164344788,-14.022628291235566,-14.0,-14.0,-14.0,-14.0,-14.0,-14.0,-14.0,-14.0,-14.0,-14.0,-14.0,-14.0,-14.0,-14.0,-14.0,-14.0,-14.0,-14.0,-14.0,-14.0,-14.0,-14.0,-14.0,-14.0,-14.0,-14.0,-70.0,-70.0,-70.0,-70.0,-70.0,-70.0,-70.0,-70.0,-70.0,-70.0,-70.0,False,False,False,False,False,False,True
4000,0.0973380969084498,-16.458968614180012,-16.16347554440736,-15.87253193965707,-15.586137799929146,-15.304293125223586,-15.026997915540386,-14.754252170879546,-14.486055891241078,-14.222409076624983,-14.0,-14.0,-14.0,-14.0,-14.0,-14.0,-14.0,-14.0,-14.0,-14.0,-14.0,-14.0,-14.0,-14.0,-14.0,-14.0,-14.0,-14.0,-14.0,-14.0,-14.0,-14.0,-14.0,-14.0,-14.0,-14.0,-14.0,-70.0,-70.0,-70.0,-70.0,-70.0,-70.0,-70.0,-70.0,-70.0,-70.0,-70.0,False,False,False,False,False,False,True
4050,0.0973380969084498,-16.374437368839622,-16.08209682267899,-15.79425720471407,-15.510918514944857,-15.232080753371356,-14.957743919993561,-14.687908014811471,-14.4225730378251,-14.161738989034447,-14.0,-14.0,-14.0,-14.0,-14.0,-14.0,-14.0,-14.0,-14.0,-14.0,-14.0,-14.0,-14.0,-14.0,-14.0,-14.0,-14.0,-14.0,-14.0,-14.0,-14.0,-14.0,-14.0,-14.0,-14.0,-14.0,-14.0,-70.0,-70.0,-70.0,-70.0,-70.0,-70.0,-70.0,-70.0,-70.0,-70.0,-70.0,False,False,False,False,False,False,True
4100,0.0973380969084498,-16.29189040386006,-16.002628415235815,-15.717819956775772,-15.43746502847993,-15.161563630348294,-14.890115762380857,-14.623121424577619,-14.36058061693859,-14.102493339463773,-14.0,-14.0,-14.0,-14.0,-14.0,-14.0,-14.0,-14.0,-14.0,-14.0,-14.0,-14.0,-14.0,-14.0,-14.0,-14.0,-14.0,-14.0,-14.0,-14.0,-14.0,-14.0,-14.0,-14.0,-14.0,-14.0,-14.0,-70.0,-70.0,-70.0,-70.0,-70.0,-70.0,-70.0,-70.0,-70.0,-70.0,-70.0,False,False,False,False,False,False,True
4150,0.0973380969084498,-16.211256691438795,-15.925001941927789,-15.643154422580887,-15.36571413339809,-15.092681074379398,-14.824055245524807,-14.559836646834317,-14.300025278307938,-14.044621139945672,-14.0,-14.0,-14.0,-14.0,-14.0,-14.0,-14.0,-14.0,-14.0,-14.0,-14.0,-14.0,-14.0,-14.0,-14.0,-14.0,-14.0,-14.0,-14.0,-14.0,-14.0,-14.0,-14.0,-14.0,-14.0,-14.0,-14.0,-70.0,-70.0,-70.0,-70.0,-70.0,-70.0,-70.0,-70.0,-70.0,-70.0,-70.0,False,False,False,False,False,False,True
4200,0.0973380969084498,-16.13246857678639,-15.849152269842351,-15.570197952266449,-15.295605624058688,-15.025375285219065,-14.759506935747579,-14.498000575644229,-14.240856204909026,-14.0,-14.0,-14.0,-14.0,-14.0,-14.0,-14.0,-14.0,-14.0,-14.0,-14.0,-14.0,-14.0,-14.0,-14.0,-14.0,-14.0,-14.0,-14.0,-14.0,-14.0,-14.0,-14.0,-14.0,-14.0,-14.0,-14.0,-14.0,-70.0,-70.0,-70.0,-70.0,-70.0,-70.0,-70.0,-70.0,-70.0,-70.0,-70.0,False,False,False,False,False,False,True
4250,0.0973380969084498,-16.055461579858324,-15.775017322430351,-15.498890835774034,-15.227082119889372,-14.959591174776369,-14.696418000435019,-14.43756259686532,-14.183024964067286,-14.0,-14.0,-14.0,-14.0,-14.0,-14.0,-14.0,-14.0,-14.0,-14.0,-14.0,-14.0,-14.0,-14.0,-14.0,-14.0,-14.0,-14.0,-14.0,-14.0,-14.0,-14.0,-14.0,-14.0,-14.0,-14.0,-14.0,-14.0,-70.0,-70.0,-70.0,-70.0,-70.0,-70.0,-70.0,-70.0,-70.0,-70.0,-70.0,False,False,False,False,False,False,True
4300,0.0973380969084498,-15.980174210920726,-15.70253790195015,-15.429176132066301,-15.160088901269177,-14.895276209558778,-14.634738056935102,-14.37847444339815,-14.126485368947932,-14.0,-14.0,-14.0,-14.0,-14.0,-14.0,-14.0,-14.0,-14.0,-14.0,-14.0,-14.0,-14.0,-14.0,-14.0,-14.0,-14.0,-14.0,-14.0,-14.0,-14.0,-14.0,-14.0,-14.0,-14.0,-14.0,-14.0,-14.0,-70.0,-70.0,-70.0,-70.0,-70.0,-70.0,-70.0,-70.0,-70.0,-70.0,-70.0,False,False,False,False,False,False,True
4350,0.0973380969084498,-15.906547798836689,-15.631657524157964,-15.360999510122783,-15.094573756731144,-14.832380263983051,-14.5744190318785,-14.320690060417489,-14.07119334960003,-14.0,-14.0,-14.0,-14.0,-14.0,-14.0,-14.0,-14.0,-14.0,-14.0,-14.0,-14.0,-14.0,-14.0,-14.0,-14.0,-14.0,-14.0,-14.0,-14.0,-14.0,-14.0,-14.0,-14.0,-14.0,-14.0,-14.0,-14.0,-70.0,-70.0,-70.0,-70.0,-70.0,-70.0,-70.0,-70.0,-70.0,-70.0,-70.0,False,False,False,False,False,False,True
4400,0.0973380969084498,-15.834526331060932,-15.562322264270007,-15.294309100777639,-15.030486840583826,-14.770855483688567,-14.515415030091864,-14.26416547979371,-14.017106832794122,-14.0,-14.0,-14.0,-14.0,-14.0,-14.0,-14.0,-14.0,-14.0,-14.0,-14.0,-14.0,-14.0,-14.0,-14.0,-14.0,-14.0,-14.0,-14.0,-14.0,-14.0,-14.0,-14.0,-14.0,-14.0,-14.0,-14.0,-14.0,-70.0,-70.0,-70.0,-70.0,-70.0,-70.0,-70.0,-70.0,-70.0,-70.0,-70.0,False,False,False,False,False,False,True
4450,0.0973380969084498,-15.764056304421672,-15.494480613309625,-15.229055358546345,-14.967780540131836,-14.710656158066094,-14.45768221234912,-14.208858702980912,-14.0,-14.0,-14.0,-14.0,-14.0,-14.0,-14.0,-14.0,-14.0,-14.0,-14.0,-14.0,-14.0,-14.0,-14.0,-14.0,-14.0,-14.0,-14.0,-14.0,-14.0,-14.0,-14.0,-14.0,-14.0,-14.0,-14.0,-14.0,-14.0,-70.0,-70.0,-70.0,-70.0,-70.0,-70.0,-70.0,-70.0,-70.0,-70.0,-70.0,False,False,False,False,False,False,True
4500,0.0973380969084498,-15.695086585850477,-15.428083344031426,-15.165190932664162,-14.906409351748685,-14.651738601284997,-14.401178681273091,-14.154729591712972,-14.0,-14.0,-14.0,-14.0,-14.0,-14.0,-14.0,-14.0,-14.0,-14.0,-14.0,-14.0,-14.0,-14.0,-14.0,-14.0,-14.0,-14.0,-14.0,-14.0,-14.0,-14.0,-14.0,-14.0,-14.0,-14.0,-14.0,-14.0,-14.0,-70.0,-70.0,-70.0,-70.0,-70.0,-70.0,-70.0,-70.0,-70.0,-70.0,-70.0,False,False,False,False,False,False,True
4550,0.0973380969084498,-15.627568282294607,-15.363083385685533,-15.10267054662756,-14.846329765120693,-14.594061041164927,-14.345864374760264,-14.1017397659067,-14.0,-14.0,-14.0,-14.0,-14.0,-14.0,-14.0,-14.0,-14.0,-14.0,-14.0,-14.0,-14.0,-14.0,-14.0,-14.0,-14.0,-14.0,-14.0,-14.0,-14.0,-14.0,-14.0,-14.0,-14.0,-14.0,-14.0,-14.0,-14.0,-70.0,-70.0,-70.0,-70.0,-70.0,-70.0,-70.0,-70.0,-70.0,-70.0,-70.0,False,False,False,False,False,False,True
4600,0.0973380969084498,-15.561454619113043,-15.29943570694911,-15.041450885591452,-14.787500155040066,-14.537583515294957,-14.291700966356117,-14.04985250822355,-14.0,-14.0,-14.0,-14.0,-14.0,-14.0,-14.0,-14.0,-14.0,-14.0,-14.0,-14.0,-14.0,-14.0,-14.0,-14.0,-14.0,-14.0,-14.0,-14.0,-14.0,-14.0,-14.0,-14.0,-14.0,-14.0,-14.0,-14.0,-14.0,-70.0,-70.0,-70.0,-70.0,-70.0,-70.0,-70.0,-70.0,-70.0,-70.0,-70.0,False,False,False,False,False,False,True
4650,0.0973380969084498,-15.496700826317406,-15.23709720641027,-14.98149049103073,-14.729880680178779,-14.482267773854423,-14.238651772057656,-14.0,-14.0,-14.0,-14.0,-14.0,-14.0,-14.0,-14.0,-14.0,-14.0,-14.0,-14.0,-14.0,-14.0,-14.0,-14.0,-14.0,-14.0,-14.0,-14.0,-14.0,-14.0,-14.0,-14.0,-14.0,-14.0,-14.0,-14.0,-14.0,-14.0,-70.0,-70.0,-70.0,-70.0,-70.0,-70.0,-70.0,-70.0,-70.0,-70.0,-70.0,False,False,False,False,False,False,True
4700,0.0973380969084498,-15.43326403207348,-15.17602661004179,-14.922749662125034,-14.673433188323209,-14.428077188636315,-14.18668166306435,-14.0,-14.0,-14.0,-14.0,-14.0,-14.0,-14.0,-14.0,-14.0,-14.0,-14.0,-14.0,-14.0,-14.0,-14.0,-14.0,-14.0,-14.0,-14.0,-14.0,-14.0,-14.0,-14.0,-14.0,-14.0,-14.0,-14.0,-14.0,-14.0,-14.0,-70.0,-70.0,-70.0,-70.0,-70.0,-70.0,-70.0,-70.0,-70.0,-70.0,-70.0,False,False,False,False,False,False,True
4750,0.0973380969084498,-15.371103162928138,-15.116184375149425,-14.865190363371163,-14.618121127593346,-14.374976667815979,-14.135756984039059,-14.0,-14.0,-14.0,-14.0,-14.0,-14.0,-14.0,-14.0,-14.0,-14.0,-14.0,-14.0,-14.0,-14.0,-14.0,-14.0,-14.0,-14.0,-14.0,-14.0,-14.0,-14.0,-14.0,-14.0,-14.0,-14.0,-14.0,-14.0,-14.0,-14.0,-70.0,-70.0,-70.0,-70.0,-70.0,-70.0,-70.0,-70.0,-70.0,-70.0,-70.0,False,False,False,False,False,False,True
4800,0.0973380969084498,-15.310178850271225,-15.057532600322636,-14.808776137968923,-14.56390946321008,-14.32293257604611,-14.085845476477012,-14.0,-14.0,-14.0,-14.0,-14.0,-14.0,-14.0,-14.0,-14.0,-14.0,-14.0,-14.0,-14.0,-14.0,-14.0,-14.0,-14.0,-14.0,-14.0,-14.0,-14.0,-14.0,-14.0,-14.0,-14.0,-14.0,-14.0,-14.0,-14.0,-14.0,-70.0,-70.0,-70.0,-70.0,-70.0,-70.0,-70.0,-70.0,-70.0,-70.0,-70.0,False,False,False,False,False,False,True
4850,0.0973380969084498,-15.25045334258225,-15.000034940954409,-14.753472026563674,-14.510764599410045,-14.271912659493525,-14.03691620681411,-14.0,-14.0,-14.0,-14.0,-14.0,-14.0,-14.0,-14.0,-14.0,-14.0,-14.0,-14.0,-14.0,-14.0,-14.0,-14.0,-14.0,-14.0,-14.0,-14.0,-14.0,-14.0,-14.0,-14.0,-14.0,-14.0,-14.0,-14.0,-14.0,-14.0,-70.0,-70.0,-70.0,-70.0,-70.0,-70.0,-70.0,-70.0,-70.0,-70.0,-70.0,False,False,False,False,False,False,True
4900,0.0973380969084498,-15.191890423048678,-14.943656529932277,-14.699244490962801,-14.45865430614025,-14.221885975464625,-14.0,-14.0,-14.0,-14.0,-14.0,-14.0,-14.0,-14.0,-14.0,-14.0,-14.0,-14.0,-14.0,-14.0,-14.0,-14.0,-14.0,-14.0,-14.0,-14.0,-14.0,-14.0,-14.0,-14.0,-14.0,-14.0,-14.0,-14.0,-14.0,-14.0,-14.0,-70.0,-70.0,-70.0,-70.0,-70.0,-70.0,-70.0,-70.0,-70.0,-70.0,-70.0,False,False,False,False,False,False,True
4950,0.0973380969084498,-15.134455332175815,-14.888363903134827,-14.646061342474365,-14.407547650194424,-14.172822826295008,-14.0,-14.0,-14.0,-14.0,-14.0,-14.0,-14.0,-14.0,-14.0,-14.0,-14.0,-14.0,-14.0,-14.0,-14.0,-14.0,-14.0,-14.0,-14.0,-14.0,-14.0,-14.0,-14.0,-14.0,-14.0,-14.0,-14.0,-14.0,-14.0,-14.0,-14.0,-70.0,-70.0,-70.0,-70.0,-70.0,-70.0,-70.0,-70.0,-70.0,-70.0,-70.0,False,False,False,False,False,False,True
5000,0.0973380969084498,-15.07811469503889,-14.8341249293972,-14.593891674544262,-14.35741493048007,-14.124694697204628,-14.0,-14.0,-14.0,-14.0,-14.0,-14.0,-14.0,-14.0,-14.0,-14.0,-14.0,-14.0,-14.0,-14.0,-14.0,-14.0,-14.0,-14.0,-14.0,-14.0,-14.0,-14.0,-14.0,-14.0,-14.0,-14.0,-14.0,-14.0,-14.0,-14.0,-14.0,-70.0,-70.0,-70.0,-70.0,-70.0,-70.0,-70.0,-70.0,-70.0,-70.0,-70.0,False,False,False,False,False,False,True
5050,0.0973380969084498,-15.02283645285544,-14.780908744635779,-14.54270579939392,-14.30822761712986,-14.077474197843603,-14.0,-14.0,-14.0,-14.0,-14.0,-14.0,-14.0,-14.0,-14.0,-14.0,-14.0,-14.0,-14.0,-14.0,-14.0,-14.0,-14.0,-14.0,-14.0,-14.0,-14.0,-14.0,-14.0,-14.0,-14.0,-14.0,-14.0,-14.0,-14.0,-14.0,-14.0,-70.0,-70.0,-70.0,-70.0,-70.0,-70.0,-70.0,-70.0,-70.0,-70.0,-70.0,False,False,False,False,False,False,True
5100,0.0973380969084498,-14.96858979858147,-14.728685689846559,-14.492475188383894,-14.259958294193476,-14.031135007275305,-14.0,-14.0,-14.0,-14.0,-14.0,-14.0,-14.0,-14.0,-14.0,-14.0,-14.0,-14.0,-14.0,-14.0,-14.0,-14.0,-14.0,-14.0,-14.0,-14.0,-14.0,-14.0,-14.0,-14.0,-14.0,-14.0,-14.0,-14.0,-14.0,-14.0,-14.0,-70.0,-70.0,-70.0,-70.0,-70.0,-70.0,-70.0,-70.0,-70.0,-70.0,-70.0,False,False,False,False,False,False,True
5150,0.0973380969084498,-14.915345116257878,-14.677427252713885,-14.443172415850086,-14.212580605666476,-14.0,-14.0,-14.0,-14.0,-14.0,-14.0,-14.0,-14.0,-14.0,-14.0,-14.0,-14.0,-14.0,-14.0,-14.0,-14.0,-14.0,-14.0,-14.0,-14.0,-14.0,-14.0,-14.0,-14.0,-14.0,-14.0,-14.0,-14.0,-14.0,-14.0,-14.0,-14.0,-70.0,-70.0,-70.0,-70.0,-70.0,-70.0,-70.0,-70.0,-70.0,-70.0,-70.0,False,False,False,False,False,False,True
5200,0.0973380969084498,-14.863073923854623,-14.627106012586479,-14.394771106178792,-14.166069204631556,-14.0,-14.0,-14.0,-14.0,-14.0,-14.0,-14.0,-14.0,-14.0,-14.0,-14.0,-14.0,-14.0,-14.0,-14.0,-14.0,-14.0,-14.0,-14.0,-14.0,-14.0,-14.0,-14.0,-14.0,-14.0,-14.0,-14.0,-14.0,-14.0,-14.0,-14.0,-14.0,-70.0,-70.0,-70.0,-70.0,-70.0,-70.0,-70.0,-70.0,-70.0,-70.0,-70.0,False,False,False,False,False,False,True
5250,0.0973380969084498,-14.81174881937945,-14.577695588596217,-14.34724588390461,-14.120399705304626,-14.0,-14.0,-14.0,-14.0,-14.0,-14.0,-14.0,-14.0,-14.0,-14.0,-14.0,-14.0,-14.0,-14.0,-14.0,-14.0,-14.0,-14.0,-14.0,-14.0,-14.0,-14.0,-14.0,-14.0,-14.0,-14.0,-14.0,-14.0,-14.0,-14.0,-14.0,-14.0,-70.0,-70.0,-70.0,-70.0,-70.0,-70.0,-70.0,-70.0,-70.0,-70.0,-70.0,False,False,False,False,False,False,True
5300,0.0973380969084498,-14.761343430035495,-14.529170590712086,-14.300572326631533,-14.075548637793835,-14.0,-14.0,-14.0,-14.0,-14.0,-14.0,-14.0,-14.0,-14.0,-14.0,-14.0,-14.0,-14.0,-14.0,-14.0,-14.0,-14.0,-14.0,-14.0,-14.0,-14.0,-14.0,-14.0,-14.0,-14.0,-14.0,-14.0,-14.0,-14.0,-14.0,-14.0,-14.0,-70.0,-70.0,-70.0,-70.0,-70.0,-70.0,-70.0,-70.0,-70.0,-70.0,-70.0,False,False,False,False,False,False,True
5350,0.0973380969084498,-14.711832364228322,-14.481506573537235,-14.25472692059247,-14.031493405394027,-14.0,-14.0,-14.0,-14.0,-14.0,-14.0,-14.0,-14.0,-14.0,-14.0,-14.0,-14.0,-14.0,-14.0,-14.0,-14.0,-14.0,-14.0,-14.0,-14.0,-14.0,-14.0,-14.0,-14.0,-14.0,-14.0,-14.0,-14.0,-14.0,-14.0,-14.0,-14.0,-70.0,-70.0,-70.0,-70.0,-70.0,-70.0,-70.0,-70.0,-70.0,-70.0,-70.0,False,False,False,False,False,False,True
5400,0.0973380969084498,-14.663191166237594,-14.434679992671303,-14.209687018676187,-14.0,-14.0,-14.0,-14.0,-14.0,-14.0,-14.0,-14.0,-14.0,-14.0,-14.0,-14.0,-14.0,-14.0,-14.0,-14.0,-14.0,-14.0,-14.0,-14.0,-14.0,-14.0,-14.0,-14.0,-14.0,-14.0,-14.0,-14.0,-14.0,-14.0,-14.0,-14.0,-14.0,-70.0,-70.0,-70.0,-70.0,-70.0,-70.0,-70.0,-70.0,-70.0,-70.0,-70.0,False,False,False,False,False,False,True
5450,0.0973380969084498,-14.615396273382315,-14.38866816347325,-14.165430800763138,-14.0,-14.0,-14.0,-14.0,-14.0,-14.0,-14.0,-14.0,-14.0,-14.0,-14.0,-14.0,-14.0,-14.0,-14.0,-14.0,-14.0,-14.0,-14.0,-14.0,-14.0,-14.0,-14.0,-14.0,-14.0,-14.0,-14.0,-14.0,-14.0,-14.0,-14.0,-14.0,-14.0,-70.0,-70.0,-70.0,-70.0,-70.0,-70.0,-70.0,-70.0,-70.0,-70.0,-70.0,False,False,False,False,False,False,True
5500,0.0973380969084498,-14.568424975520847,-14.34344922207189,-14.121937236223248,-14.0,-14.0,-14.0,-14.0,-14.0,-14.0,-14.0,-14.0,-14.0,-14.0,-14.0,-14.0,-14.0,-14.0,-14.0,-14.0,-14.0,-14.0,-14.0,-14.0,-14.0,-14.0,-14.0,-14.0,-14.0,-14.0,-14.0,-14.0,-14.0,-14.0,-14.0,-14.0,-14.0,-70.0,-70.0,-70.0,-70.0,-70.0,-70.0,-70.0,-70.0,-70.0,-70.0,-70.0,False,False,False,False,False,False,True
5550,0.0973380969084498,-14.522255376738492,-14.299002088482348,-14.079186048439269,-14.0,-14.0,-14.0,-14.0,-14.0,-14.0,-14.0,-14.0,-14.0,-14.0,-14.0,-14.0,-14.0,-14.0,-14.0,-14.0,-14.0,-14.0,-14.0,-14.0,-14.0,-14.0,-14.0,-14.0,-14.0,-14.0,-14.0,-14.0,-14.0,-14.0,-14.0,-14.0,-14.0,-70.0,-70.0,-70.0,-70.0,-70.0,-70.0,-70.0,-70.0,-70.0,-70.0,-70.0,False,False,False,False,False,False,True
5600,0.0973380969084498,-14.476866359085875,-14.255306431696834,-14.037157681229099,-14.0,-14.0,-14.0,-14.0,-14.0,-14.0,-14.0,-14.0,-14.0,-14.0,-14.0,-14.0,-14.0,-14.0,-14.0,-14.0,-14.0,-14.0,-14.0,-14.0,-14.0,-14.0,-14.0,-14.0,-14.0,-14.0,-14.0,-14.0,-14.0,-14.0,-14.0,-14.0,-14.0,-70.0,-70.0,-70.0,-70.0,-70.0,-70.0,-70.0,-70.0,-70.0,-70.0,-70.0,False,False,False,False,False,False,True
5650,0.0973380969084498,-14.432237548241071,-14.212342636627367,-14.0,-14.0,-14.0,-14.0,-14.0,-14.0,-14.0,-14.0,-14.0,-14.0,-14.0,-14.0,-14.0,-14.0,-14.0,-14.0,-14.0,-14.0,-14.0,-14.0,-14.0,-14.0,-14.0,-14.0,-14.0,-14.0,-14.0,-14.0,-14.0,-14.0,-14.0,-14.0,-14.0,-14.0,-70.0,-70.0,-70.0,-70.0,-70.0,-70.0,-70.0,-70.0,-70.0,-70.0,-70.0,False,False,False,False,False,False,True
5700,0.0973380969084498,-14.388349280977335,-14.170091772786744,-14.0,-14.0,-14.0,-14.0,-14.0,-14.0,-14.0,-14.0,-14.0,-14.0,-14.0,-14.0,-14.0,-14.0,-14.0,-14.0,-14.0,-14.0,-14.0,-14.0,-14.0,-14.0,-14.0,-14.0,-14.0,-14.0,-14.0,-14.0,-14.0,-14.0,-14.0,-14.0,-14.0,-14.0,-70.0,-70.0,-70.0,-70.0,-70.0,-70.0,-70.0,-70.0,-70.0,-70.0,-70.0,False,False,False,False,False,False,True
5750,0.0973380969084498,-14.345182574326515,-14.128535564601933,-14.0,-14.0,-14.0,-14.0,-14.0,-14.0,-14.0,-14.0,-14.0,-14.0,-14.0,-14.0,-14.0,-14.0,-14.0,-14.0,-14.0,-14.0,-14.0,-14.0,-14.0,-14.0,-14.0,-14.0,-14.0,-14.0,-14.0,-14.0,-14.0,-14.0,-14.0,-14.0,-14.0,-14.0,-70.0,-70.0,-70.0,-70.0,-70.0,-70.0,-70.0,-70.0,-70.0,-70.0,-70.0,False,False,False,False,False,False,True
5800,0.0973380969084498,-14.302719096335831,-14.087656363261353,-14.0,-14.0,-14.0,-14.0,-14.0,-14.0,-14.0,-14.0,-14.0,-14.0,-14.0,-14.0,-14.0,-14.0,-14.0,-14.0,-14.0,-14.0,-14.0,-14.0,-14.0,-14.0,-14.0,-14.0,-14.0,-14.0,-14.0,-14.0,-14.0,-14.0,-14.0,-14.0,-14.0,-14.0,-70.0,-70.0,-70.0,-70.0,-70.0,-70.0,-70.0,-70.0,-70.0,-70.0,-70.0,False,False,False,False,False,False,True
5850,0.0973380969084498,-14.260941138322647,-14.047437120004291,-14.0,-14.0,-14.0,-14.0,-14.0,-14.0,-14.0,-14.0,-14.0,-14.0,-14.0,-14.0,-14.0,-14.0,-14.0,-14.0,-14.0,-14.0,-14.0,-14.0,-14.0,-14.0,-14.0,-14.0,-14.0,-14.0,-14.0,-14.0,-14.0,-14.0,-14.0,-14.0,-14.0,-14.0,-70.0,-70.0,-70.0,-70.0,-70.0,-70.0,-70.0,-70.0,-70.0,-70.0,-70.0,False,False,False,False,False,False,True
5900,0.0973380969084498,-14.219831588538403,-14.007861360766888,-14.0,-14.0,-14.0,-14.0,-14.0,-14.0,-14.0,-14.0,-14.0,-14.0,-14.0,-14.0,-14.0,-14.0,-14.0,-14.0,-14.0,-14.0,-14.0,-14.0,-14.0,-14.0,-14.0,-14.0,-14.0,-14.0,-14.0,-14.0,-14.0,-14.0,-14.0,-14.0,-14.0,-14.0,-70.0,-70.0,-70.0,-70.0,-70.0,-70.0,-70.0,-70.0,-70.0,-70.0,-70.0,False,False,False,False,False,False,True
5950,0.0973380969084498,-14.179373907158805,-14.0,-14.0,-14.0,-14.0,-14.0,-14.0,-14.0,-14.0,-14.0,-14.0,-14.0,-14.0,-14.0,-14.0,-14.0,-14.0,-14.0,-14.0,-14.0,-14.0,-14.0,-14.0,-14.0,-14.0,-14.0,-14.0,-14.0,-14.0,-14.0,-14.0,-14.0,-14.0,-14.0,-14.0,-14.0,-70.0,-70.0,-70.0,-70.0,-70.0,-70.0,-70.0,-70.0,-70.0,-70.0,-70.0,False,False,False,False,False,False,True
6000,0.0973380969084498,-14.139552102522881,-14.0,-14.0,-14.0,-14.0,-14.0,-14.0,-14.0,-14.0,-14.0,-14.0,-14.0,-14.0,-14.0,-14.0,-14.0,-14.0,-14.0,-14.0,-14.0,-14.0,-14.0,-14.0,-14.0,-14.0,-14.0,-14.0,-14.0,-14.0,-14.0,-14.0,-14.0,-14.0,-14.0,-14.0,-14.0,-70.0,-70.0,-70.0,-70.0,-70.0,-70.0,-70.0,-70.0,-70.0,-70.0,-70.0,False,False,False,False,False,False,True
6050,0.0973380969084498,-14.100350708548701,-14.0,-14.0,-14.0,-14.0,-14.0,-14.0,-14.0,-14.0,-14.0,-14.0,-14.0,-14.0,-14.0,-14.0,-14.0,-14.0,-14.0,-14.0,-14.0,-14.0,-14.0,-14.0,-14.0,-14.0,-14.0,-14.0,-14.0,-14.0,-14.0,-14.0,-14.0,-14.0,-14.0,-14.0,-14.0,-70.0,-70.0,-70.0,-70.0,-70.0,-70.0,-70.0,-70.0,-70.0,-70.0,-70.0,False,False,False,False,False,False,True
6100,0.0973380969084498,-14.061754763258223,-14.0,-14.0,-14.0,-14.0,-14.0,-14.0,-14.0,-14.0,-14.0,-14.0,-14.0,-14.0,-14.0,-14.0,-14.0,-14.0,-14.0,-14.0,-14.0,-14.0,-14.0,-14.0,-14.0,-14.0,-14.0,-14.0,-14.0,-14.0,-14.0,-14.0,-14.0,-14.0,-14.0,-14.0,-14.0,-70.0,-70.0,-70.0,-70.0,-70.0,-70.0,-70.0,-70.0,-70.0,-70.0,-70.0,False,False,False,False,False,False,True
6150,0.0973380969084498,-14.02374978834815,-14.0,-14.0,-14.0,-14.0,-14.0,-14.0,-14.0,-14.0,-14.0,-14.0,-14.0,-14.0,-14.0,-14.0,-14.0,-14.0,-14.0,-14.0,-14.0,-14.0,-14.0,-14.0,-14.0,-14.0,-14.0,-14.0,-14.0,-14.0,-14.0,-14.0,-14.0,-14.0,-14.0,-14.0,-14.0,-70.0,-70.0,-70.0,-70.0,-70.0,-70.0,-70.0,-70.0,-70.0,-70.0,-70.0,False,False,False,False,False,False,True
6200,0.0973380969084498,-14.0,-14.0,-14.0,-14.0,-14.0,-14.0,-14.0,-14.0,-14.0,-14.0,-14.0,-14.0,-14.0,-14.0,-14.0,-14.0,-14.0,-14.0,-14.0,-14.0,-14.0,-14.0,-14.0,-14.0,-14.0,-14.0,-14.0,-14.0,-14.0,-14.0,-14.0,-14.0,-14.0,-14.0,-14.0,-14.0,-70.0,-70.0,-70.0,-70.0,-70.0,-70.0,-70.0,-70.0,-70.0,-70.0,-70.0,False,False,False,False,False,False,True
6250,0.0973380969084498,-14.0,-14.0,-14.0,-14.0,-14.0,-14.0,-14.0,-14.0,-14.0,-14.0,-14.0,-14.0,-14.0,-14.0,-14.0,-14.0,-14.0,-14.0,-14.0,-14.0,-14.0,-14.0,-14.0,-14.0,-14.0,-14.0,-14.0,-14.0,-14.0,-14.0,-14.0,-14.0,-14.0,-14.0,-14.0,-14.0,-70.0,-70.0,-70.0,-70.0,-70.0,-70.0,-70.0,-70.0,-70.0,-70.0,-70.0,False,False,False,False,False,False,True
6300,0.0973380969084498,-14.0,-14.0,-14.0,-14.0,-14.0,-14.0,-14.0,-14.0,-14.0,-14.0,-14.0,-14.0,-14.0,-14.0,-14.0,-14.0,-14.0,-14.0,-14.0,-14.0,-14.0,-14.0,-14.0,-14.0,-14.0,-14.0,-14.0,-14.0,-14.0,-14.0,-14.0,-14.0,-14.0,-14.0,-14.0,-14.0,-70.0,-70.0,-70.0,-70.0,-70.0,-70.0,-70.0,-70.0,-70.0,-70.0,-70.0,False,False,False,False,False,False,True
6350,0.0973380969084498,-14.0,-14.0,-14.0,-14.0,-14.0,-14.0,-14.0,-14.0,-14.0,-14.0,-14.0,-14.0,-14.0,-14.0,-14.0,-14.0,-14.0,-14.0,-14.0,-14.0,-14.0,-14.0,-14.0,-14.0,-14.0,-14.0,-14.0,-14.0,-14.0,-14.0,-14.0,-14.0,-14.0,-14.0,-14.0,-14.0,-70.0,-70.0,-70.0,-70.0,-70.0,-70.0,-70.0,-70.0,-70.0,-70.0,-70.0,False,False,False,False,False,False,True
6400,0.0973380969084498,-14.0,-14.0,-14.0,-14.0,-14.0,-14.0,-14.0,-14.0,-14.0,-14.0,-14.0,-14.0,-14.0,-14.0,-14.0,-14.0,-14.0,-14.0,-14.0,-14.0,-14.0,-14.0,-14.0,-14.0,-14.0,-14.0,-14.0,-14.0,-14.0,-14.0,-14.0,-14.0,-14.0,-14.0,-14.0,-14.0,-70.0,-70.0,-70.0,-70.0,-70.0,-70.0,-70.0,-70.0,-70.0,-70.0,-70.0,False,False,False,False,False,False,True
6450,0.0973380969084498,-14.0,-14.0,-14.0,-14.0,-14.0,-14.0,-14.0,-14.0,-14.0,-14.0,-14.0,-14.0,-14.0,-14.0,-14.0,-14.0,-14.0,-14.0,-14.0,-14.0,-14.0,-14.0,-14.0,-14.0,-14.0,-14.0,-14.0,-14.0,-14.0,-14.0,-14.0,-14.0,-14.0,-14.0,-14.0,-14.0,-70.0,-70.0,-70.0,-70.0,-70.0,-70.0,-70.0,-70.0,-70.0,-70.0,-70.0,False,False,False,False,False,False,True
6500,0.0973380969084498,-14.0,-14.0,-14.0,-14.0,-14.0,-14.0,-14.0,-14.0,-14.0,-14.0,-14.0,-14.0,-14.0,-14.0,-14.0,-14.0,-14.0,-14.0,-14.0,-14.0,-14.0,-14.0,-14.0,-14.0,-14.0,-14.0,-14.0,-14.0,-14.0,-14.0,-14.0,-14.0,-14.0,-14.0,-14.0,-14.0,-70.0,-70.0,-70.0,-70.0,-70.0,-70.0,-70.0,-70.0,-70.0,-70.0,-70.0,False,False,False,False,False,False,True
6550,0.0973380969084498,-14.0,-14.0,-14.0,-14.0,-14.0,-14.0,-14.0,-14.0,-14.0,-14.0,-14.0,-14.0,-14.0,-14.0,-14.0,-14.0,-14.0,-14.0,-14.0,-14.0,-14.0,-14.0,-14.0,-14.0,-14.0,-14.0,-14.0,-14.0,-14.0,-14.0,-14.0,-14.0,-14.0,-14.0,-14.0,-14.0,-70.0,-70.0,-70.0,-70.0,-70.0,-70.0,-70.0,-70.0,-70.0,-70.0,-70.0,False,False,False,False,False,False,True
6600,0.0973380969084498,-14.0,-14.0,-14.0,-14.0,-14.0,-14.0,-14.0,-14.0,-14.0,-14.0,-14.0,-14.0,-14.0,-14.0,-14.0,-14.0,-14.0,-14.0,-14.0,-14.0,-14.0,-14.0,-14.0,-14.0,-14.0,-14.0,-14.0,-14.0,-14.0,-14.0,-14.0,-14.0,-14.0,-14.0,-14.0,-14.0,-70.0,-70.0,-70.0,-70.0,-70.0,-70.0,-70.0,-70.0,-70.0,-70.0,-70.0,False,False,False,False,False,False,True
6650,0.0973380969084498,-14.0,-14.0,-14.0,-14.0,-14.0,-14.0,-14.0,-14.0,-14.0,-14.0,-14.0,-14.0,-14.0,-14.0,-14.0,-14.0,-14.0,-14.0,-14.0,-14.0,-14.0,-14.0,-14.0,-14.0,-14.0,-14.0,-14.0,-14.0,-14.0,-14.0,-14.0,-14.0,-14.0,-14.0,-14.0,-14.0,-70.0,-70.0,-70.0,-70.0,-70.0,-70.0,-70.0,-70.0,-70.0,-70.0,-70.0,False,False,False,False,False,False,True
6700,0.0973380969084498,-14.0,-14.0,-14.0,-14.0,-14.0,-14.0,-14.0,-14.0,-14.0,-14.0,-14.0,-14.0,-14.0,-14.0,-14.0,-14.0,-14.0,-14.0,-14.0,-14.0,-14.0,-14.0,-14.0,-14.0,-14.0,-14.0,-14.0,-14.0,-14.0,-14.0,-14.0,-14.0,-14.0,-14.0,-14.0,-14.0,-70.0,-70.0,-70.0,-70.0,-70.0,-70.0,-70.0,-70.0,-70.0,-70.0,-70.0,False,False,False,False,False,False,True
6750,0.0973380969084498,-14.0,-14.0,-14.0,-14.0,-14.0,-14.0,-14.0,-14.0,-14.0,-14.0,-14.0,-14.0,-14.0,-14.0,-14.0,-14.0,-14.0,-14.0,-14.0,-14.0,-14.0,-14.0,-14.0,-14.0,-14.0,-14.0,-14.0,-14.0,-14.0,-14.0,-14.0,-14.0,-14.0,-14.0,-14.0,-14.0,-70.0,-70.0,-70.0,-70.0,-70.0,-70.0,-70.0,-70.0,-70.0,-70.0,-70.0,False,False,False,False,False,False,True
6800,0.0973380969084498,-14.0,-14.0,-14.0,-14.0,-14.0,-14.0,-14.0,-14.0,-14.0,-14.0,-14.0,-14.0,-14.0,-14.0,-14.0,-14.0,-14.0,-14.0,-14.0,-14.0,-14.0,-14.0,-14.0,-14.0,-14.0,-14.0,-14.0,-14.0,-14.0,-14.0,-14.0,-14.0,-14.0,-14.0,-14.0,-14.0,-70.0,-70.0,-70.0,-70.0,-70.0,-70.0,-70.0,-70.0,-70.0,-70.0,-70.0,False,False,False,False,False,False,True
6850,0.0973380969084498,-14.0,-14.0,-14.0,-14.0,-14.0,-14.0,-14.0,-14.0,-14.0,-14.0,-14.0,-14.0,-14.0,-14.0,-14.0,-14.0,-14.0,-14.0,-14.0,-14.0,-14.0,-14.0,-14.0,-14.0,-14.0,-14.0,-14.0,-14.0,-14.0,-14.0,-14.0,-14.0,-14.0,-14.0,-14.0,-14.0,-70.0,-70.0,-70.0,-70.0,-70.0,-70.0,-70.0,-70.0,-70.0,-70.0,-70.0,False,False,False,False,False,False,True
6900,0.0973380969084498,-14.0,-14.0,-14.0,-14.0,-14.0,-14.0,-14.0,-14.0,-14.0,-14.0,-14.0,-14.0,-14.0,-14.0,-14.0,-14.0,-14.0,-14.0,-14.0,-14.0,-14.0,-14.0,-14.0,-14.0,-14.0,-14.0,-14.0,-14.0,-14.0,-14.0,-14.0,-14.0,-14.0,-14.0,-14.0,-14.0,-70.0,-70.0,-70.0,-70.0,-70.0,-70.0,-70.0,-70.0,-70.0,-70.0,-70.0,False,False,False,False,False,False,True
6950,0.0973380969084498,-14.0,-14.0,-14.0,-14.0,-14.0,-14.0,-14.0,-14.0,-14.0,-14.0,-14.0,-14.0,-14.0,-14.0,-14.0,-14.0,-14.0,-14.0,-14.0,-14.0,-14.0,-14.0,-14.0,-14.0,-14.0,-14.0,-14.0,-14.0,-14.0,-14.0,-14.0,-14.0,-14.0,-14.0,-14.0,-14.0,-70.0,-70.0,-70.0,-70.0,-70.0,-70.0,-70.0,-70.0,-70.0,-70.0,-70.0,False,False,False,False,False,False,True
7000,0.0973380969084498,-14.0,-14.0,-14.0,-14.0,-14.0,-14.0,-14.0,-14.0,-14.0,-14.0,-14.0,-14.0,-14.0,-14.0,-14.0,-14.0,-14.0,-14.0,-14.0,-14.0,-14.0,-14.0,-14.0,-14.0,-14.0,-14.0,-14.0,-14.0,-14.0,-14.0,-14.0,-14.0,-14.0,-14.0,-14.0,-14.0,-70.0,-70.0,-70.0,-70.0,-70.0,-70.0,-70.0,-70.0,-70.0,-70.0,-70.0,False,False,False,False,False,False,True
7050,0.0973380969084498,-14.0,-14.0,-14.0,-14.0,-14.0,-14.0,-14.0,-14.0,-14.0,-14.0,-14.0,-14.0,-14.0,-14.0,-14.0,-14.0,-14.0,-14.0,-14.0,-14.0,-14.0,-14.0,-14.0,-14.0,-14.0,-14.0,-14.0,-14.0,-14.0,-14.0,-14.0,-14.0,-14.0,-14.0,-14.0,-14.0,-70.0,-70.0,-70.0,-70.0,-70.0,-70.0,-70.0,-70.0,-70.0,-70.0,-70.0,False,False,False,False,False,False,True
7100,0.0973380969084498,-14.0,-14.0,-14.0,-14.0,-14.0,-14.0,-14.0,-14.0,-14.0,-14.0,-14.0,-14.0,-14.0,-14.0,-14.0,-14.0,-14.0,-14.0,-14.0,-14.0,-14.0,-14.0,-14.0,-14.0,-14.0,-14.0,-14.0,-14.0,-14.0,-14.0,-14.0,-14.0,-14.0,-14.0,-14.0,-14.0,-70.0,-70.0,-70.0,-70.0,-70.0,-70.0,-70.0,-70.0,-70.0,-70.0,-70.0,False,False,False,False,False,False,True
7150,0.0973380969084498,-14.0,-14.0,-14.0,-14.0,-14.0,-14.0,-14.0,-14.0,-14.0,-14.0,-14.0,-14.0,-14.0,-14.0,-14.0,-14.0,-14.0,-14.0,-14.0,-14.0,-14.0,-14.0,-14.0,-14.0,-14.0,-14.0,-14.0,-14.0,-14.0,-14.0,-14.0,-14.0,-14.0,-14.0,-14.0,-14.0,-70.0,-70.0,-70.0,-70.0,-70.0,-70.0,-70.0,-70.0,-70.0,-70.0,-70.0,False,False,False,False,False,False,True
7200,0.0973380969084498,-14.0,-14.0,-14.0,-14.0,-14.0,-14.0,-14.0,-14.0,-14.0,-14.0,-14.0,-14.0,-14.0,-14.0,-14.0,-14.0,-14.0,-14.0,-14.0,-14.0,-14.0,-14.0,-14.0,-14.0,-14.0,-14.0,-14.0,-14.0,-14.0,-14.0,-14.0,-14.0,-14.0,-14.0,-14.0,-14.0,-70.0,-70.0,-70.0,-70.0,-70.0,-70.0,-70.0,-70.0,-70.0,-70.0,-70.0,False,False,False,False,False,False,True
7250,0.0973380969084498,-14.0,-14.0,-14.0,-14.0,-14.0,-14.0,-14.0,-14.0,-14.0,-14.0,-14.0,-14.0,-14.0,-14.0,-14.0,-14.0,-14.0,-14.0,-14.0,-14.0,-14.0,-14.0,-14.0,-14.0,-14.0,-14.0,-14.0,-14.0,-14.0,-14.0,-14.0,-14.0,-14.0,-14.0,-14.0,-14.0,-70.0,-70.0,-70.0,-70.0,-70.0,-70.0,-70.0,-70.0,-70.0,-70.0,-70.0,False,False,False,False,False,False,True
7300,0.0973380969084498,-14.0,-14.0,-14.0,-14.0,-14.0,-14.0,-14.0,-14.0,-14.0,-14.0,-14.0,-14.0,-14.0,-14.0,-14.0,-14.0,-14.0,-14.0,-14.0,-14.0,-14.0,-14.0,-14.0,-14.0,-14.0,-14.0,-14.0,-14.0,-14.0,-14.0,-14.0,-14.0,-14.0,-14.0,-14.0,-14.0,-70.0,-70.0,-70.0,-70.0,-70.0,-70.0,-70.0,-70.0,-70.0,-70.0,-70.0,False,False,False,False,False,False,True
7350,0.0973380969084498,-14.0,-14.0,-14.0,-14.0,-14.0,-14.0,-14.0,-14.0,-14.0,-14.0,-14.0,-14.0,-14.0,-14.0,-14.0,-14.0,-14.0,-14.0,-14.0,-14.0,-14.0,-14.0,-14.0,-14.0,-14.0,-14.0,-14.0,-14.0,-14.0,-14.0,-14.0,-14.0,-14.0,-14.0,-14.0,-14.0,-70.0,-70.0,-70.0,-70.0,-70.0,-70.0,-70.0,-70.0,-70.0,-70.0,-70.0,False,False,False,False,False,False,True
7400,0.0973380969084498,-14.0,-14.0,-14.0,-14.0,-14.0,-14.0,-14.0,-14.0,-14.0,-14.0,-14.0,-14.0,-14.0,-14.0,-14.0,-14.0,-14.0,-14.0,-14.0,-14.0,-14.0,-14.0,-14.0,-14.0,-14.0,-14.0,-14.0,-14.0,-14.0,-14.0,-14.0,-14.0,-14.0,-14.0,-14.0,-14.0,-70.0,-70.0,-70.0,-70.0,-70.0,-70.0,-70.0,-70.0,-70.0,-70.0,-70.0,False,False,False,False,False,False,True
7450,0.0973380969084498,-14.0,-14.0,-14.0,-14.0,-14.0,-14.0,-14.0,-14.0,-14.0,-14.0,-14.0,-14.0,-14.0,-14.0,-14.0,-14.0,-14.0,-14.0,-14.0,-14.0,-14.0,-14.0,-14.0,-14.0,-14.0,-14.0,-14.0,-14.0,-14.0,-14.0,-14.0,-14.0,-14.0,-14.0,-14.0,-14.0,-70.0,-70.0,-70.0,-70.0,-70.0,-70.0,-70.0,-70.0,-70.0,-70.0,-70.0,False,False,False,False,False,False,True
7500,0.0973380969084498,-14.0,-14.0,-14.0,-14.0,-14.0,-14.0,-14.0,-14.0,-14.0,-14.0,-14.0,-14.0,-14.0,-14.0,-14.0,-14.0,-14.0,-14.0,-14.0,-14.0,-14.0,-14.0,-14.0,-14.0,-14.0,-14.0,-14.0,-14.0,-14.0,-14.0,-14.0,-14.0,-14.0,-14.0,-14.0,-14.0,-70.0,-70.0,-70.0,-70.0,-70.0,-70.0,-70.0,-70.0,-70.0,-70.0,-70.0,False,False,False,False,False,False,True
7550,0.0973380969084498,-14.0,-14.0,-14.0,-14.0,-14.0,-14.0,-14.0,-14.0,-14.0,-14.0,-14.0,-14.0,-14.0,-14.0,-14.0,-14.0,-14.0,-14.0,-14.0,-14.0,-14.0,-14.0,-14.0,-14.0,-14.0,-14.0,-14.0,-14.0,-14.0,-14.0,-14.0,-14.0,-14.0,-14.0,-14.0,-14.0,-70.0,-70.0,-70.0,-70.0,-70.0,-70.0,-70.0,-70.0,-70.0,-70.0,-70.0,False,False,False,False,False,False,True
7600,0.0973380969084498,-14.0,-14.0,-14.0,-14.0,-14.0,-14.0,-14.0,-14.0,-14.0,-14.0,-14.0,-14.0,-14.0,-14.0,-14.0,-14.0,-14.0,-14.0,-14.0,-14.0,-14.0,-14.0,-14.0,-14.0,-14.0,-14.0,-14.0,-14.0,-14.0,-14.0,-14.0,-14.0,-14.0,-14.0,-14.0,-14.0,-70.0,-70.0,-70.0,-70.0,-70.0,-70.0,-70.0,-70.0,-70.0,-70.0,-70.0,False,False,False,False,False,False,True
7650,0.0973380969084498,-14.0,-14.0,-14.0,-14.0,-14.0,-14.0,-14.0,-14.0,-14.0,-14.0,-14.0,-14.0,-14.0,-14.0,-14.0,-14.0,-14.0,-14.0,-14.0,-14.0,-14.0,-14.0,-14.0,-14.0,-14.0,-14.0,-14.0,-14.0,-14.0,-14.0,-14.0,-14.0,-14.0,-14.0,-14.0,-14.0,-70.0,-70.0,-70.0,-70.0,-70.0,-70.0,-70.0,-70.0,-70.0,-70.0,-70.0,False,False,False,False,False,False,True
7700,0.0973380969084498,-14.0,-14.0,-14.0,-14.0,-14.0,-14.0,-14.0,-14.0,-14.0,-14.0,-14.0,-14.0,-14.0,-14.0,-14.0,-14.0,-14.0,-14.0,-14.0,-14.0,-14.0,-14.0,-14.0,-14.0,-14.0,-14.0,-14.0,-14.0,-14.0,-14.0,-14.0,-14.0,-14.0,-14.0,-14.0,-14.0,-70.0,-70.0,-70.0,-70.0,-70.0,-70.0,-70.0,-70.0,-70.0,-70.0,-70.0,False,False,False,False,False,False,True
7750,0.0973380969084498,-14.0,-14.0,-14.0,-14.0,-14.0,-14.0,-14.0,-14.0,-14.0,-14.0,-14.0,-14.0,-14.0,-14.0,-14.0,-14.0,-14.0,-14.0,-14.0,-14.0,-14.0,-14.0,-14.0,-14.0,-14.0,-14.0,-14.0,-14.0,-14.0,-14.0,-14.0,-14.0,-14.0,-14.0,-14.0,-14.0,-70.0,-70.0,-70.0,-70.0,-70.0,-70.0,-70.0,-70.0,-70.0,-70.0,-70.0,False,False,False,False,False,False,True
7800,0.0973380969084498,-14.0,-14.0,-14.0,-14.0,-14.0,-14.0,-14.0,-14.0,-14.0,-14.0,-14.0,-14.0,-14.0,-14.0,-14.0,-14.0,-14.0,-14.0,-14.0,-14.0,-14.0,-14.0,-14.0,-14.0,-14.0,-14.0,-14.0,-14.0,-14.0,-14.0,-14.0,-14.0,-14.0,-14.0,-14.0,-14.0,-70.0,-70.0,-70.0,-70.0,-70.0,-70.0,-70.0,-70.0,-70.0,-70.0,-70.0,False,False,False,False,False,False,True
7850,0.0973380969084498,-14.0,-14.0,-14.0,-14.0,-14.0,-14.0,-14.0,-14.0,-14.0,-14.0,-14.0,-14.0,-14.0,-14.0,-14.0,-14.0,-14.0,-14.0,-14.0,-14.0,-14.0,-14.0,-14.0,-14.0,-14.0,-14.0,-14.0,-14.0,-14.0,-14.0,-14.0,-14.0,-14.0,-14.0,-14.0,-14.0,-70.0,-70.0,-70.0,-70.0,-70.0,-70.0,-70.0,-70.0,-70.0,-70.0,-70.0,False,False,False,False,False,False,True
7900,0.0973380969084498,-14.0,-14.0,-14.0,-14.0,-14.0,-14.0,-14.0,-14.0,-14.0,-14.0,-14.0,-14.0,-14.0,-14.0,-14.0,-14.0,-14.0,-14.0,-14.0,-14.0,-14.0,-14.0,-14.0,-14.0,-14.0,-14.0,-14.0,-14.0,-14.0,-14.0,-14.0,-14.0,-14.0,-14.0,-14.0,-14.0,-70.0,-70.0,-70.0,-70.0,-70.0,-70.0,-70.0,-70.0,-70.0,-70.0,-70.0,False,False,False,False,False,False,True
7950,0.0973380969084498,-14.0,-14.0,-14.0,-14.0,-14.0,-14.0,-14.0,-14.0,-14.0,-14.0,-14.0,-14.0,-14.0,-14.0,-14.0,-14.0,-14.0,-14.0,-14.0,-14.0,-14.0,-14.0,-14.0,-14.0,-14.0,-14.0,-14.0,-14.0,-14.0,-14.0,-14.0,-14.0,-14.0,-14.0,-14.0,-14.0,-70.0,-70.0,-70.0,-70.0,-70.0,-70.0,-70.0,-70.0,-70.0,-70.0,-70.0,False,False,False,False,False,False,True
8000,0.0973380969084498,-14.0,-14.0,-14.0,-14.0,-14.0,-14.0,-14.0,-14.0,-14.0,-14.0,-14.0,-14.0,-14.0,-14.0,-14.0,-14.0,-14.0,-14.0,-14.0,-14.0,-14.0,-14.0,-14.0,-14.0,-14.0,-14.0,-14.0,-14.0,-14.0,-14.0,-14.0,-14.0,-14.0,-14.0,-14.0,-14.0,-70.0,-70.0,-70.0,-70.0,-70.0,-70.0,-70.0,-70.0,-70.0,-70.0,-70.0,False,False,False,False,False,False,True
8050,0.0973380969084498,-14.0,-14.0,-14.0,-14.0,-14.0,-14.0,-14.0,-14.0,-14.0,-14.0,-14.0,-14.0,-14.0,-14.0,-14.0,-14.0,-14.0,-14.0,-14.0,-14.0,-14.0,-14.0,-14.0,-14.0,-14.0,-14.0,-14.0,-14.0,-14.0,-14.0,-14.0,-14.0,-14.0,-14.0,-14.0,-14.0,-70.0,-70.0,-70.0,-70.0,-70.0,-70.0,-70.0,-70.0,-70.0,-70.0,-70.0,False,False,False,False,False,False,True
8100,0.0973380969084498,-14.0,-14.0,-14.0,-14.0,-14.0,-14.0,-14.0,-14.0,-14.0,-14.0,-14.0,-14.0,-14.0,-14.0,-14.0,-14.0,-14.0,-14.0,-14.0,-14.0,-14.0,-14.0,-14.0,-14.0,-14.0,-14.0,-14.0,-14.0,-14.0,-14.0,-14.0,-14.0,-14.0,-14.0,-14.0,-14.0,-70.0,-70.0,-70.0,-70.0,-70.0,-70.0,-70.0,-70.0,-70.0,-70.0,-70.0,False,False,False,False,False,False,True
8150,0.0973380969084498,-14.0,-14.0,-14.0,-14.0,-14.0,-14.0,-14.0,-14.0,-14.0,-14.0,-14.0,-14.0,-14.0,-14.0,-14.0,-14.0,-14.0,-14.0,-14.0,-14.0,-14.0,-14.0,-14.0,-14.0,-14.0,-14.0,-14.0,-14.0,-14.0,-14.0,-14.0,-14.0,-14.0,-14.0,-14.0,-14.0,-70.0,-70.0,-70.0,-70.0,-70.0,-70.0,-70.0,-70.0,-70.0,-70.0,-70.0,False,False,False,False,False,False,True
8200,0.0973380969084498,-14.0,-14.0,-14.0,-14.0,-14.0,-14.0,-14.0,-14.0,-14.0,-14.0,-14.0,-14.0,-14.0,-14.0,-14.0,-14.0,-14.0,-14.0,-14.0,-14.0,-14.0,-14.0,-14.0,-14.0,-14.0,-14.0,-14.0,-14.0,-14.0,-14.0,-14.0,-14.0,-14.0,-14.0,-14.0,-14.0,-70.0,-70.0,-70.0,-70.0,-70.0,-70.0,-70.0,-70.0,-70.0,-70.0,-70.0,False,False,False,False,False,False,True
8250,0.0973380969084498,-14.0,-14.0,-14.0,-14.0,-14.0,-14.0,-14.0,-14.0,-14.0,-14.0,-14.0,-14.0,-14.0,-14.0,-14.0,-14.0,-14.0,-14.0,-14.0,-14.0,-14.0,-14.0,-14.0,-14.0,-14.0,-14.0,-14.0,-14.0,-14.0,-14.0,-14.0,-14.0,-14.0,-14.0,-14.0,-14.0,-70.0,-70.0,-70.0,-70.0,-70.0,-70.0,-70.0,-70.0,-70.0,-70.0,-70.0,False,False,False,False,False,False,True
8300,0.0973380969084498,-14.0,-14.0,-14.0,-14.0,-14.0,-14.0,-14.0,-14.0,-14.0,-14.0,-14.0,-14.0,-14.0,-14.0,-14.0,-14.0,-14.0,-14.0,-14.0,-14.0,-14.0,-14.0,-14.0,-14.0,-14.0,-14.0,-14.0,-14.0,-14.0,-14.0,-14.0,-14.0,-14.0,-14.0,-14.0,-14.0,-70.0,-70.0,-70.0,-70.0,-70.0,-70.0,-70.0,-70.0,-70.0,-70.0,-70.0,False,False,False,False,False,False,True
8350,0.0973380969084498,-14.0,-14.0,-14.0,-14.0,-14.0,-14.0,-14.0,-14.0,-14.0,-14.0,-14.0,-14.0,-14.0,-14.0,-14.0,-14.0,-14.0,-14.0,-14.0,-14.0,-14.0,-14.0,-14.0,-14.0,-14.0,-14.0,-14.0,-14.0,-14.0,-14.0,-14.0,-14.0,-14.0,-14.0,-14.0,-14.0,-70.0,-70.0,-70.0,-70.0,-70.0,-70.0,-70.0,-70.0,-70.0,-70.0,-70.0,False,False,False,False,False,False,True
8400,0.0973380969084498,-14.0,-14.0,-14.0,-14.0,-14.0,-14.0,-14.0,-14.0,-14.0,-14.0,-14.0,-14.0,-14.0,-14.0,-14.0,-14.0,-14.0,-14.0,-14.0,-14.0,-14.0,-14.0,-14.0,-14.0,-14.0,-14.0,-14.0,-14.0,-14.0,-14.0,-14.0,-14.0,-14.0,-14.0,-14.0,-14.0,-70.0,-70.0,-70.0,-70.0,-70.0,-70.0,-70.0,-70.0,-70.0,-70.0,-70.0,False,False,False,False,False,False,True
8450,0.0973380969084498,-14.0,-14.0,-14.0,-14.0,-14.0,-14.0,-14.0,-14.0,-14.0,-14.0,-14.0,-14.0,-14.0,-14.0,-14.0,-14.0,-14.0,-14.0,-14.0,-14.0,-14.0,-14.0,-14.0,-14.0,-14.0,-14.0,-14.0,-14.0,-14.0,-14.0,-14.0,-14.0,-14.0,-14.0,-14.0,-14.0,-70.0,-70.0,-70.0,-70.0,-70.0,-70.0,-70.0,-70.0,-70.0,-70.0,-70.0,False,False,False,False,False,False,True
8500,0.0973380969084498,-14.0,-14.0,-14.0,-14.0,-14.0,-14.0,-14.0,-14.0,-14.0,-14.0,-14.0,-14.0,-14.0,-14.0,-14.0,-14.0,-14.0,-14.0,-14.0,-14.0,-14.0,-14.0,-14.0,-14.0,-14.0,-14.0,-14.0,-14.0,-14.0,-14.0,-14.0,-14.0,-14.0,-14.0,-14.0,-14.0,-70.0,-70.0,-70.0,-70.0,-70.0,-70.0,-70.0,-70.0,-70.0,-70.0,-70.0,False,False,False,False,False,False,True
8550,0.0973380969084498,-14.0,-14.0,-14.0,-14.0,-14.0,-14.0,-14.0,-14.0,-14.0,-14.0,-14.0,-14.0,-14.0,-14.0,-14.0,-14.0,-14.0,-14.0,-14.0,-14.0,-14.0,-14.0,-14.0,-14.0,-14.0,-14.0,-14.0,-14.0,-14.0,-14.0,-14.0,-14.0,-14.0,-14.0,-14.0,-14.0,-70.0,-70.0,-70.0,-70.0,-70.0,-70.0,-70.0,-70.0,-70.0,-70.0,-70.0,False,False,False,False,False,False,True
8600,0.0973380969084498,-14.0,-14.0,-14.0,-14.0,-14.0,-14.0,-14.0,-14.0,-14.0,-14.0,-14.0,-14.0,-14.0,-14.0,-14.0,-14.0,-14.0,-14.0,-14.0,-14.0,-14.0,-14.0,-14.0,-14.0,-14.0,-14.0,-14.0,-14.0,-14.0,-14.0,-14.0,-14.0,-14.0,-14.0,-14.0,-14.0,-70.0,-70.0,-70.0,-70.0,-70.0,-70.0,-70.0,-70.0,-70.0,-70.0,-70.0,False,False,False,False,False,False,True
8650,0.0973380969084498,-14.0,-14.0,-14.0,-14.0,-14.0,-14.0,-14.0,-14.0,-14.0,-14.0,-14.0,-14.0,-14.0,-14.0,-14.0,-14.0,-14.0,-14.0,-14.0,-14.0,-14.0,-14.0,-14.0,-14.0,-14.0,-14.0,-14.0,-14.0,-14.0,-14.0,-14.0,-14.0,-14.0,-14.0,-14.0,-14.0,-70.0,-70.0,-70.0,-70.0,-70.0,-70.0,-70.0,-70.0,-70.0,-70.0,-70.0,False,False,False,False,False,False,True
8700,0.0973380969084498,-14.0,-14.0,-14.0,-14.0,-14.0,-14.0,-14.0,-14.0,-14.0,-14.0,-14.0,-14.0,-14.0,-14.0,-14.0,-14.0,-14.0,-14.0,-14.0,-14.0,-14.0,-14.0,-14.0,-14.0,-14.0,-14.0,-14.0,-14.0,-14.0,-14.0,-14.0,-14.0,-14.0,-14.0,-14.0,-14.0,-70.0,-70.0,-70.0,-70.0,-70.0,-70.0,-70.0,-70.0,-70.0,-70.0,-70.0,False,False,False,False,False,False,True
8750,0.0973380969084498,-14.0,-14.0,-14.0,-14.0,-14.0,-14.0,-14.0,-14.0,-14.0,-14.0,-14.0,-14.0,-14.0,-14.0,-14.0,-14.0,-14.0,-14.0,-14.0,-14.0,-14.0,-14.0,-14.0,-14.0,-14.0,-14.0,-14.0,-14.0,-14.0,-14.0,-14.0,-14.0,-14.0,-14.0,-14.0,-14.0,-70.0,-70.0,-70.0,-70.0,-70.0,-70.0,-70.0,-70.0,-70.0,-70.0,-70.0,False,False,False,False,False,False,True
8800,0.0973380969084498,-14.0,-14.0,-14.0,-14.0,-14.0,-14.0,-14.0,-14.0,-14.0,-14.0,-14.0,-14.0,-14.0,-14.0,-14.0,-14.0,-14.0,-14.0,-14.0,-14.0,-14.0,-14.0,-14.0,-14.0,-14.0,-14.0,-14.0,-14.0,-14.0,-14.0,-14.0,-14.0,-14.0,-14.0,-14.0,-14.0,-70.0,-70.0,-70.0,-70.0,-70.0,-70.0,-70.0,-70.0,-70.0,-70.0,-70.0,False,False,False,False,False,False,True
8850,0.0973380969084498,-14.0,-14.0,-14.0,-14.0,-14.0,-14.0,-14.0,-14.0,-14.0,-14.0,-14.0,-14.0,-14.0,-14.0,-14.0,-14.0,-14.0,-14.0,-14.0,-14.0,-14.0,-14.0,-14.0,-14.0,-14.0,-14.0,-14.0,-14.0,-14.0,-14.0,-14.0,-14.0,-14.0,-14.0,-14.0,-14.0,-70.0,-70.0,-70.0,-70.0,-70.0,-70.0,-70.0,-70.0,-70.0,-70.0,-70.0,False,False,False,False,False,False,True
8900,0.0973380969084498,-14.0,-14.0,-14.0,-14.0,-14.0,-14.0,-14.0,-14.0,-14.0,-14.0,-14.0,-14.0,-14.0,-14.0,-14.0,-14.0,-14.0,-14.0,-14.0,-14.0,-14.0,-14.0,-14.0,-14.0,-14.0,-14.0,-14.0,-14.0,-14.0,-14.0,-14.0,-14.0,-14.0,-14.0,-14.0,-14.0,-70.0,-70.0,-70.0,-70.0,-70.0,-70.0,-70.0,-70.0,-70.0,-70.0,-70.0,False,False,False,False,False,False,True
8950,0.0973380969084498,-14.0,-14.0,-14.0,-14.0,-14.0,-14.0,-14.0,-14.0,-14.0,-14.0,-14.0,-14.0,-14.0,-14.0,-14.0,-14.0,-14.0,-14.0,-14.0,-14.0,-14.0,-14.0,-14.0,-14.0,-14.0,-14.0,-14.0,-14.0,-14.0,-14.0,-14.0,-14.0,-14.0,-14.0,-14.0,-14.0,-70.0,-70.0,-70.0,-70.0,-70.0,-70.0,-70.0,-70.0,-70.0,-70.0,-70.0,False,False,False,False,False,False,True
9000,0.0973380969084498,-14.0,-14.0,-14.0,-14.0,-14.0,-14.0,-14.0,-14.0,-14.0,-14.0,-14.0,-14.0,-14.0,-14.0,-14.0,-14.0,-14.0,-14.0,-14.0,-14.0,-14.0,-14.0,-14.0,-14.0,-14.0,-14.0,-14.0,-14.0,-14.0,-14.0,-14.0,-14.0,-14.0,-14.0,-14.0,-14.0,-70.0,-70.0,-70.0,-70.0,-70.0,-70.0,-70.0,-70.0,-70.0,-70.0,-70.0,False,False,False,False,False,False,True
9050,0.0973380969084498,-14.0,-14.0,-14.0,-14.0,-14.0,-14.0,-14.0,-14.0,-14.0,-14.0,-14.0,-14.0,-14.0,-14.0,-14.0,-14.0,-14.0,-14.0,-14.0,-14.0,-14.0,-14.0,-14.0,-14.0,-14.0,-14.0,-14.0,-14.0,-14.0,-14.0,-14.0,-14.0,-14.0,-14.0,-14.0,-14.0,-70.0,-70.0,-70.0,-70.0,-70.0,-70.0,-70.0,-70.0,-70.0,-70.0,-70.0,False,False,False,False,False,False,True
9100,0.0973380969084498,-14.0,-14.0,-14.0,-14.0,-14.0,-14.0,-14.0,-14.0,-14.0,-14.0,-14.0,-14.0,-14.0,-14.0,-14.0,-14.0,-14.0,-14.0,-14.0,-14.0,-14.0,-14.0,-14.0,-14.0,-14.0,-14.0,-14.0,-14.0,-14.0,-14.0,-14.0,-14.0,-14.0,-14.0,-14.0,-14.0,-70.0,-70.0,-70.0,-70.0,-70.0,-70.0,-70.0,-70.0,-70.0,-70.0,-70.0,False,False,False,False,False,False,True
9150,0.0973380969084498,-14.0,-14.0,-14.0,-14.0,-14.0,-14.0,-14.0,-14.0,-14.0,-14.0,-14.0,-14.0,-14.0,-14.0,-14.0,-14.0,-14.0,-14.0,-14.0,-14.0,-14.0,-14.0,-14.0,-14.0,-14.0,-14.0,-14.0,-14.0,-14.0,-14.0,-14.0,-14.0,-14.0,-14.0,-14.0,-14.0,-70.0,-70.0,-70.0,-70.0,-70.0,-70.0,-70.0,-70.0,-70.0,-70.0,-70.0,False,False,False,False,False,False,True
9200,0.0973380969084498,-14.0,-14.0,-14.0,-14.0,-14.0,-14.0,-14.0,-14.0,-14.0,-14.0,-14.0,-14.0,-14.0,-14.0,-14.0,-14.0,-14.0,-14.0,-14.0,-14.0,-14.0,-14.0,-14.0,-14.0,-14.0,-14.0,-14.0,-14.0,-14.0,-14.0,-14.0,-14.0,-14.0,-14.0,-14.0,-14.0,-70.0,-70.0,-70.0,-70.0,-70.0,-70.0,-70.0,-70.0,-70.0,-70.0,-70.0,False,False,False,False,False,False,True
9250,0.0973380969084498,-14.0,-14.0,-14.0,-14.0,-14.0,-14.0,-14.0,-14.0,-14.0,-14.0,-14.0,-14.0,-14.0,-14.0,-14.0,-14.0,-14.0,-14.0,-14.0,-14.0,-14.0,-14.0,-14.0,-14.0,-14.0,-14.0,-14.0,-14.0,-14.0,-14.0,-14.0,-14.0,-14.0,-14.0,-14.0,-14.0,-70.0,-70.0,-70.0,-70.0,-70.0,-70.0,-70.0,-70.0,-70.0,-70.0,-70.0,False,False,False,False,False,False,True
9300,0.0973380969084498,-14.0,-14.0,-14.0,-14.0,-14.0,-14.0,-14.0,-14.0,-14.0,-14.0,-14.0,-14.0,-14.0,-14.0,-14.0,-14.0,-14.0,-14.0,-14.0,-14.0,-14.0,-14.0,-14.0,-14.0,-14.0,-14.0,-14.0,-14.0,-14.0,-14.0,-14.0,-14.0,-14.0,-14.0,-14.0,-14.0,-70.0,-70.0,-70.0,-70.0,-70.0,-70.0,-70.0,-70.0,-70.0,-70.0,-70.0,False,False,False,False,False,False,True
9350,0.0973380969084498,-14.0,-14.0,-14.0,-14.0,-14.0,-14.0,-14.0,-14.0,-14.0,-14.0,-14.0,-14.0,-14.0,-14.0,-14.0,-14.0,-14.0,-14.0,-14.0,-14.0,-14.0,-14.0,-14.0,-14.0,-14.0,-14.0,-14.0,-14.0,-14.0,-14.0,-14.0,-14.0,-14.0,-14.0,-14.0,-14.0,-70.0,-70.0,-70.0,-70.0,-70.0,-70.0,-70.0,-70.0,-70.0,-70.0,-70.0,False,False,False,False,False,False,True
9400,0.0973380969084498,-14.0,-14.0,-14.0,-14.0,-14.0,-14.0,-14.0,-14.0,-14.0,-14.0,-14.0,-14.0,-14.0,-14.0,-14.0,-14.0,-14.0,-14.0,-14.0,-14.0,-14.0,-14.0,-14.0,-14.0,-14.0,-14.0,-14.0,-14.0,-14.0,-14.0,-14.0,-14.0,-14.0,-14.0,-14.0,-14.0,-70.0,-70.0,-70.0,-70.0,-70.0,-70.0,-70.0,-70.0,-70.0,-70.0,-70.0,False,False,False,False,False,False,True
9450,0.0973380969084498,-14.0,-14.0,-14.0,-14.0,-14.0,-14.0,-14.0,-14.0,-14.0,-14.0,-14.0,-14.0,-14.0,-14.0,-14.0,-14.0,-14.0,-14.0,-14.0,-14.0,-14.0,-14.0,-14.0,-14.0,-14.0,-14.0,-14.0,-14.0,-14.0,-14.0,-14.0,-14.0,-14.0,-14.0,-14.0,-14.0,-70.0,-70.0,-70.0,-70.0,-70.0,-70.0,-70.0,-70.0,-70.0,-70.0,-70.0,False,False,False,False,False,False,True
9500,0.0973380969084498,-14.0,-14.0,-14.0,-14.0,-14.0,-14.0,-14.0,-14.0,-14.0,-14.0,-14.0,-14.0,-14.0,-14.0,-14.0,-14.0,-14.0,-14.0,-14.0,-14.0,-14.0,-14.0,-14.0,-14.0,-14.0,-14.0,-14.0,-14.0,-14.0,-14.0,-14.0,-14.0,-14.0,-14.0,-14.0,-14.0,-70.0,-70.0,-70.0,-70.0,-70.0,-70.0,-70.0,-70.0,-70.0,-70.0,-70.0,False,False,False,False,False,False,True
9550,0.0973380969084498,-14.0,-14.0,-14.0,-14.0,-14.0,-14.0,-14.0,-14.0,-14.0,-14.0,-14.0,-14.0,-14.0,-14.0,-14.0,-14.0,-14.0,-14.0,-14.0,-14.0,-14.0,-14.0,-14.0,-14.0,-14.0,-14.0,-14.0,-14.0,-14.0,-14.0,-14.0,-14.0,-14.0,-14.0,-14.0,-14.0,-70.0,-70.0,-70.0,-70.0,-70.0,-70.0,-70.0,-70.0,-70.0,-70.0,-70.0,False,False,False,False,False,False,True
9600,0.0973380969084498,-14.0,-14.0,-14.0,-14.0,-14.0,-14.0,-14.0,-14.0,-14.0,-14.0,-14.0,-14.0,-14.0,-14.0,-14.0,-14.0,-14.0,-14.0,-14.0,-14.0,-14.0,-14.0,-14.0,-14.0,-14.0,-14.0,-14.0,-14.0,-14.0,-14.0,-14.0,-14.0,-14.0,-14.0,-14.0,-14.0,-70.0,-70.0,-70.0,-70.0,-70.0,-70.0,-70.0,-70.0,-70.0,-70.0,-70.0,False,False,False,False,False,False,True
9650,0.0973380969084498,-14.0,-14.0,-14.0,-14.0,-14.0,-14.0,-14.0,-14.0,-14.0,-14.0,-14.0,-14.0,-14.0,-14.0,-14.0,-14.0,-14.0,-14.0,-14.0,-14.0,-14.0,-14.0,-14.0,-14.0,-14.0,-14.0,-14.0,-14.0,-14.0,-14.0,-14.0,-14.0,-14.0,-14.0,-14.0,-14.0,-70.0,-70.0,-70.0,-70.0,-70.0,-70.0,-70.0,-70.0,-70.0,-70.0,-70.0,False,False,False,False,False,False,True
9700,0.0973380969084498,-14.0,-14.0,-14.0,-14.0,-14.0,-14.0,-14.0,-14.0,-14.0,-14.0,-14.0,-14.0,-14.0,-14.0,-14.0,-14.0,-14.0,-14.0,-14.0,-14.0,-14.0,-14.0,-14.0,-14.0,-14.0,-14.0,-14.0,-14.0,-14.0,-14.0,-14.0,-14.0,-14.0,-14.0,-14.0,-14.0,-70.0,-70.0,-70.0,-70.0,-70.0,-70.0,-70.0,-70.0,-70.0,-70.0,-70.0,False,False,False,False,False,False,True
9750,0.0973380969084498,-14.0,-14.0,-14.0,-14.0,-14.0,-14.0,-14.0,-14.0,-14.0,-14.0,-14.0,-14.0,-14.0,-14.0,-14.0,-14.0,-14.0,-14.0,-14.0,-14.0,-14.0,-14.0,-14.0,-14.0,-14.0,-14.0,-14.0,-14.0,-14.0,-14.0,-14.0,-14.0,-14.0,-14.0,-14.0,-14.0,-70.0,-70.0,-70.0,-70.0,-70.0,-70.0,-70.0,-70.0,-70.0,-70.0,-70.0,False,False,False,False,False,False,True
9800,0.0973380969084498,-14.0,-14.0,-14.0,-14.0,-14.0,-14.0,-14.0,-14.0,-14.0,-14.0,-14.0,-14.0,-14.0,-14.0,-14.0,-14.0,-14.0,-14.0,-14.0,-14.0,-14.0,-14.0,-14.0,-14.0,-14.0,-14.0,-14.0,-14.0,-14.0,-14.0,-14.0,-14.0,-14.0,-14.0,-14.0,-14.0,-70.0,-70.0,-70.0,-70.0,-70.0,-70.0,-70.0,-70.0,-70.0,-70.0,-70.0,False,False,False,False,False,False,True
9850,0.0973380969084498,-14.0,-14.0,-14.0,-14.0,-14.0,-14.0,-14.0,-14.0,-14.0,-14.0,-14.0,-14.0,-14.0,-14.0,-14.0,-14.0,-14.0,-14.0,-14.0,-14.0,-14.0,-14.0,-14.0,-14.0,-14.0,-14.0,-14.0,-14.0,-14.0,-14.0,-14.0,-14.0,-14.0,-14.0,-14.0,-14.0,-70.0,-70.0,-70.0,-70.0,-70.0,-70.0,-70.0,-70.0,-70.0,-70.0,-70.0,False,False,False,False,False,False,True
9900,0.0973380969084498,-14.0,-14.0,-14.0,-14.0,-14.0,-14.0,-14.0,-14.0,-14.0,-14.0,-14.0,-14.0,-14.0,-14.0,-14.0,-14.0,-14.0,-14.0,-14.0,-14.0,-14.0,-14.0,-14.0,-14.0,-14.0,-14.0,-14.0,-14.0,-14.0,-14.0,-14.0,-14.0,-14.0,-14.0,-14.0,-14.0,-70.0,-70.0,-70.0,-70.0,-70.0,-70.0,-70.0,-70.0,-70.0,-70.0,-70.0,False,False,False,False,False,False,True
9950,0.0973380969084498,-14.0,-14.0,-14.0,-14.0,-14.0,-14.0,-14.0,-14.0,-14.0,-14.0,-14.0,-14.0,-14.0,-14.0,-14.0,-14.0,-14.0,-14.0,-14.0,-14.0,-14.0,-14.0,-14.0,-14.0,-14.0,-14.0,-14.0,-14.0,-14.0,-14.0,-14.0,-14.0,-14.0,-14.0,-14.0,-14.0,-70.0,-70.0,-70.0,-70.0,-70.0,-70.0,-70.0,-70.0,-70.0,-70.0,-70.0,False,False,False,False,False,False,True
10000,0.0973380969084498,-14.0,-14.0,-14.0,-14.0,-14.0,-14.0,-14.0,-14.0,-14.0,-14.0,-14.0,-14.0,-14.0,-14.0,-14.0,-14.0,-14.0,-14.0,-14.0,-14.0,-14.0,-14.0,-14.0,-14.0,-14.0,-14.0,-14.0,-14.0,-14.0,-14.0,-14.0,-14.0,-14.0,-14.0,-14.0,-14.0,-70.0,-70.0,-70.0,-70.0,-70.0,-70.0,-70.0,-70.0,-70.0,-70.0,-70.0,False,False,False,False,False,False,True
1000,0.145395613296594,-62.7943037140524,-61.212884279869165,-59.65090399304015,-58.10836285356535,-56.585260861444745,-55.081598016678385,-53.59737431926622,-52.1325897692083,-50.68724436650458,-49.2613381111551,-47.854871003159815,-46.46784304251872,-45.10025422923187,-43.75210456329922,-42.42339404472081,-41.11412267349659,-39.82429044962657,-38.553897373110786,-37.30294344394926,-36.07142866214191,-34.85935302768877,-33.66671654058987,-32.493519200845164,-31.339761008454644,-30.205441963418373,-29.09056206573635,-27.995121315408515,-26.91911971243488,-25.86255725681549,-24.825433948550288,-23.807749787639285,-22.809504774082516,-21.83069890788,-20.871332189031683,-19.931404617537552,-19.010916193397662,-18.109866916611974,-17.228256787180534,-16.366085805103275,-15.523353970380212,-14.700061283011395,-14.0,-14.0,-14.0,-14.0,-14.0,-14.0,True,False,False,False,False,False,False
1050,0.145395613296594,-60.32172503318682,-58.812724367809295,-57.32227266272517,-55.850369917934444,-54.3970161334371,-52.9622113092332,-51.545955445322676,-50.14824854170559,-48.76909059838189,-47.40848161535162,-46.06642159261473,-44.74291053017123,-43.43794842802116,-42.15153528616447,-40.88367110460121,-39.63435588333134,-38.40358962235485,-37.1913723216718,-35.99770398128218,-34.82258460118594,-33.66601418138308,-32.52799272187366,-31.40852022265762,-30.307596683734964,-29.22522210510574,-28.161396486769952,-27.11611982872754,-26.089392130978517,-25.081213393522926,-24.091583616360722,-23.1205027994919,-22.167970942916504,-21.233988046634543,-20.318554110645973,-19.421669134950783,-18.543333119549022,-17.68354606444065,-16.84230796962571,-16.01961883510415,-15.21547866087597,-14.42988744694122,-14.0,-14.0,-14.0,-14.0,-14.0,-14.0,True,False,False,False,False,False,False
1100,0.145395613296594,-58.071989651472265,-56.62889227529721,-55.20353376202947,-53.795914111669056,-52.40603332421594,-51.03389139967018,-49.67948833803172,-48.3428241393006,-47.02389880347678,-45.72271233056032,-44.43926472055115,-43.17355597344928,-41.925586089254764,-40.69535506796755,-39.48286290958767,-38.2881096141151,-37.11109518154983,-35.9518196118919,-34.81028290514133,-33.68648506129805,-32.58042608036207,-31.492105962333444,-30.42152470721211,-29.368682314998086,-28.333578785691408,-27.316214119292074,-26.316588315800036,-25.334701375215303,-24.37055329753792,-23.424144082767835,-22.495473730905047,-21.58454224194961,-20.69134961590152,-19.815895852760733,-18.958180952527243,-18.118204915201098,-17.295967740782256,-16.49146942927077,-15.70470998066657,-14.935689394969673,-14.184407672180123,-14.0,-14.0,-14.0,-14.0,-14.0,-14.0,True,False,False,False,False,False,False
1150,0.145395613296594,-56.0161377133575,-54.633273531144845,-53.26740781248198,-51.9185405573689,-50.5866717658056,-49.27180143779213,-47.97392957332842,-46.69305617241454,-45.42918123505043,-44.182304761236146,-42.952426750971625,-41.73954720425689,-40.54366612109197,-39.364783501476815,-38.20289934541149,-37.05801365289593,-35.93012642393015,-34.81923765851419,-33.72534735664805,-32.64845551833168,-31.58856214356509,-30.545667232348315,-29.519770784681317,-28.51087280056409,-27.518973279996683,-26.544072222979093,-25.586169629511275,-24.64526549959324,-23.721359833225016,-22.81445263040657,-21.9245438911379,-21.051633615419043,-20.195721803250013,-19.35680845463075,-18.53489356956127,-17.72997714804159,-16.94205919007171,-16.171139695651636,-15.417218664781334,-14.68029609746081,-14.0,-14.0,-14.0,-14.0,-14.0,-14.0,-14.0,True,False,False,False,False,False,False
1200,0.145395613296594,-54.13002552719202,-52.80242939504802,-51.49115235971148,-50.19619442118239,-48.917555579460746,-47.655235834546595,-46.40923518643988,-45.17955363514065,-43.96619118064886,-42.769147822964555,-41.58842356208769,-40.42401839801827,-39.275932330756326,-38.144165360301834,-37.02871748665482,-35.92958870981524,-34.84677902978311,-33.78028844655846,-32.7301169601413,-31.696264570531575,-30.67873127772929,-29.677517081734493,-28.692621982547138,-27.724045980167222,-26.771789074594786,-25.835851265829838,-24.91623255387233,-24.012932938722262,-23.125952420379683,-22.255290998844544,-21.40094867411684,-20.562925446196623,-19.74122131508389,-18.9358362807786,-18.14677034328075,-17.374023502590376,-16.617595758707456,-15.877487111632018,-15.15369756136401,-14.446227107903448,-14.0,-14.0,-14.0,-14.0,-14.0,-14.0,-14.0,True,False,False,False,False,False,False
1250,0.145395613296594,-52.39336385440603,-51.11666316853822,-49.85565596172053,-48.61034223395296,-47.3807219852355,-46.16679521556819,-44.96856192495098,-43.78602211338393,-42.619175780866975,-41.46802292740017,-40.33256355298347,-39.21279765761688,-38.108725241300434,-37.02034630403409,-35.9476608458179,-34.89066886665181,-33.84937036653582,-32.82376534546999,-31.813853803454304,-30.819635740488717,-29.84111115657324,-28.878280051707907,-27.931142425892684,-26.999698279127564,-26.083947611412587,-25.183890422747766,-24.29952671313304,-23.430856482568426,-22.577879731053958,-21.740596458589597,-20.919006665175345,-20.11311035081123,-19.32290751549727,-18.548398159233415,-17.789582282019662,-17.046459883856052,-16.31903096474256,-15.607295524679207,-14.911253563665962,-14.230905081702817,-14.0,-14.0,-14.0,-14.0,-14.0,-14.0,-14.0,True,False,False,False,False,False,False
1300,0.145395613296594,-50.788977842335555,-49.55930169419532,-48.34474098938717,-47.14529572791111,-45.960965909767125,-44.79175153495526,-43.63765260347546,-42.49866911532778,-41.37480107051217,-40.26604846902867,-39.172411310877244,-38.09388959605789,-37.03048332457065,-35.982192496415486,-34.94901711159243,-33.93095717010145,-32.92801267194254,-31.940183617115743,-30.96747000562106,-30.009871837458448,-29.067389112627907,-28.140021831129484,-27.227769992963132,-26.330633598128852,-25.44861264662668,-24.58170713845663,-23.72991707361864,-22.893242452112737,-22.071683273938937,-21.265239539097212,-20.47391124758756,-19.697698399410022,-18.936600994564596,-18.190619033051245,-17.45975251486996,-16.744001440020792,-16.0433658085037,-15.357845620318722,-14.687440875465807,-14.03215157394497,-14.0,-14.0,-14.0,-14.0,-14.0,-14.0,-14.0,True,False,False,False,False,False,False
1350,0.145395613296594,-49.3022312033522,-48.116136317131534,-46.94462116401072,-45.78768574398977,-44.64533005706866,-43.51755410324745,-42.40435788252607,-41.30574139490459,-40.22170464038294,-39.15224761896118,-38.09737033063926,-37.05707277541719,-36.031354953295,-35.020216864272655,-34.023658508350195,-33.04167988552757,-32.0742809958048,-31.121461839181915,-30.18322241565891,-29.25956272523575,-28.350482767912435,-27.455982543689004,-26.576062052565415,-25.71072129454167,-24.859960269617808,-24.023778977793835,-23.2021774190697,-22.395155593445413,-21.602713500921013,-20.824851141496453,-20.061568515171736,-19.3128656219469,-18.57874246182196,-17.85919903479686,-17.154235340871598,-16.46385138004622,-15.788047152320695,-15.126822657695051,-14.480177896169243,-14.0,-14.0,-14.0,-14.0,-14.0,-14.0,-14.0,-14.0,True,False,False,False,False,False,False
1400,0.145395613296594,-47.92057362538045,-46.774983488175266,-45.64347519099513,-44.52604873384005,-43.42270411670999,-42.333441339605,-41.25826040252504,-40.19716130547015,-39.150144048440296,-38.1172086314355,-37.098355054455745,-36.093583317501015,-35.10289342057135,-34.12628536366672,-33.16375914678715,-32.21531476993261,-31.280952233103108,-30.360671536298675,-29.454472679519306,-28.562355662764965,-27.684320486035656,-26.820367149331414,-25.970495652652204,-25.134705995998022,-24.312998179368908,-23.505372202764867,-22.711828066185845,-21.932365769631865,-21.166985313102945,-20.415686696599057,-19.6784699201202,-18.95533498366641,-18.24628188723769,-17.551310630834003,-16.870421214455337,-16.20361363810174,-15.550887901773182,-14.91224400546969,-14.28768194919122,-14.0,-14.0,-14.0,-14.0,-14.0,-14.0,-14.0,-14.0,True,False,False,False,False,False,False
1450,0.145395613296594,-46.633181701766276,-45.52533616196101,-44.43110849748248,-43.350498708330676,-42.2835067945056,-41.230132756007286,-40.19037659283569,-39.16423830499085,-38.15171789247274,-37.152815355281376,-36.167530693416744,-35.19586390687882,-34.23781499566766,-33.29338395978322,-32.36257079922554,-31.44537551399457,-30.54179810409033,-29.651838569512844,-28.775496910262117,-27.91277312633811,-27.06366721774082,-26.22817918447029,-25.406309026526483,-24.598056743909392,-23.80342233661906,-23.022405804655488,-22.25500714801863,-21.501226366708497,-20.761063460725122,-20.034518430068466,-19.321591274738534,-18.622281994735356,-17.936590590058934,-17.264517060709235,-16.60606140668626,-15.961223627990028,-15.330003724620529,-14.712401696577787,-14.108417543861766,-14.0,-14.0,-14.0,-14.0,-14.0,-14.0,-14.0,-14.0,True,False,False,False,False,False,False
1500,0.145395613296594,-45.430671583610426,-44.358084827815716,-43.29868253880153,-42.25246471656787,-41.21943136111473,-40.199582472442145,-39.19291805055007,-38.19943809543855,-37.21914260710754,-36.25203158555709,-35.29810503078715,-34.35736294279772,-33.429805321588844,-32.51543216716048,-31.614243479512673,-30.726239258645375,-29.851419504558592,-28.989784217252364,-28.141333396726683,-27.306067042981518,-26.483985156016864,-25.67508773583276,-24.879374782429178,-24.096846295806106,-23.327502275963585,-22.571342722901615,-21.828367636620158,-21.09857701711922,-20.381970864398824,-19.67854917845895,-18.98831195929959,-18.31125920692078,-17.64739092132252,-16.996707102504775,-16.359207750467544,-15.734892865210856,-15.123762446734696,-14.525816495039082,-14.0,-14.0,-14.0,-14.0,-14.0,-14.0,-14.0,-14.0,-14.0,True,False,False,False,False,False,False
1550,0.145395613296594,-44.30486717701131,-43.265292467044205,-42.23849643269973,-41.2244790739779,-40.2232403908787,-39.23478038340216,-38.25909905154824,-37.29619639531699,-36.34607241470836,-35.408727109722385,-34.48416048035904,-33.57237252661832,-32.67336324850026,-31.787132646004824,-30.91368071913205,-30.053007467881894,-29.20511289225437,-28.369996992249508,-27.5476597678673,-26.73810121910772,-25.941321345970763,-25.157320148456467,-24.386097626564798,-23.627653780295756,-22.88198860964937,-22.14910211462564,-21.42899429522454,-20.721665151446068,-20.02711468329025,-19.345342890757063,-18.6763497738465,-18.020135332558592,-17.376699566893347,-16.746042476850725,-16.128164062430734,-15.523064323633395,-14.93074326045869,-14.351200872906642,-14.0,-14.0,-14.0,-14.0,-14.0,-14.0,-14.0,-14.0,-14.0,True,False,False,False,False,False,False
1600,0.145395613296594,-43.24861174801771,-42.24001165292397,-41.24380948683388,-40.260005249747444,-39.28859894166465,-38.32959056258554,-37.38298011251006,-36.448767591438255,-35.526952999370096,-34.617536336305605,-33.720517602244755,-32.835896797187544,-31.96367392113401,-31.103848974084116,-30.256421956037894,-29.421392866995312,-28.59876170695637,-27.7885284759211,-26.990693173889508,-26.205255800861554,-25.432216356837237,-24.671574841816593,-23.923331255799596,-23.187485598786232,-22.464037870776547,-21.752988071770535,-21.054336201768155,-20.368082260769423,-19.694226248774363,-19.032768165782944,-18.38370801179516,-17.747045786811054,-17.12278149083062,-16.510915123853827,-15.911446685880673,-15.32437617691119,-14.749703596945356,-14.187428945983191,-14.0,-14.0,-14.0,-14.0,-14.0,-14.0,-14.0,-14.0,-14.0,True,False,False,False,False,False,False
1650,0.145395613296594,-42.25561373754401,-41.27613486357882,-40.308695954312284,-39.353297009744416,-38.4099380298752,-37.47861901470468,-36.559339964232805,-35.65210087845961,-34.75690175738508,-33.873742601009226,-33.002623409332024,-32.14354418235347,-31.296504920073613,-30.4615056224924,-29.638546289609874,-28.827626921425995,-28.028747517940772,-27.241908079154236,-26.467108605066386,-25.704349095677184,-24.953629550986633,-24.21494997099477,-23.488310355701557,-22.773710705106996,-22.071151019211122,-21.38063129801393,-20.702151541515388,-20.035711749715507,-19.3813119226143,-18.73895206021175,-18.108632162507856,-17.49035222950264,-16.884112261196112,-16.289912257588238,-15.707752218679014,-15.137632144468467,-14.579552034956587,-14.033511890143384,-14.0,-14.0,-14.0,-14.0,-14.0,-14.0,-14.0,-14.0,-14.0,True,False,False,False,False,False,False
1700,0.145395613296594,-41.32031975057161,-40.36827117701182,-39.42792538900642,-38.49928238655541,-37.58234216965879,-36.67710473831658,-35.78357009252875,-34.90173823229534,-34.0316091576163,-33.173182868491686,-32.326459364921455,-31.491438646905596,-30.668120714444157,-29.856505567537095,-29.05659320618445,-28.268383630386186,-27.491876840142304,-26.727072835452834,-25.97397161631778,-25.232573182737106,-24.502877534710812,-23.784884672238935,-23.078594595321437,-22.384007303958324,-21.701122798149623,-21.029941077895334,-20.370462143195425,-19.7226859940499,-19.08661263045879,-18.46224205242206,-17.849574259939715,-17.24860925301178,-16.659347031638255,-16.08178759581912,-15.515930945554365,-14.961777080844016,-14.419326001688058,-14.0,-14.0,-14.0,-14.0,-14.0,-14.0,-14.0,-14.0,-14.0,-14.0,True,False,False,False,False,False,False
1750,0.145395613296594,-40.43780929056981,-39.5116440774007,-38.59686348596065,-37.69346751624964,-36.80145616826766,-35.920829442014764,-35.05158733749089,-34.193729854696095,-33.34725699363033,-32.51216875429363,-31.688465136685966,-30.87614614080734,-30.075211766657777,-29.285662014237253,-28.507496883545794,-27.740716374583368,-26.98532048734998,-26.24130922184566,-25.50868257807041,-24.78744055602419,-24.077583155707007,-23.37911037711889,-22.69202222025981,-22.016318685129768,-21.351999771728785,-20.699065480056873,-20.057515810113998,-19.427350761900158,-18.808570335415382,-18.201174530659646,-17.605163347632942,-17.020536786335306,-16.447294846766738,-15.885437528927204,-15.334964832816706,-14.79587675843527,-14.268173305782877,-14.0,-14.0,-14.0,-14.0,-14.0,-14.0,-14.0,-14.0,-14.0,-14.0,True,False,False,False,False,False,False
1800,0.145395613296594,-39.60370701538441,-38.70200627197084,-37.81138942776941,-36.931856482780134,-36.063407437003,-35.206042290438035,-34.3597610430852,-33.52456369494454,-32.70045024601601,-31.887420696299653,-31.08547504579543,-30.294613294503346,-29.51483544242343,-28.746141489555647,-27.988531435900036,-27.242005281456557,-26.50656302622522,-25.782204670206045,-25.068930213399042,-24.36673965580417,-23.67563299742144,-22.995610238250876,-22.32667137829245,-21.66881641754616,-21.02204535601204,-20.386358193690086,-19.761754930580263,-19.14823556668258,-18.545800101997067,-17.95444853652369,-17.37418087026245,-16.804997103213378,-16.24689723537647,-15.699881266751701,-15.163949197339072,-14.639101027138603,-14.125336756150277,-14.0,-14.0,-14.0,-14.0,-14.0,-14.0,-14.0,-14.0,-14.0,-14.0,True,False,False,False,False,False,False
1850,0.145395613296594,-38.81410920322944,-37.935568303574506,-37.06782661735779,-36.210884144579296,-35.36474088523901,-34.52939683933697,-33.70485200687314,-32.89110638784754,-32.088159982260166,-31.29601279011102,-30.514664811400085,-29.74411604612736,-28.984366494292875,-28.235416155896598,-27.49726503093856,-26.76991311941873,-26.053360421337114,-25.347606936693737,-24.6526526654886,-23.968497607721666,-23.295141763392948,-22.632585132502467,-21.980827715050197,-21.339869511036134,-20.709710520460312,-20.090350743322727,-19.48179017962335,-18.884028829362187,-18.29706669253926,-17.720903769154546,-17.15554005920804,-16.600975562699773,-16.057210279629743,-15.524244209997924,-15.002077353804317,-14.490709711048945,-14.0,-14.0,-14.0,-14.0,-14.0,-14.0,-14.0,-14.0,-14.0,-14.0,-14.0,True,False,False,False,False,False,False
1900,0.145395613296594,-38.06552181389949,-37.20893842030062,-36.36288433375934,-35.527359554275634,-34.7023640818495,-33.88789791648097,-33.08396105817001,-32.290553506916645,-31.50767526272085,-30.73532632558265,-29.973506695502024,-29.222216372478965,-28.481455356513504,-27.751223647605617,-27.03152124575532,-26.322348150962597,-25.623704363227443,-24.935589882549888,-24.258004708929935,-23.590948842367542,-22.934422282862723,-22.288425030415503,-21.652957085025854,-21.028018446693768,-20.413609115419284,-19.8097290912024,-19.21637837404308,-18.633556963941334,-18.061264860897186,-17.499502064910605,-16.948268575981594,-16.407564394110178,-15.877389519296367,-15.35774395154012,-14.848627690841449,-14.350040737200366,-14.0,-14.0,-14.0,-14.0,-14.0,-14.0,-14.0,-14.0,-14.0,-14.0,-14.0,True,False,False,False,False,False,False
1950,0.145395613296594,-37.35480806621288,-36.51907168372102,-35.693608352348534,-34.87841807209543,-34.07350084296168,-33.27885666494733,-32.49448553805233,-31.720387462276737,-30.9565624376205,-30.20301046408366,-29.45973154166618,-28.726725670368065,-28.00399285018934,-27.29153308112998,-26.589346363190014,-25.897432696369407,-25.215792080668162,-24.544424516086316,-23.883330002623858,-23.23250854028076,-22.591960129057032,-21.96168476895269,-21.34168245996771,-20.7319532021021,-20.13249699535588,-19.543313839729052,-18.96440373522158,-18.39576668183348,-17.837402679564768,-17.28931172841542,-16.75149382838544,-16.22394897947484,-15.706677181683641,-15.199678435011807,-14.702952739459333,-14.216500095026246,-14.0,-14.0,-14.0,-14.0,-14.0,-14.0,-14.0,-14.0,-14.0,-14.0,-14.0,True,False,False,False,False,False,False
2000,0.145395613296594,-36.679143868114316,-35.863226700695684,-35.05733896234783,-34.26148065307074,-33.47565177286442,-32.69985232172888,-31.93408229966412,-31.178341706670142,-30.432630542746928,-29.696948807894504,-28.971296502112843,-28.255673625401943,-27.550080177761835,-26.854516159192485,-26.16898156969393,-25.493476409266137,-24.828000677909106,-24.172554375622866,-23.527137502407413,-22.891750058262726,-22.2663920431888,-21.651063457185668,-21.045764300253293,-20.450494572391683,-19.86525427360086,-19.290043403880833,-18.724861963231564,-18.16970995165306,-17.62458736914535,-17.089494215708395,-16.564430491342208,-16.049396196046807,-15.544391329822199,-15.049415892668353,-14.56446988458527,-14.089553305572975,-14.0,-14.0,-14.0,-14.0,-14.0,-14.0,-14.0,-14.0,-14.0,-14.0,-14.0,True,False,False,False,False,False,False
2050,0.145395613296594,-36.035979760169916,-35.238928678515045,-34.45167511995254,-33.6742190844824,-32.90656057210462,-32.14869958281922,-31.40063611662617,-30.662370173525503,-29.93390175351719,-29.21523085660126,-28.506357482777684,-27.80728163204646,-27.118003304407615,-26.43852249986113,-25.76883921840702,-25.108953460045267,-24.458865224775867,-23.81857451259885,-23.18808132351421,-22.56738565752193,-21.956487514621998,-21.35538689481445,-20.764083798099257,-20.182578224476416,-19.610870173945955,-19.04895964650788,-18.49684664216215,-17.954531160908783,-17.422013202747788,-16.899292767679153,-16.386369855702874,-15.88324446681897,-15.389916601027453,-14.906386258328286,-14.432653438721475,-14.0,-14.0,-14.0,-14.0,-14.0,-14.0,-14.0,-14.0,-14.0,-14.0,-14.0,-14.0,True,False,False,False,False,False,False
2100,0.145395613296594,-35.42300828805574,-34.643937750598994,-33.874443715523334,-33.114526182828754,-32.36418515251525,-31.62342062458284,-30.89223259903151,-30.17062107586128,-29.458586055072125,-28.756127536664067,-28.063245520637086,-27.379940006991177,-26.706210995726366,-26.042058486842627,-25.387482480339994,-24.74248297621843,-24.10705997447794,-23.48121347511855,-22.864943478140265,-22.25824998354305,-21.661132991326905,-21.073592501491863,-20.495628514037897,-19.927241028965,-19.368430046273208,-18.819195565962513,-18.279537588032888,-17.749456112484342,-17.228951139316894,-16.71802266853052,-16.216670700125217,-15.724895234101016,-15.242696270457918,-14.77007380919589,-14.307027850314938,-14.0,-14.0,-14.0,-14.0,-14.0,-14.0,-14.0,-14.0,-14.0,-14.0,-14.0,-14.0,True,False,False,False,False,False,False
2150,0.145395613296594,-34.838135921207304,-34.07622171566486,-33.323673123186644,-32.58049014377266,-31.846672777422885,-31.12222102413736,-30.407134883916047,-29.70141435675898,-29.00505944266613,-28.31807014163752,-27.640446453673125,-26.972188378772948,-26.31329591693701,-25.663769068165294,-25.02360783245782,-24.392812209814558,-23.77138220023551,-23.15931780372071,-22.55661902027015,-21.96328584988381,-21.37931829256168,-20.804716348303796,-20.23948001711013,-19.683609298980677,-19.13710419391547,-18.599964701914498,-18.072190822977745,-17.55378255710521,-17.044739904296918,-16.545062864552843,-16.054751437872984,-15.573805624257364,-15.102225423705987,-14.640010836218828,-14.187161861795888,-14.0,-14.0,-14.0,-14.0,-14.0,-14.0,-14.0,-14.0,-14.0,-14.0,-14.0,-14.0,True,False,False,False,False,False,False
2200,0.145395613296594,-34.279458795167876,-33.533932488973164,-32.797570352263975,-32.07037238504032,-31.35233858730218,-30.64346895904959,-29.94376350028251,-29.253222211000974,-28.57184509120496,-27.899632140894482,-27.236583360069524,-26.582698748730085,-25.937978306876186,-25.302422034507806,-24.676029931624967,-24.058801998227647,-23.45073823431584,-22.851838639889582,-22.262103214948862,-21.68153195949366,-21.110124873523976,-20.547881957039834,-19.99480321004121,-19.450888632528102,-18.916138224500536,-18.390551985958513,-17.874129916902007,-17.36687201733102,-16.868778287245572,-16.379848726645644,-15.900083335531235,-15.429482113902363,-14.968045061759037,-14.51577217910123,-14.072663465928938,-14.0,-14.0,-14.0,-14.0,-14.0,-14.0,-14.0,-14.0,-14.0,-14.0,-14.0,-14.0,True,False,False,False,False,False,False
2250,0.145395613296594,-33.74524168349547,-33.01538568884143,-32.294501240837654,-31.582588339484168,-30.87964698478095,-30.185677176728035,-29.50067891532539,-28.824652200573045,-28.157597032470967,-27.499513411019183,-26.850401336217676,-26.210260808066437,-25.579091826565495,-24.956894391714826,-24.34366850351445,-23.739414161964348,-23.14413136706452,-22.557820118814984,-21.980480417215748,-21.41211226226678,-20.852715653968087,-20.302290592319686,-19.760837077321558,-19.2283551089737,-18.704844687276143,-18.19030581222888,-17.684738483831886,-17.188142702085166,-16.70051846698874,-16.22186577854259,-15.752184636746708,-15.291475041601123,-14.839736993105834,-14.396970491260817,-14.0,-14.0,-14.0,-14.0,-14.0,-14.0,-14.0,-14.0,-14.0,-14.0,-14.0,-14.0,-14.0,True,False,False,False,False,False,False
2300,0.145395613296594,-33.2338997083233,-32.519042881842154,-31.812973229014478,-31.11569074984026,-30.427195444319505,-29.747487312452225,-29.076566354238405,-28.414432569678066,-27.76108595877118,-27.116526521517773,-26.480754257917823,-25.85376916797133,-25.235571251678316,-24.626160509038755,-24.025536940052675,-23.43370054472005,-22.850651323040882,-22.27638927501519,-21.710914400642984,-21.15422669992423,-20.60632617285893,-20.06721281944711,-19.536886639688753,-19.015347633583843,-18.502595801132415,-17.998631142334467,-17.503453657189972,-17.017063345698936,-16.539460207861378,-16.07064424367728,-15.610615453146636,-15.159373836269467,-14.71691939304578,-14.28325212347555,-14.0,-14.0,-14.0,-14.0,-14.0,-14.0,-14.0,-14.0,-14.0,-14.0,-14.0,-14.0,-14.0,True,False,False,False,False,False,False
2350,0.145395613296594,-32.743982382151145,-32.04349609114978,-31.35162032809314,-30.66835509298124,-29.993700385814066,-29.327656206591644,-28.67022255531395,-28.021399431981,-27.38118683659278,-26.74958476914931,-26.126593229650563,-25.512212218096547,-24.906441734487277,-24.309281778822733,-23.72073235110294,-23.14079345132787,-22.56946507949753,-22.00674723561194,-21.452639919671096,-20.90714313167498,-20.37025687162359,-19.84198113951695,-19.322315935355036,-18.811261259137847,-18.30881711086541,-17.81498349053772,-17.329760398154754,-16.85314783371652,-16.385145797223032,-15.925754288674268,-15.474973308070235,-15.032802855410946,-14.59924293069641,-14.174293533926603,-14.0,-14.0,-14.0,-14.0,-14.0,-14.0,-14.0,-14.0,-14.0,-14.0,-14.0,-14.0,-14.0,True,False,False,False,False,False,False
2400,0.145395613296594,-32.274159641286836,-31.587454238364742,-30.909189965751153,-30.239366823446066,-29.57798481144947,-28.92504392976139,-28.280544178381806,-27.644485557310738,-27.016868066548156,-26.397691706094093,-25.786956475948525,-25.184662376111447,-24.590809406582885,-24.005397567362817,-23.42842685845126,-22.859897279848198,-22.299808831553626,-21.748161513567574,-21.204955325890033,-20.670190268520987,-20.14386634146043,-19.625983544708394,-19.116541878264844,-18.61554134212979,-18.12298193630325,-17.638863660785226,-17.163186515575696,-16.695950500674655,-16.23715561608213,-15.7868018617981,-15.34488923782256,-14.911417744155537,-14.486387380797028,-14.069798147747012,-14.0,-14.0,-14.0,-14.0,-14.0,-14.0,-14.0,-14.0,-14.0,-14.0,-14.0,-14.0,-14.0,True,False,False,False,False,False,False
2450,0.145395613296594,-31.823209586747627,-31.149731242918822,-30.484531439547137,-29.827610176632568,-29.178967454175112,-28.53860327217479,-27.90651763063158,-27.2827105295455,-26.667181968916534,-26.059931948744698,-25.46096046902997,-24.870267529772352,-24.287853130971868,-23.713717272628497,-23.147859954742255,-22.590281177313123,-22.0409809403411,-21.499959243826215,-20.967216087768456,-20.44275147216781,-19.926565397024277,-19.41865786233787,-18.91902886810858,-18.427678414336395,-17.944606501021344,-17.469813128163427,-17.00329829576261,-16.545062003818916,-16.09510425233235,-15.653425041302894,-15.220024370730549,-14.794902240615334,-14.378058650957254,-14.0,-14.0,-14.0,-14.0,-14.0,-14.0,-14.0,-14.0,-14.0,-14.0,-14.0,-14.0,-14.0,-14.0,True,False,False,False,False,False,False
2500,0.145395613296594,-31.39000769385983,-30.729235547268722,-30.07658575382915,-29.43205831354112,-28.79565322640462,-28.16737049241968,-27.547210111586267,-26.93517208390441,-26.33125640937408,-25.73546308799531,-25.147792119768066,-24.568243504692354,-23.996817242768195,-23.43351333399557,-22.878331778374495,-22.331272575904954,-21.79233572658694,-21.261521230420485,-20.73882908740558,-20.224259297542208,-19.717811860830366,-19.219486777270077,-18.72928404686132,-18.247203669604097,-17.773245645498424,-17.307409974544303,-16.849696656741713,-16.40010569209066,-15.958637080591153,-15.52529082224318,-15.100066917046743,-14.682965365001852,-14.27398616610852,-14.0,-14.0,-14.0,-14.0,-14.0,-14.0,-14.0,-14.0,-14.0,-14.0,-14.0,-14.0,-14.0,-14.0,True,False,False,False,False,False,False
2550,0.145395613296594,-30.97351728921256,-30.324960872411747,-29.68437665038811,-29.051764623141644,-28.427124790672337,-27.81045715298022,-27.201761710065263,-26.601038461927487,-26.008287408566876,-25.42350854998345,-24.846701886177186,-24.277867417148084,-23.717005142896163,-23.164115063421406,-22.619197178723834,-22.082251488803422,-21.55327799366017,-21.032276693294108,-20.519247587705227,-20.014190676893506,-19.51710596085895,-19.027993439601577,-18.546853113121365,-18.073684981418317,-17.60848904449245,-17.151265302343774,-16.70201375497225,-16.260734402377896,-15.82742724456072,-15.402092281520709,-14.984729513257863,-14.575338939772195,-14.173920561063714,-14.0,-14.0,-14.0,-14.0,-14.0,-14.0,-14.0,-14.0,-14.0,-14.0,-14.0,-14.0,-14.0,-14.0,True,False,False,False,False,False,False
2600,0.145395613296594,-30.57278112456836,-29.935978038301084,-29.307002672347593,-28.685855026707888,-28.072535101381956,-27.467042896369822,-26.869378411671462,-26.2795416472869,-25.697532603216114,-25.123351279459122,-24.556997676015904,-23.998471792886463,-23.447773630070817,-22.904903187568944,-22.36986046538087,-21.84264546350657,-21.323258181946045,-20.811698620699314,-20.30796677976638,-19.812062659147223,-19.32398625884184,-18.84373757885025,-18.371316619172436,-17.9067233798084,-17.449957860758158,-17.001020062021713,-16.55990998359904,-16.126627625490144,-15.701172987695042,-15.283546070213719,-14.873746873046166,-14.47177539619241,-14.077631639652452,-14.0,-14.0,-14.0,-14.0,-14.0,-14.0,-14.0,-14.0,-14.0,-14.0,-14.0,-14.0,-14.0,-14.0,True,False,False,False,False,False,False
2650,0.145395613296594,-30.18691390302928,-29.561427708684416,-28.943630124987095,-28.333521151937322,-27.731100789535088,-27.13636903778041,-26.54932589667327,-25.969971366213688,-25.398305446401643,-24.834328137237158,-24.27803943872021,-23.729439350850797,-23.188527873628942,-22.655305007054622,-22.129770751127865,-21.61192510584864,-21.101768071216956,-20.59929964723283,-20.10451983389626,-19.617428631207225,-19.13802603916573,-18.666312057771794,-18.202286687025392,-17.745949926926528,-17.297301777475223,-16.856342238671473,-16.42307131051526,-15.997488993006588,-15.579595286145473,-15.16939018993189,-14.76687370436585,-14.372045829447364,-14.0,-14.0,-14.0,-14.0,-14.0,-14.0,-14.0,-14.0,-14.0,-14.0,-14.0,-14.0,-14.0,-14.0,-14.0,True,False,False,False,False,False,False
2700,0.145395613296594,-29.815095634173346,-29.200513940681255,-28.59348681737007,-27.9940142642398,-27.402096281290437,-26.817732868521997,-26.24092402593446,-25.671669753527848,-25.10997005130214,-24.555824919257358,-24.009234357393478,-23.4701983657105,-22.938716944208448,-22.4147900928873,-21.898417811747077,-21.389600100787757,-20.888336960009337,-20.394628389411846,-19.908474388995277,-19.429874958759612,-18.95883009870485,-18.495339808831016,-18.03940408913808,-17.591022939626054,-17.150196360294945,-16.716924351144765,-16.291206912175486,-15.873044043387114,-15.462435744779663,-15.059382016353117,-14.663882858107478,-14.275938270042758,-14.0,-14.0,-14.0,-14.0,-14.0,-14.0,-14.0,-14.0,-14.0,-14.0,-14.0,-14.0,-14.0,-14.0,-14.0,True,False,False,False,False,False,False
2750,0.145395613296594,-29.456565712791342,-28.852498436806336,-28.255856485523875,-27.666639858943967,-27.0848485570666,-26.510482579891793,-25.943541927419528,-25.38402659964982,-24.83193659658266,-24.287271918218057,-23.750032564555994,-23.220218535596473,-22.69782983133951,-22.182866451785088,-21.675328396933228,-21.17521566678391,-20.68252826133713,-20.197266180592912,-19.719429424551258,-19.24901799321214,-18.78603188657556,-18.330471104641546,-17.882335647410073,-17.44162551488114,-17.008340707054764,-16.58248122393095,-16.164047065509674,-15.753038231790944,-15.349454722774773,-14.95329653846114,-14.564563678850053,-14.183256143941522,-14.0,-14.0,-14.0,-14.0,-14.0,-14.0,-14.0,-14.0,-14.0,-14.0,-14.0,-14.0,-14.0,-14.0,-14.0,True,False,False,False,False,False,False
2800,0.145395613296594,-29.110617630891692,-28.516695411745534,-27.930073812084228,-27.350752831907776,-26.77873247121617,-26.21401273000943,-25.656593608287537,-25.106475106050507,-24.563657223298325,-24.028139960031005,-23.499923316248534,-22.979007291950907,-22.465391887138146,-21.95907710181023,-21.46006293596718,-20.968349389608974,-20.483936462735613,-20.00682415534712,-19.537012467443493,-19.074501399024708,-18.61929095009077,-18.171381120641698,-17.730771910677472,-17.29746332019809,-16.871455349203575,-16.452747997693923,-16.041341265669114,-15.637235153129156,-15.24042966007406,-14.850924786503812,-14.46872053241841,-14.093816897817868,-14.0,-14.0,-14.0,-14.0,-14.0,-14.0,-14.0,-14.0,-14.0,-14.0,-14.0,-14.0,-14.0,-14.0,-14.0,True,False,False,False,False,False,False
2850,0.145395613296594,-28.776594245306754,-28.192466998486506,-27.615519969247444,-27.045753157589566,-26.483166563512864,-25.927760187017363,-25.37953402810304,-24.838488086769914,-24.304622363017963,-23.77793685684721,-23.258431568257635,-22.746106497249237,-22.240961643822033,-21.742997007976008,-21.25221258971118,-20.768608389027527,-20.292184405925056,-19.82294064040378,-19.3608770924637,-18.905993762104796,-18.458290649327072,-18.017767754130542,-17.58442507651519,-17.158262616481014,-16.739280374028038,-16.327478349156255,-15.922856541865652,-15.525414952156227,-15.135153580027996,-14.752072425480943,-14.37617148851507,-14.007450769130388,-14.0,-14.0,-14.0,-14.0,-14.0,-14.0,-14.0,-14.0,-14.0,-14.0,-14.0,-14.0,-14.0,-14.0,-14.0,True,False,False,False,False,False,False
2900,0.145395613296594,-28.453883533935436,-27.879219128795576,-27.31161862195447,-26.75108201341211,-26.197609303168488,-25.651200491223634,-25.111855577577515,-24.57957456223016,-24.054357445181548,-23.536204226431696,-23.025114905980583,-22.521089483828213,-22.024127959974603,-21.534230334419735,-21.051396607163625,-20.575626778206257,-20.10692084754763,-19.645278815187766,-19.19070068112666,-18.743186445364298,-18.302736107900678,-17.869349668735815,-17.443027127869694,-17.023768485302316,-16.611573741033695,-16.206442895063837,-15.808375947392717,-15.417372898020343,-15.033433746946727,-14.656558494171854,-14.28674713969572,-14.0,-14.0,-14.0,-14.0,-14.0,-14.0,-14.0,-14.0,-14.0,-14.0,-14.0,-14.0,-14.0,-14.0,-14.0,-14.0,True,False,False,False,False,False,False
2950,0.145395613296594,-28.141914782727923,-27.57639783183829,-27.017832336775005,-26.466218297538063,-25.921555714127457,-25.383844586543216,-24.85308491478531,-24.32927669885376,-23.81241993874855,-23.302514634469695,-22.79956078601718,-22.303558393391004,-21.814507456591183,-21.332407975617702,-20.857259950470578,-20.38906338114979,-19.92781826765534,-19.473524609987248,-19.026182408145516,-18.58579166213012,-18.15235237194106,-17.72586453757836,-17.306328159041996,-16.893743236331975,-16.488109769448304,-16.089427758390993,-15.69769720316002,-15.312918103755386,-14.935090460177108,-14.564214272425168,-14.200289540499568,-14.0,-14.0,-14.0,-14.0,-14.0,-14.0,-14.0,-14.0,-14.0,-14.0,-14.0,-14.0,-14.0,-14.0,-14.0,-14.0,True,False,False,False,False,False,False
3000,0.145395613296594,-27.840155153229134,-27.283485902226847,-26.73365934922351,-26.190675494219136,-25.654534337213704,-25.12523587820724,-24.60278011719972,-24.087167054191173,-23.57839668918157,-23.07646902217093,-22.58138405315924,-22.093141782146496,-21.611742209132718,-21.137185334117888,-20.669471157102024,-20.208599678085104,-19.754570897067133,-19.307384814048127,-18.867041429028088,-18.433540742006993,-18.00688275298485,-17.58706746196167,-17.174094868937438,-16.76796497391215,-16.368677776885832,-15.976233277858478,-15.590631476830069,-15.21187237380061,-14.839955968770116,-14.474882261738568,-14.11665125270597,-14.0,-14.0,-14.0,-14.0,-14.0,-14.0,-14.0,-14.0,-14.0,-14.0,-14.0,-14.0,-14.0,-14.0,-14.0,-14.0,True,False,False,False,False,False,False
3050,0.145395613296594,-27.54810658707218,-26.99999989516025,-26.458630648431804,-25.92399884688684,-25.396104490525357,-24.874947579347367,-24.360528113352856,-23.852846092541842,-23.351901516914307,-22.857694386470264,-22.3702247012097,-21.889492461132612,-21.41549766623902,-20.948240316528906,-20.48772041200229,-20.033937952659148,-19.58689293849948,-19.146585369523315,-18.713015245730645,-18.28618256712145,-17.86608733369573,-17.452729545453508,-17.046109202394764,-16.646226304519498,-16.253080851827725,-15.86667284431945,-15.487002281994648,-15.114069164853326,-14.7478734928955,-14.388415266121152,-14.03569448453028,-14.0,-14.0,-14.0,-14.0,-14.0,-14.0,-14.0,-14.0,-14.0,-14.0,-14.0,-14.0,-14.0,-14.0,-14.0,-14.0,True,False,False,False,False,False,False
3100,0.145395613296594,-27.2653030094339,-26.72548741177963,-26.192307343397403,-25.66576280428722,-25.145853794449074,-24.63258031388299,-24.125942362588944,-23.62593994056695,-23.132573047817,-22.645841684339103,-22.165745850133245,-21.692285545199425,-21.225460769537662,-20.765271523147938,-20.31171780603027,-19.86479961818464,-19.424516959611047,-18.990869830309514,-18.563858230280033,-18.14348215952259,-17.729741618037192,-17.322636605823845,-16.922167122882538,-16.52833316921327,-16.141134744816057,-15.760571849690898,-15.38664448383778,-15.0193526472567,-14.658696339947676,-14.304675561910692,-14.0,-14.0,-14.0,-14.0,-14.0,-14.0,-14.0,-14.0,-14.0,-14.0,-14.0,-14.0,-14.0,-14.0,-14.0,-14.0,-14.0,True,False,False,False,False,False,False
3150,0.145395613296594,-26.991307798282996,-26.45952464253894,-25.934278279565707,-25.41556870936329,-24.90339593193168,-24.3977599472709,-23.898660755380927,-23.406098356261783,-22.920072749913448,-22.44058393633594,-21.967631915529243,-21.50121668749335,-21.04133825222829,-20.587996609734038,-20.14119176001061,-19.700923703057995,-19.267192438876187,-18.83999796746521,-18.419340288825055,-18.00521940295571,-17.59763530985718,-17.19658800952947,-16.802077501972573,-16.414103787186484,-16.032666865171223,-15.657766735926788,-15.289403399453162,-14.927576855750347,-14.57228710481836,-14.22353414665718,-14.0,-14.0,-14.0,-14.0,-14.0,-14.0,-14.0,-14.0,-14.0,-14.0,-14.0,-14.0,-14.0,-14.0,-14.0,-14.0,-14.0,True,False,False,False,False,False,False
3200,0.145395613296594,-26.72571149039303,-26.201714140412005,-25.684157878405063,-25.1730427043722,-24.668368618313416,-24.170135620228727,-23.678343710118114,-23.192992887981596,-22.71408315381915,-22.2416145076308,-21.775586949416528,-21.316000479176328,-20.862855096910224,-20.416150802618198,-19.97588759630026,-19.542065477956402,-19.11468444758662,-18.69374450519093,-18.279245650769333,-17.871187884321813,-17.46957120584837,-17.074395615349022,-16.685661112823748,-16.30336769827255,-15.927515371695446,-15.558104133092435,-15.1951339824635,-14.83860491980864,-14.488516945127875,-14.144870058421187,-14.0,-14.0,-14.0,-14.0,-14.0,-14.0,-14.0,-14.0,-14.0,-14.0,-14.0,-14.0,-14.0,-14.0,-14.0,-14.0,-14.0,True,False,False,False,False,False,False
3250,0.145395613296594,-26.468129698661112,-25.95168279922102,-25.441584175995224,-24.937833828983717,-24.44043175818649,-23.94937796360357,-23.464672445234935,-22.9863152030806,-22.51430623714055,-22.0486455474148,-21.589333133903335,-21.13636899660615,-20.689753135523272,-20.249485550654676,-19.81556624200038,-19.38799520956037,-18.96677245333464,-18.551897973323214,-18.14337176952609,-17.74119384194325,-17.345364190574696,-16.95588281542044,-16.57274971648047,-16.195964893754784,-15.825528347243395,-15.461440076946314,-15.103700082863512,-14.752308364994995,-14.407264923340781,-14.06856975790085,-14.0,-14.0,-14.0,-14.0,-14.0,-14.0,-14.0,-14.0,-14.0,-14.0,-14.0,-14.0,-14.0,-14.0,-14.0,-14.0,-14.0,True,False,False,False,False,False,False
3300,0.145395613296594,-26.218201218355343,-25.709080015364194,-25.206217039553113,-24.70961229092211,-24.219265769471168,-23.73517747520031,-23.25734740810952,-22.78577556819881,-22.320461955468165,-21.861406569917605,-21.408609411547108,-20.962070480356676,-20.521789776346328,-20.087767299516045,-19.660003049865843,-19.238497027395706,-18.823249232105635,-18.414259663995647,-18.01152832306574,-17.615055209315898,-17.22484032274612,-16.84088366335643,-16.463185231146802,-16.091745026117238,-15.726563048267758,-15.367639297598359,-15.014973774109023,-14.668566477799757,-14.328417408670571,-14.0,-14.0,-14.0,-14.0,-14.0,-14.0,-14.0,-14.0,-14.0,-14.0,-14.0,-14.0,-14.0,-14.0,-14.0,-14.0,-14.0,-14.0,True,False,False,False,False,False,False
3350,0.145395613296594,-25.97558630258319,-25.473576013810767,-24.977736543333506,-24.488067891151406,-24.004570057264456,-23.52724304167268,-23.056086844376054,-22.5911014653746,-22.132286904668298,-21.679643162257165,-21.233170238141184,-20.792868132320358,-20.3587368447947,-19.930776375564196,-19.50898672462886,-19.093367891988677,-18.683919877643646,-18.280642681593786,-17.883536303839094,-17.49260074437956,-17.107836003215173,-16.729242080345955,-16.35681897577189,-15.990566689492983,-15.630485221509241,-15.276574571820671,-14.92883474042725,-14.587265727328985,-14.251867532525889,-14.0,-14.0,-14.0,-14.0,-14.0,-14.0,-14.0,-14.0,-14.0,-14.0,-14.0,-14.0,-14.0,-14.0,-14.0,-14.0,-14.0,-14.0,True,False,False,False,False,False,False
3400,0.145395613296594,-25.739965089588406,-25.24486032148001,-24.755841487523554,-24.272908587719037,-23.79606162206645,-23.32530059056581,-22.8606254932171,-22.40203633002034,-21.949533100975508,-21.503115806082626,-21.062784445341673,-20.62853901875265,-20.200379526315576,-19.77830596803043,-19.362318343897233,-18.952416653915968,-18.54860089808663,-18.150871076409242,-17.759227188883802,-17.37366923551029,-16.99419721628871,-16.620811131219074,-16.253510980301375,-15.892296763535603,-15.537168480921776,-15.188126132459901,-14.845169718149952,-14.508299237991936,-14.177514691985866,-14.0,-14.0,-14.0,-14.0,-14.0,-14.0,-14.0,-14.0,-14.0,-14.0,-14.0,-14.0,-14.0,-14.0,-14.0,-14.0,-14.0,-14.0,True,False,False,False,False,False,False
3450,0.145395613296594,-25.5110361664985,-25.022640373075806,-24.540248045647207,-24.063859184212706,-23.593473788772293,-23.12909185932599,-22.670713395873776,-22.218338398415668,-21.77196686695165,-21.33159880148174,-20.897234202005915,-20.468873068524186,-20.046515401036558,-19.63016119954302,-19.21981046404359,-18.81546319453825,-18.417119391026997,-18.024779053509853,-17.638442181986814,-17.258108776457863,-16.883778836923007,-16.515452363382252,-16.15312935583559,-15.796809814283016,-15.446493738724547,-15.102181129160185,-14.76387198558991,-14.43156630801373,-14.105264096431654,-14.0,-14.0,-14.0,-14.0,-14.0,-14.0,-14.0,-14.0,-14.0,-14.0,-14.0,-14.0,-14.0,-14.0,-14.0,-14.0,-14.0,-14.0,True,False,False,False,False,False,False
3500,0.145395613296594,-25.288515255899902,-24.80664023615263,-24.330688527648853,-23.860660130388574,-23.396555044371784,-22.9383732695985,-22.48611480606871,-22.039779653782425,-21.599367812739633,-21.164879282940344,-20.736314064384548,-20.313672157072244,-19.896953561003443,-19.486158276178134,-19.08128630259633,-18.682337640258016,-18.289312289163195,-17.90221024931188,-17.52103152070407,-17.145776103339752,-16.776443997218927,-16.413035202341604,-16.055549718707773,-15.703987546317434,-15.358348685170599,-15.018633135267272,-14.684840896607435,-14.356971969191088,-14.03502635301825,-14.0,-14.0,-14.0,-14.0,-14.0,-14.0,-14.0,-14.0,-14.0,-14.0,-14.0,-14.0,-14.0,-14.0,-14.0,-14.0,-14.0,-14.0,True,False,False,False,False,False,False
3550,0.145395613296594,-25.072134013151224,-24.59659944367698,-24.126910247269624,-23.66306642392916,-23.205067973655577,-22.7529148964489,-22.30660719230911,-21.866144861236215,-21.431527903230208,-21.0027563182911,-20.57983010641888,-20.16274926761354,-19.751513801875102,-19.34612370920355,-18.946578989598898,-18.55287964306113,-18.165025669590243,-17.78301706918626,-17.40685384184918,-17.03653598757898,-16.672063506375668,-16.313436398239254,-15.960654663169727,-15.613718301167083,-15.272627312231341,-14.937381696362499,-14.607981453560539,-14.284426583825466,-14.0,-14.0,-14.0,-14.0,-14.0,-14.0,-14.0,-14.0,-14.0,-14.0,-14.0,-14.0,-14.0,-14.0,-14.0,-14.0,-14.0,-14.0,-14.0,True,False,False,False,False,False,False
3600,0.145395613296594,-24.861638923686346,-24.392271923650473,-23.928674483593234,-23.470846603514634,-23.018788283414665,-22.572499523293345,-22.131980323150657,-21.697230682986614,-21.268250602801203,-20.845040082594437,-20.427599122366303,-20.0159277221168,-19.610025881845942,-19.209893601553716,-18.81553088124014,-18.42693772090519,-18.044114120548873,-17.667060080171204,-17.295775599772178,-16.930260679351786,-16.570515318910026,-16.21653951844691,-15.868333277962426,-15.525896597456573,-15.189229476929366,-14.858331916380807,-14.533203915810876,-14.213845475219578,-14.0,-14.0,-14.0,-14.0,-14.0,-14.0,-14.0,-14.0,-14.0,-14.0,-14.0,-14.0,-14.0,-14.0,-14.0,-14.0,-14.0,-14.0,-14.0,True,False,False,False,False,False,False
3650,0.145395613296594,-24.65679029073582,-24.19342501650319,-23.735755527746534,-23.28378182446584,-22.83750390666111,-22.396921774332355,-21.962035427479567,-21.532844866102753,-21.1093500902019,-20.691551099777026,-20.279447894828113,-19.87304047535516,-19.472328841358184,-19.07731299283717,-18.687992929792134,-18.304368652223058,-17.926440160129943,-17.554207453512806,-17.187670532371648,-16.826829396706447,-16.47168404651721,-16.12223448180395,-15.778480702566652,-15.440422708805315,-15.108060500519954,-14.78139407771057,-14.460423440377147,-14.145148588519687,-14.0,-14.0,-14.0,-14.0,-14.0,-14.0,-14.0,-14.0,-14.0,-14.0,-14.0,-14.0,-14.0,-14.0,-14.0,-14.0,-14.0,-14.0,-14.0,True,False,False,False,False,False,False
3700,0.145395613296594,-24.457361304928128,-23.999838571968695,-23.547939806712993,-23.101665009161024,-22.66101417931278,-22.225987317168283,-21.796584422727506,-21.372805495990477,-20.95465053695717,-20.542119545627607,-20.13521252200177,-19.733929466079655,-19.338270377861285,-18.948235257346642,-18.56382410453574,-18.185036919428562,-17.81187370202511,-17.444334452325403,-17.082419170329437,-16.726127856037195,-16.37546050944868,-16.030417130563908,-15.69099771938286,-15.35720227590554,-15.02903080013196,-14.70648329206212,-14.389559751696009,-14.078260179033624,-14.0,-14.0,-14.0,-14.0,-14.0,-14.0,-14.0,-14.0,-14.0,-14.0,-14.0,-14.0,-14.0,-14.0,-14.0,-14.0,-14.0,-14.0,-14.0,True,False,False,False,False,False,False
3750,0.145395613296594,-24.263137188142196,-23.811304118035338,-23.36502507707436,-22.924300065259263,-22.489129082590036,-22.059512129066704,-21.63544920468924,-21.21694030945767,-20.80398544337197,-20.396584606432164,-19.994737798638226,-19.598445019990162,-19.20770627048799,-18.82252155013169,-18.442890858921277,-18.06881419685674,-17.700291563938073,-17.3373229601653,-16.979908385538412,-16.6280478400574,-16.281741323722258,-15.940988836533005,-15.605790378489628,-15.276145949592125,-14.952055549840509,-14.633519179234781,-14.320536837774927,-14.013108525460948,-14.0,-14.0,-14.0,-14.0,-14.0,-14.0,-14.0,-14.0,-14.0,-14.0,-14.0,-14.0,-14.0,-14.0,-14.0,-14.0,-14.0,-14.0,-14.0,True,False,False,False,False,False,False
3800,0.145395613296594,-24.073914404784315,-23.62762409534693,-23.186819682250757,-22.751501165495803,-22.32166854508205,-21.89732182100953,-21.478460993278215,-21.06508606188812,-20.65719702683924,-20.25479388813158,-19.857876645765128,-19.466445299739885,-19.080499850055862,-18.700040296713052,-18.325066639711466,-17.955578879051085,-17.59157701473191,-17.233061046753964,-16.88003097511724,-16.532486799821726,-16.190428520867417,-15.853856138254333,-15.522769651982456,-15.19716906205179,-14.877054368462344,-14.562425571214122,-14.253282670307108,-14.0,-14.0,-14.0,-14.0,-14.0,-14.0,-14.0,-14.0,-14.0,-14.0,-14.0,-14.0,-14.0,-14.0,-14.0,-14.0,-14.0,-14.0,-14.0,-14.0,True,False,False,False,False,False,False
3850,0.145395613296594,-23.889499934371074,-23.44861115111335,-23.013141867476858,-22.5830920834616,-22.15846179906757,-21.739251014294783,-21.325459729143223,-20.917087943612906,-20.514135657703815,-20.116602871415967,-19.724489584749346,-19.337795797703954,-18.956521510279803,-18.580666722476877,-18.210231434295196,-17.845215645734744,-17.485619356795517,-17.13144256747753,-16.78268527778079,-16.439347487705273,-16.101429197250987,-15.768930406417942,-15.441851115206125,-15.120191323615535,-14.803951031646186,-14.49313023929808,-14.1877289465712,-14.0,-14.0,-14.0,-14.0,-14.0,-14.0,-14.0,-14.0,-14.0,-14.0,-14.0,-14.0,-14.0,-14.0,-14.0,-14.0,-14.0,-14.0,-14.0,-14.0,True,False,False,False,False,False,False
3900,0.145395613296594,-23.709710599926492,-23.274087487200156,-22.84381914734188,-22.418905580351662,-21.999346786229502,-21.585142764975412,-21.17629351658938,-20.772799041071412,-20.374659338421505,-19.981874408639662,-19.59444425172588,-19.212368867680148,-18.835648256502488,-18.464282418192884,-18.098271352751347,-17.73761506017787,-17.382313540472442,-17.032366793635088,-16.687774819665805,-16.34853761856457,-16.014655190331396,-15.68612753496629,-15.36295465246924,-15.045136542840245,-14.732673206079319,-14.425564642186464,-14.123810851161661,-14.0,-14.0,-14.0,-14.0,-14.0,-14.0,-14.0,-14.0,-14.0,-14.0,-14.0,-14.0,-14.0,-14.0,-14.0,-14.0,-14.0,-14.0,-14.0,-14.0,True,False,False,False,False,False,False
3950,0.145395613296594,-23.534372447256956,-23.10388425760526,-22.678687721244266,-22.258782838173985,-21.84416960839441,-21.434848031905553,-21.0308181087074,-20.632079838799967,-20.238633222183235,-19.850478258857226,-19.467614948821918,-19.090043292077315,-18.71776328862343,-18.35077493846025,-17.98907824158779,-17.63267319800603,-17.281559807714977,-16.935738070714642,-16.595207987005026,-16.259969556586114,-15.930022779457904,-15.605367655620414,-15.28600418507363,-14.971932367817546,-14.663152203852183,-14.35966369317754,-14.061466835793597,-14.0,-14.0,-14.0,-14.0,-14.0,-14.0,-14.0,-14.0,-14.0,-14.0,-14.0,-14.0,-14.0,-14.0,-14.0,-14.0,-14.0,-14.0,-14.0,-14.0,True,False,False,False,False,False,False
4000,0.145395613296594,-23.363320170660486,-22.937841011009308,-22.5175919325762,-22.102572935361152,-21.692784019364165,-21.288225184585258,-20.888896431024406,-20.49479775868163,-20.10592916755692,-19.72229065765028,-19.3438822289617,-18.970703881491183,-18.60275561523874,-18.240037430204353,-17.882549326388045,-17.530291303789795,-17.18326336240961,-16.841465502247495,-16.504897723303458,-16.173560025577476,-15.84745240906956,-15.526574873779715,-15.210927419707932,-14.90051004685421,-14.595322755218561,-14.295365544800989,-14.000638415601472,-14.0,-14.0,-14.0,-14.0,-14.0,-14.0,-14.0,-14.0,-14.0,-14.0,-14.0,-14.0,-14.0,-14.0,-14.0,-14.0,-14.0,-14.0,-14.0,-14.0,True,False,False,False,False,False,False
4050,0.145395613296594,-23.196396581065095,-22.775805174511852,-22.360383767865763,-21.950132361126833,-21.545050954295053,-21.145139547370444,-20.750398140352985,-20.360826733242693,-19.976425326039553,-19.597193918743578,-19.22313251135476,-18.854241103873086,-18.490519696298584,-18.13196828863123,-17.778586880871046,-17.430375473018014,-17.08733406507213,-16.749462657033416,-16.416761248901867,-16.08922984067747,-15.766868432360225,-15.449677023950146,-15.137655615447219,-14.830804206851443,-14.529122798162835,-14.232611389381391,-14.0,-14.0,-14.0,-14.0,-14.0,-14.0,-14.0,-14.0,-14.0,-14.0,-14.0,-14.0,-14.0,-14.0,-14.0,-14.0,-14.0,-14.0,-14.0,-14.0,-14.0,True,False,False,False,False,False,False
4100,0.145395613296594,-23.03345211298121,-22.617631575044022,-22.206922392472244,-21.80132456526587,-21.400838093424895,-21.005462976949335,-20.61519921583918,-20.230046810094436,-19.850005759715092,-19.475076064701163,-19.105257725052635,-18.740550740769507,-18.38095511185179,-18.026470838299478,-17.677097920112576,-17.332836357291075,-16.993686149834975,-16.65964729774429,-16.33071980101902,-16.006903659659148,-15.688198873664676,-15.374605443035621,-15.066123367771963,-14.76275264787371,-14.464493283340866,-14.171345274173438,-14.0,-14.0,-14.0,-14.0,-14.0,-14.0,-14.0,-14.0,-14.0,-14.0,-14.0,-14.0,-14.0,-14.0,-14.0,-14.0,-14.0,-14.0,-14.0,-14.0,-14.0,True,False,False,False,False,False,False
4150,0.145395613296594,-22.874344367001022,-22.46318199528643,-22.05707371975752,-21.656019540414288,-21.260019457256735,-20.869073470284874,-20.483181579498687,-20.10234378489819,-19.726560086483367,-19.355830484254238,-18.990154978210782,-18.629533568353004,-18.273966254680914,-17.923453037194502,-17.577993915893778,-17.237588890778728,-16.90223796184936,-16.571941129105674,-16.246698392547685,-15.926509752175368,-15.61137520798873,-15.301294759987778,-14.996268408172504,-14.696296152542907,-14.401377993098997,-14.111513929840779,-14.0,-14.0,-14.0,-14.0,-14.0,-14.0,-14.0,-14.0,-14.0,-14.0,-14.0,-14.0,-14.0,-14.0,-14.0,-14.0,-14.0,-14.0,-14.0,-14.0,-14.0,True,False,False,False,False,False,False
4200,0.145395613296594,-22.718937684888388,-22.312324761222296,-21.910710010949305,-21.51409343406942,-21.122475030582635,-20.735854800488962,-20.35423274378839,-19.97760886048093,-19.60598315056657,-19.23935561404532,-18.87772625091717,-18.52109506118212,-18.169462044840184,-17.822827201891347,-17.48119053233562,-17.144552036172993,-16.812911713403462,-16.486269564027047,-16.164625588043748,-15.847979785453543,-15.536332156256439,-15.229682700452447,-14.928031418041554,-14.63137830902376,-14.339723373399078,-14.05306661116751,-14.0,-14.0,-14.0,-14.0,-14.0,-14.0,-14.0,-14.0,-14.0,-14.0,-14.0,-14.0,-14.0,-14.0,-14.0,-14.0,-14.0,-14.0,-14.0,-14.0,-14.0,True,False,False,False,False,False,False
4250,0.145395613296594,-22.567102754580628,-22.1649343587258,-21.76770950317359,-21.375428187924,-20.988090412977023,-20.605696178332675,-20.228245483990943,-19.855738329951834,-19.48817471621534,-19.125554642781474,-18.767878109650223,-18.415145116821584,-18.067355664295572,-17.724509752072176,-17.386607380151403,-17.053648548533246,-16.7256332572177,-16.402561506204787,-16.0844332954945,-15.771248625086823,-15.463007494981762,-15.159709905179326,-14.861355855679507,-14.5679453464823,-14.279478377587719,-14.0,-14.0,-14.0,-14.0,-14.0,-14.0,-14.0,-14.0,-14.0,-14.0,-14.0,-14.0,-14.0,-14.0,-14.0,-14.0,-14.0,-14.0,-14.0,-14.0,-14.0,-14.0,True,False,False,False,False,False,False
4300,0.145395613296594,-22.4187162426725,-22.020891076826977,-21.627956063367925,-21.23991120229535,-20.85675649360924,-20.478491937309613,-20.105117533396452,-19.736633281869775,-19.373039182729563,-19.01433523597583,-18.66052144160857,-18.311597799627773,-17.96756431003346,-17.628420972825612,-17.294167788004245,-16.964804755569347,-16.640331875520918,-16.320749147858965,-16.0060565725835,-15.696254149694497,-15.391341879191963,-15.09131976107591,-14.796187795346324,-14.505945982003206,-14.220594321046569,-14.0,-14.0,-14.0,-14.0,-14.0,-14.0,-14.0,-14.0,-14.0,-14.0,-14.0,-14.0,-14.0,-14.0,-14.0,-14.0,-14.0,-14.0,-14.0,-14.0,-14.0,-14.0,True,False,False,False,False,False,False
4350,0.145395613296594,-22.273660452175598,-21.880080675511085,-21.491338865997378,-21.107435023634476,-20.72836914842237,-20.354141240361074,-19.98475129945058,-19.620199325690894,-19.260485319082008,-18.90560927962393,-18.555571207316653,-18.21037110216017,-17.8700089641545,-17.53448479329963,-17.203798589595568,-16.877950353042305,-16.55694008363984,-16.240767781388186,-15.929433446287343,-15.622937078337296,-15.32127867753805,-15.024458243889612,-14.732475777391972,-14.445331278045133,-14.1630247458491,-14.0,-14.0,-14.0,-14.0,-14.0,-14.0,-14.0,-14.0,-14.0,-14.0,-14.0,-14.0,-14.0,-14.0,-14.0,-14.0,-14.0,-14.0,-14.0,-14.0,-14.0,-14.0,True,False,False,False,False,False,False
4400,0.145395613296594,-22.13182300354679,-21.74239407610487,-21.35775209268356,-20.977897053282856,-20.602828957902755,-20.232547806543273,-19.867053599204393,-19.506346335886132,-19.15042601658847,-18.799292641311425,-18.452946210054986,-18.111386722819148,-17.774614179603923,-17.442628580409306,-17.1154299252353,-16.7930182140819,-16.475393446949102,-16.162555623836923,-15.854504744745357,-15.551240809674393,-15.252763818624034,-14.95907377159429,-14.67017066858515,-14.386054509596613,-14.10672529462869,-14.0,-14.0,-14.0,-14.0,-14.0,-14.0,-14.0,-14.0,-14.0,-14.0,-14.0,-14.0,-14.0,-14.0,-14.0,-14.0,-14.0,-14.0,-14.0,-14.0,-14.0,-14.0,True,False,False,False,False,False,False
4450,0.145395613296594,-21.993096537159335,-21.60772707247681,-21.22709465202673,-20.851199275809098,-20.480040943823912,-20.11361965607118,-19.75193541255089,-19.394988213263055,-19.042778058207663,-18.695304947384727,-18.352568880794234,-18.014569858436182,-17.681307880310587,-17.352782946417435,-17.028995056756735,-16.70994421132848,-16.395630410132668,-16.08605365316931,-15.781213940438407,-15.481111271939946,-15.185745647673928,-14.895117067640365,-14.609225531839247,-14.328071040270569,-14.051653592934345,-14.0,-14.0,-14.0,-14.0,-14.0,-14.0,-14.0,-14.0,-14.0,-14.0,-14.0,-14.0,-14.0,-14.0,-14.0,-14.0,-14.0,-14.0,-14.0,-14.0,-14.0,-14.0,True,False,False,False,False,False,False
4500,0.145395613296594,-21.857378435552448,-21.475980061435937,-21.099269918053697,-20.727248005405723,-20.359914323492017,-19.99726887231259,-19.639311651867423,-19.286042662156532,-18.93746190317991,-18.593569374937562,-18.25436507742948,-17.91984901065566,-17.590021174616115,-17.26488156931084,-16.944430194739837,-16.6286670509031,-16.317592137800627,-16.01120545543243,-15.709507003798514,-15.412496782898858,-15.120174792733467,-14.832541033302352,-14.549595504605502,-14.271338206642918,-14.0,-14.0,-14.0,-14.0,-14.0,-14.0,-14.0,-14.0,-14.0,-14.0,-14.0,-14.0,-14.0,-14.0,-14.0,-14.0,-14.0,-14.0,-14.0,-14.0,-14.0,-14.0,-14.0,True,False,False,False,False,False,False
4550,0.145395613296594,-21.72457056394108,-21.34705779085546,-20.974185485861653,-20.605953648959666,-20.242362280149493,-19.88341137943115,-19.52910094680462,-19.179430982269913,-18.834401485827023,-18.49401245747596,-18.15826389721671,-17.827155805049273,-17.50068818097366,-17.178861024989864,-16.861674337097895,-16.549128117297737,-16.241222365589394,-15.937957081972877,-15.639332266448188,-15.34534791901531,-15.056004039674248,-14.771300628425012,-14.491237685267588,-14.21581521020198,-14.0,-14.0,-14.0,-14.0,-14.0,-14.0,-14.0,-14.0,-14.0,-14.0,-14.0,-14.0,-14.0,-14.0,-14.0,-14.0,-14.0,-14.0,-14.0,-14.0,-14.0,-14.0,-14.0,True,False,False,False,False,False,False
4600,0.145395613296594,-21.59457902759961,-21.220869124175458,-20.851752943152434,-20.487230484530542,-20.127301748309776,-19.77196673449015,-19.421225443071652,-19.075077874054287,-18.73352402743805,-18.396563903222955,-18.064197501408984,-17.736424821996135,-17.41324586498443,-17.09466063037385,-16.780669118164404,-16.471271328356085,-16.16646726094889,-15.86625691594284,-15.570640293337926,-15.279617393134137,-14.993188215331474,-14.711352759929948,-14.43411102692955,-14.161463016330275,-14.0,-14.0,-14.0,-14.0,-14.0,-14.0,-14.0,-14.0,-14.0,-14.0,-14.0,-14.0,-14.0,-14.0,-14.0,-14.0,-14.0,-14.0,-14.0,-14.0,-14.0,-14.0,-14.0,True,False,False,False,False,False,False
4650,0.145395613296594,-21.467313944852037,-21.097326820054498,-20.731887656463602,-20.37099645407935,-20.01465321290174,-19.662857932930788,-19.315610614166477,-18.972911256608818,-18.634759860257798,-18.301156425113433,-17.972100951175708,-17.647593438444627,-17.327633886920196,-17.012222296602406,-16.70135866749127,-16.395042999586778,-16.093275292888922,-15.796055547397724,-15.50338376311318,-15.215259940035272,-14.93168407816401,-14.652656177499399,-14.378176238041428,-14.1082442597901,-14.0,-14.0,-14.0,-14.0,-14.0,-14.0,-14.0,-14.0,-14.0,-14.0,-14.0,-14.0,-14.0,-14.0,-14.0,-14.0,-14.0,-14.0,-14.0,-14.0,-14.0,-14.0,-14.0,True,False,False,False,False,False,False
4700,0.145395613296594,-21.342689234509105,-20.976347326044433,-20.614508571004297,-20.257172969388698,-19.904340521197625,-19.5560112264311,-19.212185085089104,-18.87286209717165,-18.538042262678726,-18.207725581610347,-17.881912053966495,-17.560601679747176,-17.243794458952397,-16.93149039158215,-16.623689477636447,-16.32039171711527,-16.02159711001863,-15.727305656346527,-15.437517356098967,-15.152232209275939,-14.87145021587744,-14.595171375903483,-14.323395689354058,-14.056123156229162,-14.0,-14.0,-14.0,-14.0,-14.0,-14.0,-14.0,-14.0,-14.0,-14.0,-14.0,-14.0,-14.0,-14.0,-14.0,-14.0,-14.0,-14.0,-14.0,-14.0,-14.0,-14.0,-14.0,True,False,False,False,False,False,False
4750,0.145395613296594,-21.220622416690144,-20.857850585257452,-20.49953802309561,-20.145684730204618,-19.796290706584468,-19.45135595223518,-19.110880467156736,-18.77486425134915,-18.443307304812407,-18.116209627546525,-17.793571219551485,-17.47539208082729,-17.161672211373954,-16.85241161119146,-16.547610280279827,-16.247268218639036,-15.951385426269091,-15.659961903170005,-15.372997649341777,-15.09049266478439,-14.81244694949785,-14.538860503482168,-14.269733326737331,-14.005065419263339,-14.0,-14.0,-14.0,-14.0,-14.0,-14.0,-14.0,-14.0,-14.0,-14.0,-14.0,-14.0,-14.0,-14.0,-14.0,-14.0,-14.0,-14.0,-14.0,-14.0,-14.0,-14.0,-14.0,True,False,False,False,False,False,False
4800,0.145395613296594,-21.10103442605592,-20.74175985508007,-20.38690156429836,-20.0364595537108,-19.690433823317377,-19.348824373118113,-19.01163120311299,-18.678854313302022,-18.350493703685192,-18.02654937426252,-17.707021325033985,-17.391909555999593,-17.081214067159358,-16.774934858513262,-16.47307193006132,-16.175625281803516,-15.882594913739858,-15.593980825870352,-15.309783018195,-15.030001490713792,-14.754636243426722,-14.483687276333807,-14.217154589435035,-14.0,-14.0,-14.0,-14.0,-14.0,-14.0,-14.0,-14.0,-14.0,-14.0,-14.0,-14.0,-14.0,-14.0,-14.0,-14.0,-14.0,-14.0,-14.0,-14.0,-14.0,-14.0,-14.0,-14.0,True,False,False,False,False,False,False
4850,0.145395613296594,-20.983849436558778,-20.628001537066645,-20.276527796386773,-19.929428214519163,-19.58670279146381,-19.24835152722073,-18.914374421789905,-18.58477147517135,-18.25954268736505,-17.938688058371024,-17.62220758818925,-17.310101276819736,-17.002369124262493,-16.699011130517505,-16.40002729558479,-16.105417619464326,-15.815182102156124,-15.52932074366019,-15.247833543976524,-14.970720503105117,-14.697981621045967,-14.429616897799086,-14.165626333364463,-14.0,-14.0,-14.0,-14.0,-14.0,-14.0,-14.0,-14.0,-14.0,-14.0,-14.0,-14.0,-14.0,-14.0,-14.0,-14.0,-14.0,-14.0,-14.0,-14.0,-14.0,-14.0,-14.0,-14.0,True,False,False,False,False,False,False
4900,0.145395613296594,-20.868994696889345,-20.516505017215728,-20.16834821639506,-19.824524294427338,-19.48503325131256,-19.14987508705074,-18.819049801641867,-18.49255739508595,-18.170397867382977,-17.852571218532958,-17.539077448535885,-17.229916557391757,-16.925088545100582,-16.624593411662353,-16.32843115707708,-16.036601781344753,-15.749105284465369,-15.46594166643894,-15.18711092726547,-14.912613066944942,-14.642448085477358,-14.376615982862733,-14.11511675910105,-14.0,-14.0,-14.0,-14.0,-14.0,-14.0,-14.0,-14.0,-14.0,-14.0,-14.0,-14.0,-14.0,-14.0,-14.0,-14.0,-14.0,-14.0,-14.0,-14.0,-14.0,-14.0,-14.0,-14.0,True,False,False,False,False,False,False
4950,0.145395613296594,-20.75640037586523,-20.407202515896717,-20.062297071026297,-19.72168404125397,-19.385363426579726,-19.053335227003583,-18.725599442525528,-18.402156073145573,-18.083005118863706,-17.768146579679936,-17.457580455594254,-17.15130674660666,-16.849325452717164,-16.551636573925755,-16.258240110232446,-15.969136061637222,-15.684324428140089,-15.403805209741053,-15.127578406440115,-14.855644018237266,-14.588002045132503,-14.324652487125839,-14.065595344217263,-14.0,-14.0,-14.0,-14.0,-14.0,-14.0,-14.0,-14.0,-14.0,-14.0,-14.0,-14.0,-14.0,-14.0,-14.0,-14.0,-14.0,-14.0,-14.0,-14.0,-14.0,-14.0,-14.0,-14.0,True,False,False,False,False,False,False
5000,0.145395613296594,-20.64599941706733,-20.30002894675291,-19.95831121976975,-19.620846236117853,-19.28763399579721,-18.958674498807838,-18.63396774514972,-18.313513734822873,-17.99731246782728,-17.68536394416295,-17.37766816382988,-17.07422512682807,-16.775034833157523,-16.48009728281823,-16.18941247581021,-15.902980412133443,-15.620801091787932,-15.342874514773689,-15.069200681090713,-14.799779590738995,-14.53461124371853,-14.273695640029334,-14.017032779671394,-14.0,-14.0,-14.0,-14.0,-14.0,-14.0,-14.0,-14.0,-14.0,-14.0,-14.0,-14.0,-14.0,-14.0,-14.0,-14.0,-14.0,-14.0,-14.0,-14.0,-14.0,-14.0,-14.0,-14.0,True,False,False,False,False,False,False
5050,0.145395613296594,-20.537727402084364,-20.194921783960222,-19.85633000612445,-19.52195206857704,-19.191787971317993,-18.86583771434732,-18.544101297665012,-18.22657872127108,-17.913269985165503,-17.604175089348303,-17.299294033819468,-16.998626818578995,-16.702173443626894,-16.409933908963154,-16.121908214587787,-15.838096360500785,-15.558498346702144,-15.283114173191878,-15.011943839969986,-14.744987347036455,-14.482244694391287,-14.223715882034492,-14.0,-14.0,-14.0,-14.0,-14.0,-14.0,-14.0,-14.0,-14.0,-14.0,-14.0,-14.0,-14.0,-14.0,-14.0,-14.0,-14.0,-14.0,-14.0,-14.0,-14.0,-14.0,-14.0,-14.0,-14.0,True,False,False,False,False,False,False
5100,0.145395613296594,-20.43152242177628,-20.091820937269535,-19.756295136374003,-19.424945019089687,-19.097770585416576,-18.774771835354688,-18.455948768904005,-18.141301386064544,-17.83082968683629,-17.524533671219253,-17.22241333921343,-16.92446869081881,-16.63069972603541,-16.341106444863215,-16.055688847302243,-15.774446933352479,-15.497380703013922,-15.224490156286585,-14.955775293170467,-14.691236113665557,-14.430872617771854,-14.17468480548937,-14.0,-14.0,-14.0,-14.0,-14.0,-14.0,-14.0,-14.0,-14.0,-14.0,-14.0,-14.0,-14.0,-14.0,-14.0,-14.0,-14.0,-14.0,-14.0,-14.0,-14.0,-14.0,-14.0,-14.0,-14.0,True,False,False,False,False,False,False
5150,0.145395613296594,-20.327324955012795,-19.990668634304896,-19.65815056540073,-19.3297707483003,-19.0055291830036,-18.68542586951064,-18.36946080782141,-18.05763399793592,-17.74994543985416,-17.44639513357614,-17.14698307910185,-16.85170927643129,-16.560573725564467,-16.273576426501375,-15.990717379242025,-15.711996583786402,-15.437414040134508,-15.166969748286357,-14.900663708241945,-14.638495920001263,-14.38046638356431,-14.126575098931097,-14.0,-14.0,-14.0,-14.0,-14.0,-14.0,-14.0,-14.0,-14.0,-14.0,-14.0,-14.0,-14.0,-14.0,-14.0,-14.0,-14.0,-14.0,-14.0,-14.0,-14.0,-14.0,-14.0,-14.0,-14.0,True,False,False,False,False,False,False
5200,0.145395613296594,-20.22507775438525,-19.8914093096304,-19.561842389066314,-19.236376992692986,-18.915013120510412,-18.59775077251861,-18.28458994871756,-17.975530649107277,-17.670572873687753,-17.369716622458995,-17.072961895420992,-16.780308692573744,-16.491757013917265,-16.207306859451542,-15.926958229176584,-15.650711123092382,-15.378565541198935,-15.110521483496257,-14.846578949984346,-14.58673794066319,-14.33099845553279,-14.079360494593157,-14.0,-14.0,-14.0,-14.0,-14.0,-14.0,-14.0,-14.0,-14.0,-14.0,-14.0,-14.0,-14.0,-14.0,-14.0,-14.0,-14.0,-14.0,-14.0,-14.0,-14.0,-14.0,-14.0,-14.0,-14.0,True,False,False,False,False,False,False
5250,0.145395613296594,-20.124725738427895,-19.793989500135552,-19.467318742722338,-19.14471346618824,-18.82617367053326,-18.51169935575741,-18.201290521860678,-17.894947168843075,-17.592669296704585,-17.294456905445227,-17.000309995064985,-16.71022856556386,-16.424212616941865,-16.142262149198984,-15.864377162335234,-15.5905576563506,-15.320803631245083,-15.055115087018695,-14.793492023671435,-14.535934441203292,-14.282442339614265,-14.033015718904368,-14.0,-14.0,-14.0,-14.0,-14.0,-14.0,-14.0,-14.0,-14.0,-14.0,-14.0,-14.0,-14.0,-14.0,-14.0,-14.0,-14.0,-14.0,-14.0,-14.0,-14.0,-14.0,-14.0,-14.0,-14.0,True,False,False,False,False,False,False
5300,0.145395613296594,-20.026215889919893,-19.69835774632292,-19.37452970544689,-19.05473176729181,-18.738963931857672,-18.42722619914449,-18.11951856915225,-17.81584104188096,-17.516193617330618,-17.22057629550123,-16.92898907639278,-16.641431960005274,-16.357904946338724,-16.078408035393117,-15.802941227168464,-15.531504521664752,-15.264097918881985,-15.00072141882017,-14.74137502147931,-14.486058726859392,-14.234772534960417,-14.0,-14.0,-14.0,-14.0,-14.0,-14.0,-14.0,-14.0,-14.0,-14.0,-14.0,-14.0,-14.0,-14.0,-14.0,-14.0,-14.0,-14.0,-14.0,-14.0,-14.0,-14.0,-14.0,-14.0,-14.0,-14.0,True,False,False,False,False,False,False
5350,0.145395613296594,-19.929497159871158,-19.604464499112805,-19.28342720963347,-18.966385291433145,-18.65333874451184,-18.344287568869554,-18.03923176450628,-17.73817133142203,-17.44110626961679,-17.148036579090576,-16.858962259843373,-16.573883311875182,-16.292799735186012,-16.015711529775853,-15.74261869564472,-15.473521232792598,-15.208419141219487,-14.947312420925401,-14.690201071910337,-14.437085094174284,-14.187964487717244,-14.0,-14.0,-14.0,-14.0,-14.0,-14.0,-14.0,-14.0,-14.0,-14.0,-14.0,-14.0,-14.0,-14.0,-14.0,-14.0,-14.0,-14.0,-14.0,-14.0,-14.0,-14.0,-14.0,-14.0,-14.0,-14.0,True,False,False,False,False,False,False
5400,0.145395613296594,-19.834520376824553,-19.512262031808355,-19.19396495558618,-18.879629148158028,-18.5692546095239,-18.2628413396838,-17.960389338637725,-17.66189860638568,-17.367369142927657,-17.076800948263664,-16.790194022393695,-16.507548365317746,-16.228863977035825,-15.95414085754793,-15.683379006854064,-15.416578424954219,-15.153739111848395,-14.894861067536604,-14.639944292018845,-14.388988785295105,-14.141994547365387,-14.0,-14.0,-14.0,-14.0,-14.0,-14.0,-14.0,-14.0,-14.0,-14.0,-14.0,-14.0,-14.0,-14.0,-14.0,-14.0,-14.0,-14.0,-14.0,-14.0,-14.0,-14.0,-14.0,-14.0,-14.0,-14.0,True,False,False,False,False,False,False
5450,0.145395613296594,-19.741238161133914,-19.42170435689039,-19.106098330800517,-18.794420082864292,-18.486669613081713,-18.182846921452793,-17.882952007977515,-17.586984872655897,-17.294945515487925,-17.00683393647361,-16.722650135612938,-16.442394112905912,-16.166065868352543,-15.89366540195282,-15.625192713706753,-15.36064780361433,-15.100030671675556,-14.843341317890436,-14.590579742258974,-14.341745944781158,-14.096839925456987,-14.0,-14.0,-14.0,-14.0,-14.0,-14.0,-14.0,-14.0,-14.0,-14.0,-14.0,-14.0,-14.0,-14.0,-14.0,-14.0,-14.0,-14.0,-14.0,-14.0,-14.0,-14.0,-14.0,-14.0,-14.0,-14.0,True,False,False,False,False,False,False
5500,0.145395613296594,-19.649604843902015,-19.332747147335507,-19.019784333632288,-18.710716402792357,-18.405543354815713,-18.104265189702364,-17.8068819074523,-17.513393508065537,-17.223799991542055,-16.93810135788187,-16.656297607084966,-16.37838873915135,-16.104374754081032,-15.834255651873999,-15.56803143253026,-15.305702096049806,-15.047267642432638,-14.792728071678766,-14.54208338378819,-14.2953335787609,-14.052478656596893,-14.0,-14.0,-14.0,-14.0,-14.0,-14.0,-14.0,-14.0,-14.0,-14.0,-14.0,-14.0,-14.0,-14.0,-14.0,-14.0,-14.0,-14.0,-14.0,-14.0,-14.0,-14.0,-14.0,-14.0,-14.0,-14.0,True,False,False,False,False,False,False
5550,0.145395613296594,-19.55957639028539,-19.24534766217282,-18.934981501078628,-18.62847790700282,-18.325836879945395,-18.02705841990636,-17.732142526885703,-17.44108920088344,-17.153898441899553,-16.870570249934058,-16.591104624986944,-16.31550156705821,-16.043761076147863,-15.775883152255899,-15.511867795382324,-15.251715005527128,-14.995424782690312,-14.742997126871888,-14.494432038071853,-14.249729516290197,-14.00888956152692,-14.0,-14.0,-14.0,-14.0,-14.0,-14.0,-14.0,-14.0,-14.0,-14.0,-14.0,-14.0,-14.0,-14.0,-14.0,-14.0,-14.0,-14.0,-14.0,-14.0,-14.0,-14.0,-14.0,-14.0,-14.0,-14.0,True,False,False,False,False,False,False
5600,0.145395613296594,-19.47111032689375,-19.15946467601516,-18.851649840414776,-18.547665820092607,-18.247512615048645,-17.9511902252829,-17.658698650795362,-17.37003789158604,-17.08520794765493,-16.80420881900203,-16.52704050562734,-16.25370300753086,-15.984196324712594,-15.718520457172534,-15.456675404910692,-15.198661167927058,-14.94447774622163,-14.69412513979442,-14.447603348645426,-14.20491237277464,-14.0,-14.0,-14.0,-14.0,-14.0,-14.0,-14.0,-14.0,-14.0,-14.0,-14.0,-14.0,-14.0,-14.0,-14.0,-14.0,-14.0,-14.0,-14.0,-14.0,-14.0,-14.0,-14.0,-14.0,-14.0,-14.0,-14.0,True,False,False,False,False,False,False
5650,0.145395613296594,-19.384165673031017,-19.075058412319162,-18.76975076444837,-18.46824272941865,-18.17053430722999,-17.876625497882404,-17.58651630137588,-17.30020671771043,-17.017696746886045,-16.738986388902727,-16.464075643760477,-16.192964511459287,-15.925652991999172,-15.662141085380119,-15.402428791602139,-15.14651611066522,-14.894403042569365,-14.646089587314583,-14.401575744900875,-14.160861515328227,-14.0,-14.0,-14.0,-14.0,-14.0,-14.0,-14.0,-14.0,-14.0,-14.0,-14.0,-14.0,-14.0,-14.0,-14.0,-14.0,-14.0,-14.0,-14.0,-14.0,-14.0,-14.0,-14.0,-14.0,-14.0,-14.0,-14.0,True,False,False,False,False,False,False
5700,0.145395613296594,-19.298702875542727,-18.99209048014583,-18.68924703016968,-18.39017252561428,-18.094866966479625,-17.803330352765727,-17.515562684472574,-17.231563961600177,-16.951334184148525,-16.67487335211763,-16.402181465507475,-16.13325852431807,-15.868104528549418,-15.606719478201514,-15.349103373274364,-15.095256213767957,-14.845177999682297,-14.598868731017394,-14.356328407773246,-14.117557029949841,-14.0,-14.0,-14.0,-14.0,-14.0,-14.0,-14.0,-14.0,-14.0,-14.0,-14.0,-14.0,-14.0,-14.0,-14.0,-14.0,-14.0,-14.0,-14.0,-14.0,-14.0,-14.0,-14.0,-14.0,-14.0,-14.0,-14.0,True,False,False,False,False,False,False
5750,0.145395613296594,-19.214683747050774,-18.910523814209053,-18.610102680591595,-18.313420346198402,-18.020476811029464,-17.7312720750848,-17.44580613836439,-17.16407900086825,-16.88609066259637,-16.611841123548757,-16.341330383725403,-16.074558443126307,-15.811525301751482,-15.552230959600914,-15.296675416674615,-15.044858672972573,-14.796780728494792,-14.552441583241277,-14.311841237212032,-14.074979690407048,-14.0,-14.0,-14.0,-14.0,-14.0,-14.0,-14.0,-14.0,-14.0,-14.0,-14.0,-14.0,-14.0,-14.0,-14.0,-14.0,-14.0,-14.0,-14.0,-14.0,-14.0,-14.0,-14.0,-14.0,-14.0,-14.0,-14.0,True,False,False,False,False,False,False
5800,0.145395613296594,-19.132071407371754,-18.83032261801428,-18.532282989587475,-18.237952522091344,-17.947331215525875,-17.660419069891088,-17.377216085186966,-17.09772226141352,-16.82193759857074,-16.54986209665864,-16.281495755677206,-16.016838575626437,-15.755890556506342,-15.498651698316918,-15.245122001058169,-14.995301464730085,-14.749190089332668,-14.50678787486593,-14.268094821329868,-14.03311092872447,-14.0,-14.0,-14.0,-14.0,-14.0,-14.0,-14.0,-14.0,-14.0,-14.0,-14.0,-14.0,-14.0,-14.0,-14.0,-14.0,-14.0,-14.0,-14.0,-14.0,-14.0,-14.0,-14.0,-14.0,-14.0,-14.0,-14.0,True,False,False,False,False,False,False
5850,0.145395613296594,-19.050830227928817,-18.751452309902806,-18.455754409547826,-18.16373652686388,-17.875398661850955,-17.59074081450907,-17.309762984838212,-17.03246517283839,-16.758847378509593,-16.488909601851834,-16.2226518428651,-15.960074101549395,-15.701176377904726,-15.445958671931082,-15.194420983628477,-14.946563312996897,-14.702385660036343,-14.461888024746827,-14.225070407128348,-14.0,-14.0,-14.0,-14.0,-14.0,-14.0,-14.0,-14.0,-14.0,-14.0,-14.0,-14.0,-14.0,-14.0,-14.0,-14.0,-14.0,-14.0,-14.0,-14.0,-14.0,-14.0,-14.0,-14.0,-14.0,-14.0,-14.0,-14.0,True,False,False,False,False,False,False
5900,0.145395613296594,-18.970925778980018,-18.673879471829917,-18.380484521689162,-18.09074092855775,-17.804648692435677,-17.52220781332295,-17.243418291219566,-16.968280126125528,-16.696793318040832,-16.428957866965483,-16.164773772899473,-15.9042410358428,-15.647359655795478,-15.394129632757494,-15.14455096672886,-14.898623657709564,-14.656347705699606,-14.417723110698997,-14.182749872707738,-14.0,-14.0,-14.0,-14.0,-14.0,-14.0,-14.0,-14.0,-14.0,-14.0,-14.0,-14.0,-14.0,-14.0,-14.0,-14.0,-14.0,-14.0,-14.0,-14.0,-14.0,-14.0,-14.0,-14.0,-14.0,-14.0,-14.0,-14.0,True,False,False,False,False,False,False
5950,0.145395613296594,-18.892324779497862,-18.59757180071639,-18.30644198885938,-18.018935343926824,-17.73505186591872,-17.454791554835083,-17.178154410675898,-16.905140433441176,-16.63574962313091,-16.369981979745102,-16.10783750328375,-15.849316193746851,-15.594418051134417,-15.343143075446434,-15.095491266682915,-14.851462624843847,-14.611057149929234,-14.374274841939085,-14.1411157008734,-14.0,-14.0,-14.0,-14.0,-14.0,-14.0,-14.0,-14.0,-14.0,-14.0,-14.0,-14.0,-14.0,-14.0,-14.0,-14.0,-14.0,-14.0,-14.0,-14.0,-14.0,-14.0,-14.0,-14.0,-14.0,-14.0,-14.0,-14.0,True,False,False,False,False,False,False
6000,0.145395613296594,-18.814995049545878,-18.52249806222371,-18.233596510694426,-17.948290394958022,-17.666579715014496,-17.388464470863855,-17.11394466250609,-16.84302028994121,-16.575691353169212,-16.311957852190098,-16.05181978700386,-15.7952771576105,-15.542329964010024,-15.292978206202426,-15.047221884187714,-14.805060997965878,-14.566495547536919,-14.331525532900848,-14.100150954057662,-14.0,-14.0,-14.0,-14.0,-14.0,-14.0,-14.0,-14.0,-14.0,-14.0,-14.0,-14.0,-14.0,-14.0,-14.0,-14.0,-14.0,-14.0,-14.0,-14.0,-14.0,-14.0,-14.0,-14.0,-14.0,-14.0,-14.0,-14.0,True,False,False,False,False,False,False
6050,0.145395613296594,-18.738905465008106,-18.448628046813152,-18.161918780990632,-17.878777667540543,-17.599204706462885,-17.323199897757668,-17.050763241424878,-16.781894737464526,-16.516594385876605,-16.25486218666112,-15.996698139818069,-15.742102245347445,-15.491074503249258,-15.243614913523501,-14.999723476170184,-14.759400191189295,-14.522645058580835,-14.289458078344815,-14.059839250481232,-14.0,-14.0,-14.0,-14.0,-14.0,-14.0,-14.0,-14.0,-14.0,-14.0,-14.0,-14.0,-14.0,-14.0,-14.0,-14.0,-14.0,-14.0,-14.0,-14.0,-14.0,-14.0,-14.0,-14.0,-14.0,-14.0,-14.0,-14.0,True,False,False,False,False,False,False
6100,0.145395613296594,-18.6640259145369,-18.375932527958028,-18.091380447165864,-17.810369672160405,-17.532900202941647,-17.2589720395096,-16.988585181864256,-16.721739630005626,-16.458435383933693,-16.198672443648473,-15.942450809149951,-15.689770480438133,-15.440631457513026,-15.19503374037462,-14.952977329022925,-14.714462223457932,-14.479488423679639,-14.248055929688059,-14.020164741483189,-14.0,-14.0,-14.0,-14.0,-14.0,-14.0,-14.0,-14.0,-14.0,-14.0,-14.0,-14.0,-14.0,-14.0,-14.0,-14.0,-14.0,-14.0,-14.0,-14.0,-14.0,-14.0,-14.0,-14.0,-14.0,-14.0,-14.0,-14.0,True,False,False,False,False,False,False
6150,0.145395613296594,-18.59032725859313,-18.304383222386942,-18.021954071691027,-17.74303980650538,-17.467640426830002,-17.1957559326649,-16.92738632401006,-16.662531600865503,-16.40119176323121,-16.143366811107192,-15.889056744493443,-15.63826156338996,-15.390981267796752,-15.147215857713812,-14.906965333141148,-14.67022969407875,-14.437008940526619,-14.207303072484764,-14.0,-14.0,-14.0,-14.0,-14.0,-14.0,-14.0,-14.0,-14.0,-14.0,-14.0,-14.0,-14.0,-14.0,-14.0,-14.0,-14.0,-14.0,-14.0,-14.0,-14.0,-14.0,-14.0,-14.0,-14.0,-14.0,-14.0,-14.0,-14.0,True,False,False,False,False,False,False
6200,0.145395613296594,-18.517781290461013,-18.233952752243656,-17.95361309538091,-17.67676231987277,-17.403400425719234,-17.133527412920316,-16.867143281476004,-16.604248031386305,-16.344841662651213,-16.088924175270737,-15.836495569244864,-15.587555844573597,-15.342105001256943,-15.100143039294897,-14.861669958687465,-14.626685759434638,-14.395190441536416,-14.167184004992809,-14.0,-14.0,-14.0,-14.0,-14.0,-14.0,-14.0,-14.0,-14.0,-14.0,-14.0,-14.0,-14.0,-14.0,-14.0,-14.0,-14.0,-14.0,-14.0,-14.0,-14.0,-14.0,-14.0,-14.0,-14.0,-14.0,-14.0,-14.0,-14.0,True,False,False,False,False,False,False
6250,0.145395613296594,-18.446360699127283,-18.164614609056596,-17.886331802440615,-17.611512279279342,-17.340156039572772,-17.072263083320912,-16.807833410523756,-16.546867021181313,-16.289363915293574,-16.03532409286054,-15.784747553882216,-15.537634298358592,-15.29398432628968,-15.05379763767547,-14.81707423251597,-14.583814110811176,-14.354017272561082,-14.1276837177657,-14.0,-14.0,-14.0,-14.0,-14.0,-14.0,-14.0,-14.0,-14.0,-14.0,-14.0,-14.0,-14.0,-14.0,-14.0,-14.0,-14.0,-14.0,-14.0,-14.0,-14.0,-14.0,-14.0,-14.0,-14.0,-14.0,-14.0,-14.0,-14.0,True,False,False,False,False,False,False
6300,0.145395613296594,-18.376039033921423,-18.096343119417707,-17.820085287170276,-17.54726553717913,-17.277883869444263,-17.011940283965693,-16.7494347807434,-16.490367359777398,-16.234738021067674,-15.982546764614245,-15.733793590417095,-15.488478498476226,-15.246601488791649,-15.008162561363353,-14.773161716191346,-14.54159895327562,-14.313474272616176,-14.088787674213023,-14.0,-14.0,-14.0,-14.0,-14.0,-14.0,-14.0,-14.0,-14.0,-14.0,-14.0,-14.0,-14.0,-14.0,-14.0,-14.0,-14.0,-14.0,-14.0,-14.0,-14.0,-14.0,-14.0,-14.0,-14.0,-14.0,-14.0,-14.0,-14.0,True,False,False,False,False,False,False
6350,0.145395613296594,-18.3067906708202,-18.02911341227673,-17.754849422236894,-17.4839987007007,-17.216561247668142,-16.95253706313923,-16.691926147113954,-16.43472849959232,-16.180944120574328,-15.930573010059975,-15.68361516804926,-15.44007059454218,-15.199939289538744,-14.963221253038945,-14.72991648504279,-14.50002498555027,-14.273546754561387,-14.050481792076148,-14.0,-14.0,-14.0,-14.0,-14.0,-14.0,-14.0,-14.0,-14.0,-14.0,-14.0,-14.0,-14.0,-14.0,-14.0,-14.0,-14.0,-14.0,-14.0,-14.0,-14.0,-14.0,-14.0,-14.0,-14.0,-14.0,-14.0,-14.0,-14.0,True,False,False,False,False,False,False
6400,0.145395613296594,-18.238590780325687,-17.962901387762777,-17.690600828427904,-17.421689102321064,-17.15616620944226,-16.894032149791503,-16.635286923368778,-16.379930530174097,-16.12796297020745,-15.879384243468841,-15.63419434995827,-15.392393289675733,-15.153981062621236,-14.918957668794775,-14.687323108196356,-14.459077380825969,-14.234220486683618,-14.01275242576931,-14.0,-14.0,-14.0,-14.0,-14.0,-14.0,-14.0,-14.0,-14.0,-14.0,-14.0,-14.0,-14.0,-14.0,-14.0,-14.0,-14.0,-14.0,-14.0,-14.0,-14.0,-14.0,-14.0,-14.0,-14.0,-14.0,-14.0,-14.0,-14.0,True,False,False,False,False,False,False
6450,0.145395613296594,-18.1714152968317,-17.89768368745063,-17.62731684580622,-17.36031477189847,-17.096677465727375,-16.836404927292946,-16.57949715659517,-16.325954153634058,-16.0757759184096,-15.828962450921809,-15.585513751170673,-15.34542981915619,-15.108710654878372,-14.87535625833721,-14.64536662953271,-14.418741768464866,-14.195481675133678,-14.0,-14.0,-14.0,-14.0,-14.0,-14.0,-14.0,-14.0,-14.0,-14.0,-14.0,-14.0,-14.0,-14.0,-14.0,-14.0,-14.0,-14.0,-14.0,-14.0,-14.0,-14.0,-14.0,-14.0,-14.0,-14.0,-14.0,-14.0,-14.0,-14.0,True,False,False,False,False,False,False
6500,0.145395613296594,-18.105240889398672,-17.83343766599411,-17.564975506191587,-17.29985440999111,-17.038074377392668,-16.779635408396274,-16.524537503001923,-16.272780661209616,-16.02436488301935,-15.779290168431128,-15.537556517444946,-15.299163930060804,-15.064112406278706,-14.832401946098651,-14.60403254952064,-14.379004216544669,-14.157316947170736,-14.0,-14.0,-14.0,-14.0,-14.0,-14.0,-14.0,-14.0,-14.0,-14.0,-14.0,-14.0,-14.0,-14.0,-14.0,-14.0,-14.0,-14.0,-14.0,-14.0,-14.0,-14.0,-14.0,-14.0,-14.0,-14.0,-14.0,-14.0,-14.0,-14.0,True,False,False,False,False,False,False
6550,0.145395613296594,-18.040044933862,-17.770141364053735,-17.50355550689748,-17.240287362393246,-16.980336930541018,-16.723704211340813,-16.470389204792617,-16.220391910896442,-15.973712329652278,-15.730350461060134,-15.49030630512,-15.253579861831879,-15.020171131195776,-14.790080113211683,-14.563306807879611,-14.33985121519955,-14.1197133351715,-14.0,-14.0,-14.0,-14.0,-14.0,-14.0,-14.0,-14.0,-14.0,-14.0,-14.0,-14.0,-14.0,-14.0,-14.0,-14.0,-14.0,-14.0,-14.0,-14.0,-14.0,-14.0,-14.0,-14.0,-14.0,-14.0,-14.0,-14.0,-14.0,-14.0,True,False,False,False,False,False,False
6600,0.145395613296594,-17.975805486203267,-17.70777348245023,-17.44303618565727,-17.18159359582438,-16.923445712951565,-16.66859253703883,-16.417034068086167,-16.16877030609358,-15.923801251061068,-15.682126902988635,-15.443747261876272,-15.20866232772398,-14.976872100531768,-14.748376580299626,-14.523175767027565,-14.301269660715574,-14.082658261363655,-14.0,-14.0,-14.0,-14.0,-14.0,-14.0,-14.0,-14.0,-14.0,-14.0,-14.0,-14.0,-14.0,-14.0,-14.0,-14.0,-14.0,-14.0,-14.0,-14.0,-14.0,-14.0,-14.0,-14.0,-14.0,-14.0,-14.0,-14.0,-14.0,-14.0,True,False,False,False,False,False,False
6650,0.145395613296594,-17.91250125711814,-17.64631335747953,-17.383397496677134,-17.123753674710944,-16.86738189158096,-16.61428214728719,-16.36445444182963,-16.117898775208282,-15.874615147423139,-15.634603558474211,-15.39786400836149,-15.164396497084972,-14.934201024644672,-14.707277591040576,-14.483626196272693,-14.263246840341019,-14.046139523245548,-14.0,-14.0,-14.0,-14.0,-14.0,-14.0,-14.0,-14.0,-14.0,-14.0,-14.0,-14.0,-14.0,-14.0,-14.0,-14.0,-14.0,-14.0,-14.0,-14.0,-14.0,-14.0,-14.0,-14.0,-14.0,-14.0,-14.0,-14.0,-14.0,-14.0,True,False,False,False,False,False,False
6700,0.145395613296594,-17.850111587718605,-17.585740937328815,-17.324619987757142,-17.066748739003593,-16.812127191068157,-16.56075534395085,-16.31263319765166,-16.067760752170592,-15.826138007507645,-15.587764963662822,-15.352641620636115,-15.120767978427526,-14.892144037037061,-14.666769796464715,-14.444645256710492,-14.225770417774386,-14.010145279656399,-14.0,-14.0,-14.0,-14.0,-14.0,-14.0,-14.0,-14.0,-14.0,-14.0,-14.0,-14.0,-14.0,-14.0,-14.0,-14.0,-14.0,-14.0,-14.0,-14.0,-14.0,-14.0,-14.0,-14.0,-14.0,-14.0,-14.0,-14.0,-14.0,-14.0,True,False,False,False,False,False,False
6750,0.145395613296594,-17.788616426310856,-17.526036759536606,-17.266684778425194,-17.01056048297662,-16.757663873190875,-16.507994949067974,-16.26155371060791,-16.018340157810687,-15.778354290676297,-15.541596109204749,-15.308065613396035,-15.077762803250154,-14.850687678767116,-14.626840239946912,-14.406220486789548,-14.18882841929502,-14.0,-14.0,-14.0,-14.0,-14.0,-14.0,-14.0,-14.0,-14.0,-14.0,-14.0,-14.0,-14.0,-14.0,-14.0,-14.0,-14.0,-14.0,-14.0,-14.0,-14.0,-14.0,-14.0,-14.0,-14.0,-14.0,-14.0,-14.0,-14.0,-14.0,-14.0,True,False,False,False,False,False,False
6800,0.145395613296594,-17.727996306193674,-17.46718192944342,-17.20957353903186,-16.95517113495901,-16.70397471722485,-16.455984285829395,-16.21119984077264,-15.969621382054585,-15.73124890967523,-15.49608242363458,-15.264121923932624,-15.035367410569366,-14.809818883544812,-14.587476342858956,-14.368339788511802,-14.152409220503346,-14.0,-14.0,-14.0,-14.0,-14.0,-14.0,-14.0,-14.0,-14.0,-14.0,-14.0,-14.0,-14.0,-14.0,-14.0,-14.0,-14.0,-14.0,-14.0,-14.0,-14.0,-14.0,-14.0,-14.0,-14.0,-14.0,-14.0,-14.0,-14.0,-14.0,-14.0,True,False,False,False,False,False,False
6850,0.145395613296594,-17.668232324425322,-17.40915809958244,-17.15326847075725,-16.900563437949756,-16.651043001159945,-16.404707160387833,-16.161555915633407,-15.921589266896682,-15.68480721417764,-15.451209757476297,-15.220796896792642,-14.993568632126674,-14.769524963478403,-14.548665890847818,-14.330991414234932,-14.116501533639733,-14.0,-14.0,-14.0,-14.0,-14.0,-14.0,-14.0,-14.0,-14.0,-14.0,-14.0,-14.0,-14.0,-14.0,-14.0,-14.0,-14.0,-14.0,-14.0,-14.0,-14.0,-14.0,-14.0,-14.0,-14.0,-14.0,-14.0,-14.0,-14.0,-14.0,-14.0,True,False,False,False,False,False,False
6900,0.145395613296594,-17.609306121509935,-17.351947449962736,-17.097752286483637,-16.84672063107264,-16.59885248372974,-16.35414784445495,-16.112606713248255,-15.874229090109669,-15.639014975039178,-15.406964368036796,-15.17807726910251,-14.952353678236323,-14.729793595438242,-14.510397020708258,-14.29416395404638,-14.0810943954526,-14.0,-14.0,-14.0,-14.0,-14.0,-14.0,-14.0,-14.0,-14.0,-14.0,-14.0,-14.0,-14.0,-14.0,-14.0,-14.0,-14.0,-14.0,-14.0,-14.0,-14.0,-14.0,-14.0,-14.0,-14.0,-14.0,-14.0,-14.0,-14.0,-14.0,-14.0,True,False,False,False,False,False,False
6950,0.145395613296594,-17.551199861957286,-17.29553266920015,-17.043008192490518,-16.79362643182839,-16.547387387213764,-16.30429105864665,-16.064337446127038,-15.827526549654937,-15.593858369230338,-15.363332904853248,-15.135950156523661,-14.911710124241575,-14.690612808006998,-14.472658207819924,-14.257846323680361,-14.046177155588298,-14.0,-14.0,-14.0,-14.0,-14.0,-14.0,-14.0,-14.0,-14.0,-14.0,-14.0,-14.0,-14.0,-14.0,-14.0,-14.0,-14.0,-14.0,-14.0,-14.0,-14.0,-14.0,-14.0,-14.0,-14.0,-14.0,-14.0,-14.0,-14.0,-14.0,-14.0,True,False,False,False,False,False,False
7000,0.145395613296594,-17.49389621567236,-17.239896936453675,-16.98901987093103,-16.741265019104432,-16.496632380973875,-16.255121956539366,-16.016733745800895,-15.781467748758473,-15.549323965412093,-15.320302395761761,-15.094403039807467,-14.871625897549215,-14.651970968987012,-14.435438254120848,-14.222027752950734,-14.011739465476658,-14.0,-14.0,-14.0,-14.0,-14.0,-14.0,-14.0,-14.0,-14.0,-14.0,-14.0,-14.0,-14.0,-14.0,-14.0,-14.0,-14.0,-14.0,-14.0,-14.0,-14.0,-14.0,-14.0,-14.0,-14.0,-14.0,-14.0,-14.0,-14.0,-14.0,-14.0,True,False,False,False,False,False,False
7050,0.145395613296594,-17.437378340133687,-17.185023904127398,-16.93577146305109,-16.689621016904766,-16.446572565688427,-16.206626109402077,-15.969781648045709,-15.73603918161933,-15.505398710122932,-15.277860233556526,-15.0534237519201,-14.832089265213655,-14.6138567734372,-14.398726276590729,-14.186697774674245,-14.0,-14.0,-14.0,-14.0,-14.0,-14.0,-14.0,-14.0,-14.0,-14.0,-14.0,-14.0,-14.0,-14.0,-14.0,-14.0,-14.0,-14.0,-14.0,-14.0,-14.0,-14.0,-14.0,-14.0,-14.0,-14.0,-14.0,-14.0,-14.0,-14.0,-14.0,-14.0,True,False,False,False,False,False,False
7100,0.145395613296594,-17.381629863321656,-17.13089768130039,-16.883247553114682,-16.638679478764537,-16.39719345824995,-16.158789491570932,-15.923467578727468,-15.691227719719572,-15.462069914547232,-15.235994163210458,-15.013000465709244,-14.793088822043584,-14.576259232213493,-14.362511696218958,-14.15184621405999,-14.0,-14.0,-14.0,-14.0,-14.0,-14.0,-14.0,-14.0,-14.0,-14.0,-14.0,-14.0,-14.0,-14.0,-14.0,-14.0,-14.0,-14.0,-14.0,-14.0,-14.0,-14.0,-14.0,-14.0,-14.0,-14.0,-14.0,-14.0,-14.0,-14.0,-14.0,-14.0,True,False,False,False,False,False,False
7150,0.145395613296594,-17.32663486736022,-17.077502817849066,-16.831433153000972,-16.588425872815936,-16.348480977293953,-16.111598466435034,-15.877778340239171,-15.64702059870637,-15.419325241836624,-15.194692269629941,-14.973121682086314,-14.75461347920574,-14.539167660988229,-14.326784227433773,-14.117463178542382,-14.0,-14.0,-14.0,-14.0,-14.0,-14.0,-14.0,-14.0,-14.0,-14.0,-14.0,-14.0,-14.0,-14.0,-14.0,-14.0,-14.0,-14.0,-14.0,-14.0,-14.0,-14.0,-14.0,-14.0,-14.0,-14.0,-14.0,-14.0,-14.0,-14.0,-14.0,-14.0,True,False,False,False,False,False,False
7200,0.145395613296594,-17.272377872837435,-17.02482428922841,-16.780313687440533,-16.538846067473813,-16.300421429328246,-16.065039773003836,-15.832701098500578,-15.60340540581848,-15.377152694957532,-15.153942965917745,-14.933776218699107,-14.71665245330162,-14.502571669725294,-14.291533867970116,-14.0835390480361,-14.0,-14.0,-14.0,-14.0,-14.0,-14.0,-14.0,-14.0,-14.0,-14.0,-14.0,-14.0,-14.0,-14.0,-14.0,-14.0,-14.0,-14.0,-14.0,-14.0,-14.0,-14.0,-14.0,-14.0,-14.0,-14.0,-14.0,-14.0,-14.0,-14.0,-14.0,-14.0,True,False,False,False,False,False,False
7250,0.145395613296594,-17.218843823772144,-16.972847481880358,-16.72987497986006,-16.489926317711255,-16.253001495433935,-16.01910051302811,-15.788223370493773,-15.560370067830931,-15.335540605039574,-15.113734982119713,-14.894953199071336,-14.679195255894449,-14.466461152589053,-14.256750889155146,-14.050064465592733,-14.0,-14.0,-14.0,-14.0,-14.0,-14.0,-14.0,-14.0,-14.0,-14.0,-14.0,-14.0,-14.0,-14.0,-14.0,-14.0,-14.0,-14.0,-14.0,-14.0,-14.0,-14.0,-14.0,-14.0,-14.0,-14.0,-14.0,-14.0,-14.0,-14.0,-14.0,-14.0,True,False,False,False,False,False,False
7300,0.145395613296594,-17.16601807319591,-16.921558179239423,-16.680103238806392,-16.441653251896824,-16.20620821851071,-15.97376813864806,-15.744333012308866,-15.517902839493136,-15.294477620200864,-15.074057354432053,-14.8566420421867,-14.642231683464802,-14.430826278266368,-14.22242582659139,-14.017030328439876,-14.0,-14.0,-14.0,-14.0,-14.0,-14.0,-14.0,-14.0,-14.0,-14.0,-14.0,-14.0,-14.0,-14.0,-14.0,-14.0,-14.0,-14.0,-14.0,-14.0,-14.0,-14.0,-14.0,-14.0,-14.0,-14.0,-14.0,-14.0,-14.0,-14.0,-14.0,-14.0,True,False,False,False,False,False,False
7350,0.145395613296594,-17.11388636932107,-16.87094254830713,-16.630985044922404,-16.394013859166897,-16.1600289910406,-15.92903044054353,-15.701018207675668,-15.475992292437027,-15.2539526948276,-15.034899414847391,-14.818832452496396,-14.605751807774613,-14.395657480682052,-14.188549471218701,-14.0,-14.0,-14.0,-14.0,-14.0,-14.0,-14.0,-14.0,-14.0,-14.0,-14.0,-14.0,-14.0,-14.0,-14.0,-14.0,-14.0,-14.0,-14.0,-14.0,-14.0,-14.0,-14.0,-14.0,-14.0,-14.0,-14.0,-14.0,-14.0,-14.0,-14.0,-14.0,-14.0,True,False,False,False,False,False,False
7400,0.145395613296594,-17.06243484226714,-16.82098712676849,-16.582507338448718,-16.346995477307825,-16.1144515433458,-15.884875536562662,-15.658267456958397,-15.434627304533013,-15.213955079286503,-14.996250781218874,-14.781514410330121,-14.569745966620241,-14.360945450089242,-14.155112860737116,-14.0,-14.0,-14.0,-14.0,-14.0,-14.0,-14.0,-14.0,-14.0,-14.0,-14.0,-14.0,-14.0,-14.0,-14.0,-14.0,-14.0,-14.0,-14.0,-14.0,-14.0,-14.0,-14.0,-14.0,-14.0,-14.0,-14.0,-14.0,-14.0,-14.0,-14.0,-14.0,-14.0,True,False,False,False,False,False,False
7450,0.145395613296594,-17.0116499913196,-16.77167881062515,-16.534657407226625,-16.30058578112402,-16.069463932317337,-15.841291860806582,-15.616069566591744,-15.393797049672834,-15.174474310049844,-14.95810134772278,-14.744678162691635,-14.53420475495641,-14.32668112451711,-14.122107271373732,-14.0,-14.0,-14.0,-14.0,-14.0,-14.0,-14.0,-14.0,-14.0,-14.0,-14.0,-14.0,-14.0,-14.0,-14.0,-14.0,-14.0,-14.0,-14.0,-14.0,-14.0,-14.0,-14.0,-14.0,-14.0,-14.0,-14.0,-14.0,-14.0,-14.0,-14.0,-14.0,-14.0,True,False,False,False,False,False,False
7500,0.145395613296594,-16.961518672696112,-16.723004842321114,-16.48742287517889,-16.254772771269444,-16.02505453059277,-15.798268153148872,-15.574413638937749,-15.353490987959404,-15.135500200213832,-14.92044127570104,-14.70831421442102,-14.49911901637377,-14.2928556815593,-14.089524209977602,-14.0,-14.0,-14.0,-14.0,-14.0,-14.0,-14.0,-14.0,-14.0,-14.0,-14.0,-14.0,-14.0,-14.0,-14.0,-14.0,-14.0,-14.0,-14.0,-14.0,-14.0,-14.0,-14.0,-14.0,-14.0,-14.0,-14.0,-14.0,-14.0,-14.0,-14.0,-14.0,-14.0,True,False,False,False,False,False,False
7550,0.145395613296594,-16.912028087796873,-16.674952799338346,-16.44079169124638,-16.209544763520963,-15.981212016162106,-15.75579344916981,-15.533289062544066,-15.313698856284885,-15.097022830392257,-14.88326098486619,-14.672413319706678,-14.46447983491372,-14.25946053048732,-14.057355406427478,-14.0,-14.0,-14.0,-14.0,-14.0,-14.0,-14.0,-14.0,-14.0,-14.0,-14.0,-14.0,-14.0,-14.0,-14.0,-14.0,-14.0,-14.0,-14.0,-14.0,-14.0,-14.0,-14.0,-14.0,-14.0,-14.0,-14.0,-14.0,-14.0,-14.0,-14.0,-14.0,-14.0,True,False,False,False,False,False,False
7600,0.145395613296594,-16.863165771916783,-16.627510583240653,-16.394752118759534,-16.164890378473427,-15.93792536238233,-15.713857070486249,-15.492685502785177,-15.274410659279122,-15.059032539968074,-14.846551144852043,-14.636966473931022,-14.430278527205008,-14.226487304674013,-14.025592806338025,-14.0,-14.0,-14.0,-14.0,-14.0,-14.0,-14.0,-14.0,-14.0,-14.0,-14.0,-14.0,-14.0,-14.0,-14.0,-14.0,-14.0,-14.0,-14.0,-14.0,-14.0,-14.0,-14.0,-14.0,-14.0,-14.0,-14.0,-14.0,-14.0,-14.0,-14.0,-14.0,-14.0,True,False,False,False,False,False,False
7650,0.145395613296594,-16.81491958339842,-16.580666409145394,-16.349292725224956,-16.120798531637107,-15.895183828381839,-15.672448615459166,-15.452592892869076,-15.23561666061158,-15.02151991868667,-14.81030266709435,-14.601964905834615,-14.396506634907466,-14.193927854312907,-14.0,-14.0,-14.0,-14.0,-14.0,-14.0,-14.0,-14.0,-14.0,-14.0,-14.0,-14.0,-14.0,-14.0,-14.0,-14.0,-14.0,-14.0,-14.0,-14.0,-14.0,-14.0,-14.0,-14.0,-14.0,-14.0,-14.0,-14.0,-14.0,-14.0,-14.0,-14.0,-14.0,-14.0,True,False,False,False,False,False,False
7700,0.145395613296594,-16.76727769320583,-16.53440879560367,-16.304402372508175,-16.077258423919353,-15.852976949837197,-15.631557950261717,-15.413001425192903,-15.197307374630762,-14.98447579857529,-14.774506697026492,-14.56740006998436,-14.363155917448896,-14.161774239420106,-14.0,-14.0,-14.0,-14.0,-14.0,-14.0,-14.0,-14.0,-14.0,-14.0,-14.0,-14.0,-14.0,-14.0,-14.0,-14.0,-14.0,-14.0,-14.0,-14.0,-14.0,-14.0,-14.0,-14.0,-14.0,-14.0,-14.0,-14.0,-14.0,-14.0,-14.0,-14.0,-14.0,-14.0,True,False,False,False,False,False,False
7750,0.145395613296594,-16.72022857490019,-16.488726554870553,-16.260070207394875,-16.03425953247316,-15.8112945301054,-15.591175200291605,-15.373901543031769,-15.159473558325896,-14.947891246173981,-14.73915460657603,-14.533263639532038,-14.330218345042,-14.130018723105929,-14.0,-14.0,-14.0,-14.0,-14.0,-14.0,-14.0,-14.0,-14.0,-14.0,-14.0,-14.0,-14.0,-14.0,-14.0,-14.0,-14.0,-14.0,-14.0,-14.0,-14.0,-14.0,-14.0,-14.0,-14.0,-14.0,-14.0,-14.0,-14.0,-14.0,-14.0,-14.0,-14.0,-14.0,True,False,False,False,False,False,False
7800,0.145395613296594,-16.673760994999366,-16.443608783547973,-16.216285652513573,-15.99179160189617,-15.770126631695756,-15.551290741912343,-15.33528393254592,-15.122106203596497,-14.911757555064064,-14.70423798694863,-14.499547499250188,-14.297686091968737,-14.098653765104284,-14.0,-14.0,-14.0,-14.0,-14.0,-14.0,-14.0,-14.0,-14.0,-14.0,-14.0,-14.0,-14.0,-14.0,-14.0,-14.0,-14.0,-14.0,-14.0,-14.0,-14.0,-14.0,-14.0,-14.0,-14.0,-14.0,-14.0,-14.0,-14.0,-14.0,-14.0,-14.0,-14.0,-14.0,True,False,False,False,False,False,False
7850,0.145395613296594,-16.62786400370434,-16.399044853583643,-16.17303839760374,-15.94984463576463,-15.729463568066311,-15.511895194508787,-15.297139515092054,-15.085196529816116,-14.876066238680968,-14.669748641686617,-14.466243738833056,-14.265551530120282,-14.067672015548307,-14.0,-14.0,-14.0,-14.0,-14.0,-14.0,-14.0,-14.0,-14.0,-14.0,-14.0,-14.0,-14.0,-14.0,-14.0,-14.0,-14.0,-14.0,-14.0,-14.0,-14.0,-14.0,-14.0,-14.0,-14.0,-14.0,-14.0,-14.0,-14.0,-14.0,-14.0,-14.0,-14.0,-14.0,True,False,False,False,False,False,False
7900,0.145395613296594,-16.582526925976254,-16.355024403610354,-16.130318391114088,-15.908408888487456,-15.689295895730458,-15.4729794128431,-15.259459439825374,-15.048735976677287,-14.840809023398833,-14.635678579990017,-14.433344646450836,-14.233807222781286,-14.037066308981373,-14.0,-14.0,-14.0,-14.0,-14.0,-14.0,-14.0,-14.0,-14.0,-14.0,-14.0,-14.0,-14.0,-14.0,-14.0,-14.0,-14.0,-14.0,-14.0,-14.0,-14.0,-14.0,-14.0,-14.0,-14.0,-14.0,-14.0,-14.0,-14.0,-14.0,-14.0,-14.0,-14.0,-14.0,True,False,False,False,False,False,False
7950,0.145395613296594,-16.537739352948734,-16.311537330610644,-16.088115832116518,-15.867474857466355,-15.649614406660149,-15.434534479697911,-15.222235076579633,-15.01271619730532,-14.805977841874967,-14.602020010288578,-14.40084270254615,-14.202445918647681,-14.006829658593178,-14.0,-14.0,-14.0,-14.0,-14.0,-14.0,-14.0,-14.0,-14.0,-14.0,-14.0,-14.0,-14.0,-14.0,-14.0,-14.0,-14.0,-14.0,-14.0,-14.0,-14.0,-14.0,-14.0,-14.0,-14.0,-14.0,-14.0,-14.0,-14.0,-14.0,-14.0,-14.0,-14.0,-14.0,True,False,False,False,False,False,False
8000,0.145395613296594,-16.493491133660836,-16.268573781892737,-16.046421162522023,-15.827033275548695,-15.610410120972748,-15.396551698794191,-15.185458009013015,-14.977129051629227,-14.771564826642821,-14.568765334053804,-14.368730573862168,-14.171460546067914,-14.0,-14.0,-14.0,-14.0,-14.0,-14.0,-14.0,-14.0,-14.0,-14.0,-14.0,-14.0,-14.0,-14.0,-14.0,-14.0,-14.0,-14.0,-14.0,-14.0,-14.0,-14.0,-14.0,-14.0,-14.0,-14.0,-14.0,-14.0,-14.0,-14.0,-14.0,-14.0,-14.0,-14.0,-14.0,True,False,False,False,False,False,False
8050,0.145395613296594,-16.44977236709674,-16.226124147364157,-16.005225059585378,-15.787075103760412,-15.571674279889251,-15.359022587971907,-15.149120028008369,-14.941966599998647,-14.737562303942731,-14.53590713984063,-14.337001107692336,-14.140844207497848,-14.0,-14.0,-14.0,-14.0,-14.0,-14.0,-14.0,-14.0,-14.0,-14.0,-14.0,-14.0,-14.0,-14.0,-14.0,-14.0,-14.0,-14.0,-14.0,-14.0,-14.0,-14.0,-14.0,-14.0,-14.0,-14.0,-14.0,-14.0,-14.0,-14.0,-14.0,-14.0,-14.0,-14.0,-14.0,True,False,False,False,False,False,False
8100,0.145395613296594,-16.406573394519018,-16.1841790520903,-15.964518428686256,-15.747591524306888,-15.533398338952189,-15.321938872622168,-15.11321312531682,-14.907221097036148,-14.703962787780148,-14.503438197548824,-14.305647326342173,-14.110590174160192,-14.0,-14.0,-14.0,-14.0,-14.0,-14.0,-14.0,-14.0,-14.0,-14.0,-14.0,-14.0,-14.0,-14.0,-14.0,-14.0,-14.0,-14.0,-14.0,-14.0,-14.0,-14.0,-14.0,-14.0,-14.0,-14.0,-14.0,-14.0,-14.0,-14.0,-14.0,-14.0,-14.0,-14.0,-14.0,True,False,False,False,False,False,False
8150,0.145395613296594,-16.363884792082793,-16.142729349125712,-15.9242923963749,-15.708573933830356,-15.495573961492077,-15.285292479360072,-15.07772948743433,-14.872884985714864,-14.67075897420166,-14.47135145289473,-14.274662421794066,-14.080691880899666,-14.0,-14.0,-14.0,-14.0,-14.0,-14.0,-14.0,-14.0,-14.0,-14.0,-14.0,-14.0,-14.0,-14.0,-14.0,-14.0,-14.0,-14.0,-14.0,-14.0,-14.0,-14.0,-14.0,-14.0,-14.0,-14.0,-14.0,-14.0,-14.0,-14.0,-14.0,-14.0,-14.0,-14.0,-14.0,True,False,False,False,False,False,False
8200,0.145395613296594,-16.32169736371902,-16.101766112606473,-15.884538303671102,-15.670013936912904,-15.458193012331876,-15.249075529928028,-15.04266148970135,-14.838950891651852,-14.637943735779524,-14.439640022084374,-14.244039750566396,-14.051142921225589,-14.0,-14.0,-14.0,-14.0,-14.0,-14.0,-14.0,-14.0,-14.0,-14.0,-14.0,-14.0,-14.0,-14.0,-14.0,-14.0,-14.0,-14.0,-14.0,-14.0,-14.0,-14.0,-14.0,-14.0,-14.0,-14.0,-14.0,-14.0,-14.0,-14.0,-14.0,-14.0,-14.0,-14.0,-14.0,True,False,False,False,False,False,False
8250,0.145395613296594,-16.280002134275332,-16.061280631092664,-15.84524769960578,-15.631903339814675,-15.421247551719349,-15.213280335319809,-15.008001690616046,-14.805411617608069,-14.60551011629587,-14.408297186679457,-14.21377282875882,-14.021937042533963,-14.0,-14.0,-14.0,-14.0,-14.0,-14.0,-14.0,-14.0,-14.0,-14.0,-14.0,-14.0,-14.0,-14.0,-14.0,-14.0,-14.0,-14.0,-14.0,-14.0,-14.0,-14.0,-14.0,-14.0,-14.0,-14.0,-14.0,-14.0,-14.0,-14.0,-14.0,-14.0,-14.0,-14.0,-14.0,True,False,False,False,False,False,False
8300,0.145395613296594,-16.238790342903748,-16.021264401150408,-15.806412334994969,-15.594234144437428,-15.384729829477784,-15.177899390116046,-14.973742826352204,-14.772260138186267,-14.573451325618228,-14.377316388648092,-14.183855327275854,-14.0,-14.0,-14.0,-14.0,-14.0,-14.0,-14.0,-14.0,-14.0,-14.0,-14.0,-14.0,-14.0,-14.0,-14.0,-14.0,-14.0,-14.0,-14.0,-14.0,-14.0,-14.0,-14.0,-14.0,-14.0,-14.0,-14.0,-14.0,-14.0,-14.0,-14.0,-14.0,-14.0,-14.0,-14.0,-14.0,True,False,False,False,False,False,False
8350,0.145395613296594,-16.19805343668488,-15.98170912116346,-15.768024156436496,-15.556998542503992,-15.348632279365944,-15.142925367022357,-14.939877805473229,-14.739489594718563,-14.541760734758352,-14.346691225592604,-14.154281067221312,-14.0,-14.0,-14.0,-14.0,-14.0,-14.0,-14.0,-14.0,-14.0,-14.0,-14.0,-14.0,-14.0,-14.0,-14.0,-14.0,-14.0,-14.0,-14.0,-14.0,-14.0,-14.0,-14.0,-14.0,-14.0,-14.0,-14.0,-14.0,-14.0,-14.0,-14.0,-14.0,-14.0,-14.0,-14.0,-14.0,True,False,False,False,False,False,False
8400,0.145395613296594,-16.15778306447882,-15.942606685364831,-15.73007530052012,-15.52018890994469,-15.312947513638536,-15.108351111601667,-14.906399703834076,-14.70709329033577,-14.510431871106741,-14.316415446146998,-14.125044015456531,-14.0,-14.0,-14.0,-14.0,-14.0,-14.0,-14.0,-14.0,-14.0,-14.0,-14.0,-14.0,-14.0,-14.0,-14.0,-14.0,-14.0,-14.0,-14.0,-14.0,-14.0,-14.0,-14.0,-14.0,-14.0,-14.0,-14.0,-14.0,-14.0,-14.0,-14.0,-14.0,-14.0,-14.0,-14.0,-14.0,True,False,False,False,False,False,False
8450,0.145395613296594,-16.117971070993374,-15.90394917807936,-15.692558088242286,-15.483797801482153,-15.277668317798957,-15.074169637192709,-14.873301759663397,-14.67506468521103,-14.479458413835603,-14.28648294553712,-14.096138280315575,-14.0,-14.0,-14.0,-14.0,-14.0,-14.0,-14.0,-14.0,-14.0,-14.0,-14.0,-14.0,-14.0,-14.0,-14.0,-14.0,-14.0,-14.0,-14.0,-14.0,-14.0,-14.0,-14.0,-14.0,-14.0,-14.0,-14.0,-14.0,-14.0,-14.0,-14.0,-14.0,-14.0,-14.0,-14.0,-14.0,True,False,False,False,False,False,False
8500,0.145395613296594,-16.07860949106069,-15.865728868168567,-15.655465019617147,-15.447817945406426,-15.242787645536403,-15.040374120007087,-14.840577368818469,-14.643397391970556,-14.448834189463343,-14.256887761296834,-14.067558107471024,-14.0,-14.0,-14.0,-14.0,-14.0,-14.0,-14.0,-14.0,-14.0,-14.0,-14.0,-14.0,-14.0,-14.0,-14.0,-14.0,-14.0,-14.0,-14.0,-14.0,-14.0,-14.0,-14.0,-14.0,-14.0,-14.0,-14.0,-14.0,-14.0,-14.0,-14.0,-14.0,-14.0,-14.0,-14.0,-14.0,True,False,False,False,False,False,False
8550,0.145395613296594,-16.039690544113814,-15.827938203669548,-15.618788768475794,-15.412242238532551,-15.208298613839816,-15.006957894397596,-14.808220080205885,-14.61208517126469,-14.418553167574004,-14.227624069133832,-14.039297875944168,-14.0,-14.0,-14.0,-14.0,-14.0,-14.0,-14.0,-14.0,-14.0,-14.0,-14.0,-14.0,-14.0,-14.0,-14.0,-14.0,-14.0,-14.0,-14.0,-14.0,-14.0,-14.0,-14.0,-14.0,-14.0,-14.0,-14.0,-14.0,-14.0,-14.0,-14.0,-14.0,-14.0,-14.0,-14.0,-14.0,True,False,False,False,False,False,False
8600,0.145395613296594,-16.00120662885504,-15.790569806620036,-15.582522177446116,-15.377063741333279,-15.174194498281523,-14.973914448290854,-14.776223591361267,-14.581121927492767,-14.388609456685348,-14.198686178939015,-14.011352094253764,-14.0,-14.0,-14.0,-14.0,-14.0,-14.0,-14.0,-14.0,-14.0,-14.0,-14.0,-14.0,-14.0,-14.0,-14.0,-14.0,-14.0,-14.0,-14.0,-14.0,-14.0,-14.0,-14.0,-14.0,-14.0,-14.0,-14.0,-14.0,-14.0,-14.0,-14.0,-14.0,-14.0,-14.0,-14.0,-14.0,True,False,False,False,False,False,False
8650,0.145395613296594,-15.963150318108331,-15.753616468062122,-15.546658253105948,-15.342275673239806,-15.140468728463697,-14.941237418777625,-14.744581744181586,-14.550501704675584,-14.358997300259613,-14.170068530933682,-14.0,-14.0,-14.0,-14.0,-14.0,-14.0,-14.0,-14.0,-14.0,-14.0,-14.0,-14.0,-14.0,-14.0,-14.0,-14.0,-14.0,-14.0,-14.0,-14.0,-14.0,-14.0,-14.0,-14.0,-14.0,-14.0,-14.0,-14.0,-14.0,-14.0,-14.0,-14.0,-14.0,-14.0,-14.0,-14.0,-14.0,True,False,False,False,False,False,False
8700,0.145395613296594,-15.925514353848436,-15.717071143217481,-15.511190161302611,-15.307871408103829,-15.107114883621128,-14.908920587854517,-14.71328852080399,-14.520218682469554,-14.329711072851202,-14.141765691948939,-14.0,-14.0,-14.0,-14.0,-14.0,-14.0,-14.0,-14.0,-14.0,-14.0,-14.0,-14.0,-14.0,-14.0,-14.0,-14.0,-14.0,-14.0,-14.0,-14.0,-14.0,-14.0,-14.0,-14.0,-14.0,-14.0,-14.0,-14.0,-14.0,-14.0,-14.0,-14.0,-14.0,-14.0,-14.0,-14.0,-14.0,True,False,False,False,False,False,False
8750,0.145395613296594,-15.888291642399643,-15.680926946827247,-15.476111222632186,-15.27384446981446,-15.074126688374063,-14.876957878311009,-14.682338039625284,-14.4902671723169,-14.300745276385845,-14.11377235183213,-14.0,-14.0,-14.0,-14.0,-14.0,-14.0,-14.0,-14.0,-14.0,-14.0,-14.0,-14.0,-14.0,-14.0,-14.0,-14.0,-14.0,-14.0,-14.0,-14.0,-14.0,-14.0,-14.0,-14.0,-14.0,-14.0,-14.0,-14.0,-14.0,-14.0,-14.0,-14.0,-14.0,-14.0,-14.0,-14.0,-14.0,True,False,False,False,False,False,False
8800,0.145395613296594,-15.851475249797462,-15.645177148650037,-15.441414908072183,-15.240188528063898,-15.041498008625185,-14.845343349756048,-14.651724551456478,-14.460641613726485,-14.27209453656606,-14.086083319975211,-14.0,-14.0,-14.0,-14.0,-14.0,-14.0,-14.0,-14.0,-14.0,-14.0,-14.0,-14.0,-14.0,-14.0,-14.0,-14.0,-14.0,-14.0,-14.0,-14.0,-14.0,-14.0,-14.0,-14.0,-14.0,-14.0,-14.0,-14.0,-14.0,-14.0,-14.0,-14.0,-14.0,-14.0,-14.0,-14.0,-14.0,True,False,False,False,False,False,False
8850,0.145395613296594,-15.815058397306817,-15.609815169111867,-15.407094834761583,-15.206897394255966,-15.009222847595012,-14.81407119477873,-14.62144243580711,-14.43133657068016,-14.243753599397875,-14.058693521960258,-14.0,-14.0,-14.0,-14.0,-14.0,-14.0,-14.0,-14.0,-14.0,-14.0,-14.0,-14.0,-14.0,-14.0,-14.0,-14.0,-14.0,-14.0,-14.0,-14.0,-14.0,-14.0,-14.0,-14.0,-14.0,-14.0,-14.0,-14.0,-14.0,-14.0,-14.0,-14.0,-14.0,-14.0,-14.0,-14.0,-14.0,True,False,False,False,False,False,False
8900,0.145395613296594,-15.779034457090596,-15.574834575102038,-15.373144761922479,-15.173965017551918,-14.977295341990354,-14.783135735237796,-14.591486197294232,-14.402346728159673,-14.21571732783411,-14.03159799631755,-14.0,-14.0,-14.0,-14.0,-14.0,-14.0,-14.0,-14.0,-14.0,-14.0,-14.0,-14.0,-14.0,-14.0,-14.0,-14.0,-14.0,-14.0,-14.0,-14.0,-14.0,-14.0,-14.0,-14.0,-14.0,-14.0,-14.0,-14.0,-14.0,-14.0,-14.0,-14.0,-14.0,-14.0,-14.0,-14.0,-14.0,True,False,False,False,False,False,False
8950,0.145395613296594,-15.743396948022726,-15.54022907590926,-15.339558586917747,-15.141385481048186,-14.945709758300573,-14.752531418674916,-14.56185046217121,-14.37366688878946,-14.187980698529657,-14.004791891391811,-14.0,-14.0,-14.0,-14.0,-14.0,-14.0,-14.0,-14.0,-14.0,-14.0,-14.0,-14.0,-14.0,-14.0,-14.0,-14.0,-14.0,-14.0,-14.0,-14.0,-14.0,-14.0,-14.0,-14.0,-14.0,-14.0,-14.0,-14.0,-14.0,-14.0,-14.0,-14.0,-14.0,-14.0,-14.0,-14.0,-14.0,True,False,False,False,False,False,False
9000,0.145395613296594,-15.708139531640134,-15.505992519292626,-15.306330341439557,-15.10915299808093,-14.91446048921674,-14.722252814846996,-14.53252997497169,-14.345291969590829,-14.160538798704405,-14.0,-14.0,-14.0,-14.0,-14.0,-14.0,-14.0,-14.0,-14.0,-14.0,-14.0,-14.0,-14.0,-14.0,-14.0,-14.0,-14.0,-14.0,-14.0,-14.0,-14.0,-14.0,-14.0,-14.0,-14.0,-14.0,-14.0,-14.0,-14.0,-14.0,-14.0,-14.0,-14.0,-14.0,-14.0,-14.0,-14.0,-14.0,True,False,False,False,False,False,False
9050,0.145395613296594,-15.6732560082283,-15.472118887682203,-15.273454187823612,-15.077261908652527,-14.883542050168943,-14.692294612372871,-14.5035195952643,-14.317216998843241,-14.133386823109683,-14.0,-14.0,-14.0,-14.0,-14.0,-14.0,-14.0,-14.0,-14.0,-14.0,-14.0,-14.0,-14.0,-14.0,-14.0,-14.0,-14.0,-14.0,-14.0,-14.0,-14.0,-14.0,-14.0,-14.0,-14.0,-14.0,-14.0,-14.0,-14.0,-14.0,-14.0,-14.0,-14.0,-14.0,-14.0,-14.0,-14.0,-14.0,True,False,False,False,False,False,False
9100,0.145395613296594,-15.63874031303522,-15.438602294504307,-15.240924415484336,-15.045706675975305,-14.852949075977211,-14.662651615490061,-14.47481429451385,-14.289437113048583,-14.106520071094254,-14.0,-14.0,-14.0,-14.0,-14.0,-14.0,-14.0,-14.0,-14.0,-14.0,-14.0,-14.0,-14.0,-14.0,-14.0,-14.0,-14.0,-14.0,-14.0,-14.0,-14.0,-14.0,-14.0,-14.0,-14.0,-14.0,-14.0,-14.0,-14.0,-14.0,-14.0,-14.0,-14.0,-14.0,-14.0,-14.0,-14.0,-14.0,True,False,False,False,False,False,False
9150,0.145395613296594,-15.604586512608916,-15.405436980626662,-15.208735437466377,-15.014481883128061,-14.822676317611712,-14.633318740917337,-14.446409153044929,-14.261947553994494,-14.079933943766026,-14.0,-14.0,-14.0,-14.0,-14.0,-14.0,-14.0,-14.0,-14.0,-14.0,-14.0,-14.0,-14.0,-14.0,-14.0,-14.0,-14.0,-14.0,-14.0,-14.0,-14.0,-14.0,-14.0,-14.0,-14.0,-14.0,-14.0,-14.0,-14.0,-14.0,-14.0,-14.0,-14.0,-14.0,-14.0,-14.0,-14.0,-14.0,True,False,False,False,False,False,False
9200,0.145395613296594,-15.57078880125383,-15.37261731091895,-15.176881787108037,-14.983582229821096,-14.792718639058117,-14.604291014819115,-14.418299357104077,-14.234743665913012,-14.053623941245913,-14.0,-14.0,-14.0,-14.0,-14.0,-14.0,-14.0,-14.0,-14.0,-14.0,-14.0,-14.0,-14.0,-14.0,-14.0,-14.0,-14.0,-14.0,-14.0,-14.0,-14.0,-14.0,-14.0,-14.0,-14.0,-14.0,-14.0,-14.0,-14.0,-14.0,-14.0,-14.0,-14.0,-14.0,-14.0,-14.0,-14.0,-14.0,True,False,False,False,False,False,False
9250,0.145395613296594,-15.53734149760156,-15.340137770924368,-15.145358114812401,-14.953002529265659,-14.76307101428414,-14.57556356986785,-14.39048019601678,-14.207820892730942,-14.027585660010324,-14.0,-14.0,-14.0,-14.0,-14.0,-14.0,-14.0,-14.0,-14.0,-14.0,-14.0,-14.0,-14.0,-14.0,-14.0,-14.0,-14.0,-14.0,-14.0,-14.0,-14.0,-14.0,-14.0,-14.0,-14.0,-14.0,-14.0,-14.0,-14.0,-14.0,-14.0,-14.0,-14.0,-14.0,-14.0,-14.0,-14.0,-14.0,True,False,False,False,False,False,False
9300,0.145395613296594,-15.504239041291715,-15.307992963638043,-15.114159184922107,-14.922737705143907,-14.73372852430344,-14.547131642400718,-14.362947059435728,-14.181174775408477,-14.001814790318962,-14.0,-14.0,-14.0,-14.0,-14.0,-14.0,-14.0,-14.0,-14.0,-14.0,-14.0,-14.0,-14.0,-14.0,-14.0,-14.0,-14.0,-14.0,-14.0,-14.0,-14.0,-14.0,-14.0,-14.0,-14.0,-14.0,-14.0,-14.0,-14.0,-14.0,-14.0,-14.0,-14.0,-14.0,-14.0,-14.0,-14.0,-14.0,True,False,False,False,False,False,False
9350,0.145395613296594,-15.471475989758739,-15.276177606388304,-15.083279872693923,-14.892782788675598,-14.704686354333322,-14.518990569667107,-14.335695434676943,-14.154800949362835,-14.0,-14.0,-14.0,-14.0,-14.0,-14.0,-14.0,-14.0,-14.0,-14.0,-14.0,-14.0,-14.0,-14.0,-14.0,-14.0,-14.0,-14.0,-14.0,-14.0,-14.0,-14.0,-14.0,-14.0,-14.0,-14.0,-14.0,-14.0,-14.0,-14.0,-14.0,-14.0,-14.0,-14.0,-14.0,-14.0,-14.0,-14.0,-14.0,True,False,False,False,False,False,False
9400,0.145395613296594,-15.439047015120792,-15.24468652781703,-15.052715161369422,-14.863132915777967,-14.675939791042664,-14.49113578716352,-14.308720904140529,-14.128695141973694,-14.0,-14.0,-14.0,-14.0,-14.0,-14.0,-14.0,-14.0,-14.0,-14.0,-14.0,-14.0,-14.0,-14.0,-14.0,-14.0,-14.0,-14.0,-14.0,-14.0,-14.0,-14.0,-14.0,-14.0,-14.0,-14.0,-14.0,-14.0,-14.0,-14.0,-14.0,-14.0,-14.0,-14.0,-14.0,-14.0,-14.0,-14.0,-14.0,True,False,False,False,False,False,False
9450,0.145395613296594,-15.406946901166911,-15.213514664955362,-15.022460139338165,-14.833783324315318,-14.647484219886822,-14.463562826052682,-14.28201914281289,-14.102853170167457,-14.0,-14.0,-14.0,-14.0,-14.0,-14.0,-14.0,-14.0,-14.0,-14.0,-14.0,-14.0,-14.0,-14.0,-14.0,-14.0,-14.0,-14.0,-14.0,-14.0,-14.0,-14.0,-14.0,-14.0,-14.0,-14.0,-14.0,-14.0,-14.0,-14.0,-14.0,-14.0,-14.0,-14.0,-14.0,-14.0,-14.0,-14.0,-14.0,True,False,False,False,False,False,False
9500,0.145395613296594,-15.375170540438853,-15.182657060391339,-14.992509997390071,-14.80472935143505,-14.619315122526272,-14.436267310663744,-14.25558591584746,-14.077270938077426,-14.0,-14.0,-14.0,-14.0,-14.0,-14.0,-14.0,-14.0,-14.0,-14.0,-14.0,-14.0,-14.0,-14.0,-14.0,-14.0,-14.0,-14.0,-14.0,-14.0,-14.0,-14.0,-14.0,-14.0,-14.0,-14.0,-14.0,-14.0,-14.0,-14.0,-14.0,-14.0,-14.0,-14.0,-14.0,-14.0,-14.0,-14.0,-14.0,True,False,False,False,False,False,False
9550,0.145395613296594,-15.343712931404157,-15.15210885952606,-14.96286002605366,-14.775966430986957,-14.59142807432595,-14.409244956070646,-14.229417076221038,-14.051944434777132,-14.0,-14.0,-14.0,-14.0,-14.0,-14.0,-14.0,-14.0,-14.0,-14.0,-14.0,-14.0,-14.0,-14.0,-14.0,-14.0,-14.0,-14.0,-14.0,-14.0,-14.0,-14.0,-14.0,-14.0,-14.0,-14.0,-14.0,-14.0,-14.0,-14.0,-14.0,-14.0,-14.0,-14.0,-14.0,-14.0,-14.0,-14.0,-14.0,True,False,False,False,False,False,False
9600,0.145395613296594,-15.312569175717108,-15.121865307915158,-14.933505613017049,-14.74749009102278,-14.563818741932351,-14.382491565745768,-14.203508562463023,-14.026869732084124,-14.0,-14.0,-14.0,-14.0,-14.0,-14.0,-14.0,-14.0,-14.0,-14.0,-14.0,-14.0,-14.0,-14.0,-14.0,-14.0,-14.0,-14.0,-14.0,-14.0,-14.0,-14.0,-14.0,-14.0,-14.0,-14.0,-14.0,-14.0,-14.0,-14.0,-14.0,-14.0,-14.0,-14.0,-14.0,-14.0,-14.0,-14.0,-14.0,True,False,False,False,False,False,False
9650,0.145395613296594,-15.281734475564441,-15.09192174869254,-14.904442240628764,-14.71929595137311,-14.536482880925579,-14.356003029286175,-14.17785639645489,-14.002042982431734,-14.0,-14.0,-14.0,-14.0,-14.0,-14.0,-14.0,-14.0,-14.0,-14.0,-14.0,-14.0,-14.0,-14.0,-14.0,-14.0,-14.0,-14.0,-14.0,-14.0,-14.0,-14.0,-14.0,-14.0,-14.0,-14.0,-14.0,-14.0,-14.0,-14.0,-14.0,-14.0,-14.0,-14.0,-14.0,-14.0,-14.0,-14.0,-14.0,True,False,False,False,False,False,False
9700,0.145395613296594,-15.251204131092711,-15.062273620073388,-14.875665483475437,-14.691379721298862,-14.509416333543658,-14.329775320209833,-14.152456681297382,-14.0,-14.0,-14.0,-14.0,-14.0,-14.0,-14.0,-14.0,-14.0,-14.0,-14.0,-14.0,-14.0,-14.0,-14.0,-14.0,-14.0,-14.0,-14.0,-14.0,-14.0,-14.0,-14.0,-14.0,-14.0,-14.0,-14.0,-14.0,-14.0,-14.0,-14.0,-14.0,-14.0,-14.0,-14.0,-14.0,-14.0,-14.0,-14.0,-14.0,True,False,False,False,False,False,False
9750,0.145395613296594,-15.220973537914446,-15.0329164529336,-14.847171006033662,-14.663737197214633,-14.48261502647651,-14.3038044938193,-14.127305599242995,-14.0,-14.0,-14.0,-14.0,-14.0,-14.0,-14.0,-14.0,-14.0,-14.0,-14.0,-14.0,-14.0,-14.0,-14.0,-14.0,-14.0,-14.0,-14.0,-14.0,-14.0,-14.0,-14.0,-14.0,-14.0,-14.0,-14.0,-14.0,-14.0,-14.0,-14.0,-14.0,-14.0,-14.0,-14.0,-14.0,-14.0,-14.0,-14.0,-14.0,True,False,False,False,False,False,False
9800,0.145395613296594,-15.191038184690244,-15.003845868462994,-14.818954560393394,-14.636364260481438,-14.45607496872713,-14.278086685130473,-14.102399409691461,-14.0,-14.0,-14.0,-14.0,-14.0,-14.0,-14.0,-14.0,-14.0,-14.0,-14.0,-14.0,-14.0,-14.0,-14.0,-14.0,-14.0,-14.0,-14.0,-14.0,-14.0,-14.0,-14.0,-14.0,-14.0,-14.0,-14.0,-14.0,-14.0,-14.0,-14.0,-14.0,-14.0,-14.0,-14.0,-14.0,-14.0,-14.0,-14.0,-14.0,True,False,False,False,False,False,False
9850,0.145395613296594,-15.161393650784145,-14.975057575889588,-14.791011984050309,-14.609256875266304,-14.429792249537574,-14.252618106864123,-14.077734447245948,-14.0,-14.0,-14.0,-14.0,-14.0,-14.0,-14.0,-14.0,-14.0,-14.0,-14.0,-14.0,-14.0,-14.0,-14.0,-14.0,-14.0,-14.0,-14.0,-14.0,-14.0,-14.0,-14.0,-14.0,-14.0,-14.0,-14.0,-14.0,-14.0,-14.0,-14.0,-14.0,-14.0,-14.0,-14.0,-14.0,-14.0,-14.0,-14.0,-14.0,True,False,False,False,False,False,False
9900,0.145395613296594,-15.132035603989689,-14.946547370272508,-14.763339197764747,-14.582411086466402,-14.403763036377475,-14.227395047497968,-14.053307119827878,-14.0,-14.0,-14.0,-14.0,-14.0,-14.0,-14.0,-14.0,-14.0,-14.0,-14.0,-14.0,-14.0,-14.0,-14.0,-14.0,-14.0,-14.0,-14.0,-14.0,-14.0,-14.0,-14.0,-14.0,-14.0,-14.0,-14.0,-14.0,-14.0,-14.0,-14.0,-14.0,-14.0,-14.0,-14.0,-14.0,-14.0,-14.0,-14.0,-14.0,True,False,False,False,False,False,False
9950,0.145395613296594,-15.102959798324196,-14.918311130361113,-14.73593220348487,-14.555823017695468,-14.377983572992903,-14.202413869377184,-14.029113906848302,-14.0,-14.0,-14.0,-14.0,-14.0,-14.0,-14.0,-14.0,-14.0,-14.0,-14.0,-14.0,-14.0,-14.0,-14.0,-14.0,-14.0,-14.0,-14.0,-14.0,-14.0,-14.0,-14.0,-14.0,-14.0,-14.0,-14.0,-14.0,-14.0,-14.0,-14.0,-14.0,-14.0,-14.0,-14.0,-14.0,-14.0,-14.0,-14.0,-14.0,True,False,False,False,False,False,False
10000,0.145395613296594,-15.074162071888868,-14.890344816517997,-14.708787082331805,-14.529488869330294,-14.35245017751346,-14.17767100688131,-14.005151357433839,-14.0,-14.0,-14.0,-14.0,-14.0,-14.0,-14.0,-14.0,-14.0,-14.0,-14.0,-14.0,-14.0,-14.0,-14.0,-14.0,-14.0,-14.0,-14.0,-14.0,-14.0,-14.0,-14.0,-14.0,-14.0,-14.0,-14.0,-14.0,-14.0,-14.0,-14.0,-14.0,-14.0,-14.0,-14.0,-14.0,-14.0,-14.0,-14.0,-14.0,True,False,False,False,False,False,False
1000,0.145395613296594,-70.0,-70.0,-70.0,-70.0,-70.0,-70.0,-69.13298089651299,-67.11535545253999,-65.12450590425034,-63.16043225164414,-61.22313449472131,-59.31261263348185,-57.428866667925824,-55.571896598053165,-53.741702423863956,-51.938284145358104,-50.16164176253562,-48.41177527539659,-46.68868468394099,-44.99236998816877,-43.3228311880799,-41.68006828367449,-40.064081274952436,-38.47487016191375,-36.91243494455851,-35.37677562288671,-33.867892196898275,-32.38578466659321,-30.93045303197158,-29.50189729303333,-28.100117449778445,-26.725113502206995,-25.37688545031898,-24.055433294114348,-22.760757033593084,-21.492856668755245,-20.251732199600788,-19.037383626129774,-17.84981094834212,-16.689014166237826,-15.554993279816975,-14.447748289079508,-14.0,-14.0,-14.0,-14.0,-14.0,False,False,True,False,False,False,False
1050,0.145395613296594,-70.0,-70.0,-70.0,-70.0,-68.81921914769187,-66.89050383859235,-64.9867226969017,-63.10787572261995,-61.25396291574706,-59.424984276283084,-57.62093980422796,-55.841829499581685,-54.087653362344334,-52.358411392515826,-50.65410359009624,-48.9747299550855,-47.32029048748362,-45.69078518729066,-44.08621405450661,-42.50657708913141,-40.95187429116506,-39.422105660607635,-37.917271197459065,-36.43737090171934,-34.98240477338853,-33.55237281246664,-32.1472750189536,-30.767111392849415,-29.411881934154145,-28.081586642867723,-26.776225518990156,-25.495798562521504,-24.240305773461774,-23.0097471518109,-21.804122697568875,-20.62343241073575,-19.467676291311506,-18.336854339296167,-17.23096655468967,-16.15001293749203,-15.093993487703294,-14.062908205323428,-14.0,-14.0,-14.0,-14.0,-14.0,False,False,True,False,False,False,False
1100,0.145395613296594,-70.0,-70.0,-68.73699003396308,-66.88268106520093,-65.05174015085335,-63.244167290920416,-61.45996248540206,-59.69912573429834,-57.9616570376092,-56.2475563953347,-54.55682380747477,-52.88945927402943,-51.24546279499871,-49.62483437038257,-48.02757400018108,-46.453681684394155,-44.90315742302181,-43.37600121606411,-41.872213063521045,-40.391792965392554,-38.93474092167864,-37.50105693237936,-36.09074099749466,-34.703793117024546,-33.340213290969054,-32.000001519328215,-30.68315780210194,-29.38968213929025,-28.119574530893193,-26.872834976910717,-25.649463477342817,-24.449460032189553,-23.272824641450924,-22.11955730512688,-20.98965802321741,-19.883126795722568,-18.79996362264232,-17.740168503976705,-16.703741439725665,-15.690682429889188,-14.700991474467356,-14.0,-14.0,-14.0,-14.0,-14.0,-14.0,False,False,True,False,False,False,False
1150,0.145395613296594,-68.82359529858466,-67.03275573273774,-65.26392955148427,-63.51711675482427,-61.79231734275771,-60.08953131528466,-58.40875867240505,-56.74999941411894,-55.11325354042627,-53.4985210513271,-51.90580194682138,-50.33509622690909,-48.786403891590304,-47.259724940864956,-45.755059374733115,-44.27240719319471,-42.81176839624975,-41.37314298389828,-39.95653095614032,-38.561932312975806,-37.18934705440473,-35.83877518042715,-34.51021669104301,-33.20367158625232,-31.919139866055122,-30.656621530451424,-29.416116579441166,-28.197625013024357,-27.001146831201048,-25.826682033971174,-24.674230621334747,-23.543792593291812,-22.43536794984239,-21.3489566909864,-20.28455881672386,-19.24217432705481,-18.221803221979204,-17.223445501497107,-16.24710116560844,-15.292770214313215,-14.360452647611487,-14.0,-14.0,-14.0,-14.0,-14.0,-14.0,False,False,True,False,False,False,False
1200,0.145395613296594,-65.586247962607,-63.8920295485499,-62.21863683113543,-60.5660698103636,-58.93432848623439,-57.323412858747865,-55.73332292790396,-54.164058693702735,-52.615620156144125,-51.08800731522819,-49.58122017095488,-48.09525872332418,-46.63012297233616,-45.185812917990766,-43.76232856028804,-42.35966989922794,-40.977836934810455,-39.616829667035645,-38.27664809590352,-36.95729222141401,-35.658762043567116,-34.3810575623629,-33.124178777801305,-31.88812568988233,-30.67289829860603,-29.478496603972406,-28.304920605981398,-27.152170304633014,-26.020245699927305,-24.90914679186422,-23.818873580443753,-22.749426065665958,-21.70080424753084,-20.673008126038347,-19.666037701188475,-18.679892972981264,-17.71457394141669,-16.770080606494787,-15.846412968215503,-14.943571026578834,-14.061554781584839,-14.0,-14.0,-14.0,-14.0,-14.0,-14.0,False,False,True,False,False,False,False
1250,0.145395613296594,-62.71660942543421,-61.108032821318446,-59.51922918632273,-57.95019852044706,-56.400940823691414,-54.87145609605586,-53.36174433754032,-51.87180554814487,-50.401639727869444,-48.951246876714094,-47.52062699467877,-46.10978008176348,-44.71870613796826,-43.34740516329307,-41.99587715773796,-40.66412212130287,-39.35214005398781,-38.05993095579283,-36.787494826717925,-35.53483166676305,-34.301941475928196,-33.08882425421343,-31.895480001618683,-30.721908718143965,-29.568110403789323,-28.43408505855476,-27.31983268244022,-26.225353275445716,-25.150646837571287,-24.095713368816874,-23.0605528691825,-22.045165338668202,-21.04955077727398,-20.07370918499979,-19.117640561845622,-18.18134490781152,-17.264822222897465,-16.368072507103484,-15.491095760429523,-14.63389198287559,-14.0,-14.0,-14.0,-14.0,-14.0,-14.0,-14.0,False,False,True,False,False,False,False
1300,0.145395613296594,-60.149933231512854,-58.617955513307365,-57.10480919426382,-55.61049427438223,-54.13501075366258,-52.6783586321049,-51.240537909709154,-49.821548586475394,-48.42139066240355,-47.0400641374937,-45.677569011745774,-44.33390528515978,-43.00907295773576,-41.703072029473674,-40.41590250037357,-39.14756437043539,-37.89805763965914,-36.66738230804487,-35.45553837559259,-34.26252584230223,-33.0883447081738,-31.93299497320735,-30.79647663740283,-29.67878970076024,-28.579934163279628,-27.499910024961004,-26.438717285804298,-25.396355945809532,-24.37282600497674,-23.368127463305875,-22.38226032079695,-21.41522457744999,-20.46702023326502,-19.53764728824198,-18.62710574238087,-17.735395595681727,-16.862516848144534,-16.008469499769312,-15.173253550556014,-14.356869000504648,-14.0,-14.0,-14.0,-14.0,-14.0,-14.0,-14.0,False,False,True,False,False,False,False
1350,0.145395613296594,-57.83679173302819,-56.373847578667764,-54.92888624807495,-53.50190774124975,-52.092912058192155,-50.701899198902204,-49.32886916337984,-47.97382195162513,-46.636757563638014,-45.31767599941854,-44.01657725896666,-42.73346134228238,-41.46832824936575,-40.2211779802167,-38.99201053483531,-37.7808259132215,-36.58762411537529,-35.41240514129673,-34.255168990985815,-33.11591566444249,-31.99464516166676,-30.891357482658677,-29.806052627418186,-28.738730595945295,-27.689391388240047,-26.65803500430244,-25.644661444132424,-24.649270707730015,-23.671862795095244,-22.71243770622807,-21.77099544112849,-20.847535999796552,-19.942059382232262,-19.05456558843557,-18.185054618406475,-17.33352647214501,-16.49998114965116,-15.684418650924943,-14.886838975966315,-14.107242124775293,-14.0,-14.0,-14.0,-14.0,-14.0,-14.0,-14.0,False,False,True,False,False,False,False
1400,0.145395613296594,-55.73861509997332,-54.338291716926115,-52.95518140967538,-51.589284178221114,-50.2406000225633,-48.90912894270199,-47.59487093863713,-46.297826010368766,-45.01799415789685,-43.75537538122144,-42.50996968034247,-41.281777055259965,-40.07079750597394,-38.87703103248438,-37.70047763479132,-36.5411373128947,-35.39901006679453,-34.27409589649087,-33.1663948019837,-32.075906783272984,-31.002631840358713,-29.946569973240944,-28.907721181919626,-27.88608546639476,-26.88166282666639,-25.89445326273452,-24.92445677459909,-23.971673362260127,-23.03610302571765,-22.11774576497163,-21.216601580022058,-20.332670470868983,-19.465952437512406,-18.616447479952285,-17.784155598188615,-16.969076792221433,-16.17121106205071,-15.390558407676487,-14.62711882909871,-14.0,-14.0,-14.0,-14.0,-14.0,-14.0,-14.0,-14.0,False,False,True,False,False,False,False
1450,0.145395613296594,-53.82474132567348,-52.48154179485336,-51.15485316116863,-49.844675424619304,-48.55100858520536,-47.273852642926855,-46.013207597783726,-44.76907344977603,-43.54145019890372,-42.33033784516683,-41.13573638856533,-39.95764582909921,-38.79606616676852,-37.65099740157321,-36.52243953351333,-35.41039256258883,-34.31485648879971,-33.235831312146026,-32.17331703262777,-31.127313650244897,-30.097821164997402,-29.08483957688534,-28.08836888590866,-27.108409092067365,-26.144960195361495,-25.19802219579105,-24.26759509335599,-23.353678888056322,-22.456273579892073,-21.575379168863208,-20.71099565496973,-19.86312303821167,-19.031761318589048,-18.21691049610181,-17.418570570749953,-16.636741542533514,-15.871423411452472,-15.122616177506854,-14.390319840696618,-14.0,-14.0,-14.0,-14.0,-14.0,-14.0,-14.0,-14.0,False,False,True,False,False,False,False
1500,0.145395613296594,-52.070403583808286,-50.77957050643144,-49.50460462649661,-48.24550594400379,-47.00227445895296,-45.77491017134418,-44.563413081177394,-43.36778318845265,-42.188020493169894,-41.02412499532919,-39.87609669493047,-38.74393559197375,-37.62764168645907,-36.52721497838638,-35.44265546775574,-34.37396315456709,-33.321138038820436,-32.28418012051582,-31.263089399653246,-30.257865876232668,-29.26850955025408,-28.29502042171754,-27.33739849062299,-26.395643756970436,-25.469756220759923,-24.55973588199145,-23.665582740664966,-22.78729679678048,-21.924878050338037,-21.078326501337592,-20.24764214977914,-19.432824995662727,-18.633875038988347,-17.850792279755975,-17.08357671796559,-16.33222835361724,-15.596747186710898,-14.877133217246598,-14.173386445224283,-14.0,-14.0,-14.0,-14.0,-14.0,-14.0,-14.0,-14.0,False,False,True,False,False,False,False
1550,0.145395613296594,-50.45531942125168,-49.21270082214698,-47.98535675776149,-46.77328722809523,-45.576492233148166,-44.39497177292036,-43.22872584741175,-42.0777544566224,-40.942057600552246,-39.82163527920134,-38.71648749256964,-37.62661424065715,-36.55201552346389,-35.49269134098985,-34.448641693235054,-33.41986658019946,-32.40636600188307,-31.40813995828593,-30.425188449408036,-29.457511475249344,-28.50510903580986,-27.56798113108962,-26.646127761088586,-25.73954892580676,-24.848244625244174,-23.97221485940084,-23.1114596282767,-22.26597893187178,-21.435772770186098,-20.620841143219618,-19.821184050972352,-19.036801493444322,-18.267693470635546,-17.513859982545974,-16.775301029175612,-16.05201661052448,-15.344006726592568,-14.651271377379903,-14.0,-14.0,-14.0,-14.0,-14.0,-14.0,-14.0,-14.0,-14.0,False,False,True,False,False,False,False
1600,0.145395613296594,-48.96267814881194,-47.76462369887156,-46.58129599155704,-45.41269502686839,-44.258820804805595,-43.119673325368694,-41.99525258855764,-40.88555859437249,-39.79059134281319,-38.71035083387978,-37.64483706757222,-36.59405004389051,-35.5579897628347,-34.536656224404744,-33.53004942860067,-32.538169375422456,-31.561016064870092,-30.59858949694362,-29.650889671643046,-28.717916588968322,-27.799670248919448,-26.896150651496466,-26.00735779669934,-25.133291684528064,-24.27395231498268,-23.42933968806319,-22.599453803769546,-21.784294662101765,-20.983862263059873,-20.19815660664383,-19.42717769285364,-18.670925521689345,-17.929400093150942,-17.202601407238394,-16.490529463951695,-15.793184263290879,-15.110565805255934,-14.442674089846877,-14.0,-14.0,-14.0,-14.0,-14.0,-14.0,-14.0,-14.0,-14.0,False,False,True,False,False,False,False
1650,0.145395613296594,-47.57839875379883,-46.42167820394166,-45.27917631153252,-44.15089307657142,-43.036828499058345,-41.93698257899333,-40.85135531637634,-39.779946711207415,-38.72275676348651,-37.67978547321366,-36.651032840388844,-35.63649886501204,-34.6361835470833,-33.65008688660259,-32.67820888356993,-31.720549537985292,-30.77710884984868,-29.84788681916013,-28.93288344591964,-28.03209873012717,-27.14553267178273,-26.273185270886344,-25.41505652743798,-24.57114644143764,-23.741455012885364,-22.925982241781146,-22.124728128124946,-21.337692671916777,-20.564875873156666,-19.806277731844574,-19.061898247980505,-18.331737421564494,-17.615795252596556,-16.914071741076633,-16.226566887004733,-15.553280690380884,-14.894213151205076,-14.249364269477317,-14.0,-14.0,-14.0,-14.0,-14.0,-14.0,-14.0,-14.0,-14.0,False,False,True,False,False,False,False
1700,0.145395613296594,-46.29057595184401,-45.17231414149615,-44.06779824550983,-42.97702826388503,-41.90000419662175,-40.83672604372002,-39.78719380517981,-38.75140748100116,-37.729367071184015,-36.72107257572843,-35.72652399463435,-34.74572132790179,-33.77866457553078,-32.82535373752129,-31.885788813873354,-30.95996980458693,-30.04789670966202,-29.149569529098663,-28.264988262896864,-27.394152911056572,-26.537063473577803,-25.69371995046058,-24.864122341704874,-24.048270647310684,-23.246164867278047,-22.457805001606964,-21.68319105029739,-20.922323013349338,-20.17520089076283,-19.441824682537845,-18.722194388674374,-18.016310009172454,-17.32417154403209,-16.645778993253238,-15.9811323568359,-15.33023163478011,-14.69307682708585,-14.069667933753136,-14.0,-14.0,-14.0,-14.0,-14.0,-14.0,-14.0,-14.0,-14.0,False,False,True,False,False,False,False
1750,0.145395613296594,-45.08905984374037,-44.00668428196475,-42.9376135130753,-41.881847537072,-40.83938635395485,-39.810229963723884,-38.794378366379064,-37.791831561920425,-36.80258955034793,-35.82665233166162,-34.864019905861454,-33.914692272947434,-32.9786694329196,-32.05595138577791,-31.146538131522398,-30.250429670153032,-29.367626001669812,-28.498127126072774,-27.641933043361924,-26.799043753537212,-25.969459256598647,-25.153179552546266,-24.35020464138003,-23.56053452309994,-22.784169197706028,-22.0211086651983,-21.271352925576718,-20.534901978841283,-19.81175582499203,-19.10191446402892,-18.405377895951958,-17.722146120761174,-17.052219138456575,-16.395596949038126,-15.752279552505813,-15.122266948859682,-14.505559138099704,-14.0,-14.0,-14.0,-14.0,-14.0,-14.0,-14.0,-14.0,-14.0,-14.0,False,False,True,False,False,False,False
1800,0.145395613296594,-43.96513224115792,-42.91633036578923,-41.880420588342176,-40.85740290881676,-39.847277327212964,-38.85004384353083,-37.86570245777031,-36.89425316993146,-35.93569598001422,-34.990030888018644,-34.05725789394469,-33.13737699779235,-32.23038819956168,-31.33629149925262,-30.45508689686522,-29.58677439239944,-28.731353985855286,-27.888825677232788,-27.059189466531947,-26.242445353752725,-25.438593338895124,-24.64763342195918,-23.869565602944864,-23.104389881852164,-22.352106258681122,-21.612714733431734,-20.886215306103967,-20.17260797669783,-19.471892745213342,-18.784069611650477,-18.109138576009233,-17.447099638289647,-16.79795279849172,-16.161698056615414,-15.53833541266073,-14.927864866627695,-14.330286418516291,-14.0,-14.0,-14.0,-14.0,-14.0,-14.0,-14.0,-14.0,-14.0,-14.0,False,False,True,False,False,False,False
1850,0.145395613296594,-42.91125412311177,-41.893938108616936,-40.8891271610791,-39.89682128049827,-38.91702046687443,-37.94972472020762,-36.994934040497796,-36.052648427745,-35.12286788194918,-34.2055924031104,-33.3008219912286,-32.40855664630379,-31.528796368336003,-30.66154115732521,-29.806791013271436,-28.96454593617465,-28.134805926034854,-27.317570982852082,-26.512841106626336,-25.720616297357573,-24.940896555045803,-24.17368187969106,-23.4189722712933,-22.676767729852532,-21.947068255368787,-21.229873847842065,-20.52518450727233,-19.833000233659583,-19.153321027003862,-18.486146887305132,-17.831477814563392,-17.18931380877867,-16.559654869950975,-15.942500998080268,-15.337852193166556,-14.745708455209853,-14.166069784210155,-14.0,-14.0,-14.0,-14.0,-14.0,-14.0,-14.0,-14.0,-14.0,-14.0,False,False,True,False,False,False,False
1900,0.145395613296594,-41.9208662334959,-40.93314375728447,-39.957562577901136,-38.9941226953459,-38.04282410961875,-37.103666820719724,-36.17665082864878,-35.26177613340596,-34.35904273499122,-33.46845063340461,-32.58999982864608,-31.72369032071563,-30.869522109613303,-30.027495195339064,-29.197609577892944,-28.379865257274904,-27.574262233484955,-26.780800506523125,-25.999480076389414,-25.23030094308379,-24.47326310660625,-23.728366566956826,-22.995611324135496,-22.274997378142245,-21.566524728977114,-20.870193376640103,-20.186003321131178,-19.513954562450337,-18.85404710059762,-18.206280935572984,-17.570656067376436,-16.947172496008005,-16.335830221467695,-15.73662924375547,-15.149569562871333,-14.574651178815309,-14.011874091587378,-14.0,-14.0,-14.0,-14.0,-14.0,-14.0,-14.0,-14.0,-14.0,-14.0,False,False,True,False,False,False,False
1950,0.145395613296594,-40.98822993099047,-40.02837969396666,-39.080328142220246,-38.14407527575123,-37.219621094559585,-36.30696559864536,-35.406108788008524,-34.5170506626491,-33.639791222567055,-32.774330467762425,-31.920668398235172,-31.078805013985303,-30.24874031501285,-29.430474301317776,-28.624006972900116,-27.829338329759835,-27.04646837189694,-26.27539709931146,-25.51612451200339,-24.768650609972703,-24.032975393219395,-23.309098861743504,-22.597021015544993,-21.896741854623865,-21.20826137898015,-20.531579588613848,-19.866696483524926,-19.213612063713388,-18.572326329179262,-17.94283927992252,-17.32515091594316,-16.71926123724121,-16.125170243816672,-15.542877935669523,-14.97238431279975,-14.41368937520739,-14.0,-14.0,-14.0,-14.0,-14.0,-14.0,-14.0,-14.0,-14.0,-14.0,-14.0,False,False,True,False,False,False,False
2000,0.145395613296594,-40.108298913751234,-39.174749991719764,-38.25267645355261,-37.34207829924976,-36.44295552881122,-35.55530814223701,-34.6791361395271,-33.81443952068153,-32.961218285700255,-32.119472434583315,-31.28920196733067,-30.470406883942328,-29.66308718441832,-28.86724286875861,-28.08287393696323,-27.309980389032155,-26.548562224965377,-25.798619444762934,-25.060152048424822,-24.333160035951007,-23.617643407341497,-22.913602162596316,-22.221036301715436,-21.539945824698858,-20.870330731546613,-20.212191022258697,-19.565526696835082,-18.93033775527577,-18.306624197580785,-17.694386023750106,-17.093623233783727,-16.504335827681675,-15.92652380544396,-15.360187167070544,-14.805325912561429,-14.26194004191664,-14.0,-14.0,-14.0,-14.0,-14.0,-14.0,-14.0,-14.0,-14.0,-14.0,-14.0,False,False,True,False,False,False,False
2050,0.145395613296594,-39.27661489904357,-38.367929208745494,-37.47041327812694,-36.58406710718793,-35.70889069592843,-34.84488404434849,-33.992047152448066,-33.150380020227196,-32.31988264768585,-31.500555034824057,-30.69239718164178,-29.89540908813903,-29.109590754315825,-28.334942180172145,-27.571463365708016,-26.819154310923405,-26.078015015818316,-25.34804548039278,-24.6292457046468,-23.92161568858033,-23.225155432193393,-22.539864935486,-21.86574419845813,-21.202793221109783,-20.551012003440984,-19.91040054545174,-19.28095884714201,-18.66268690851181,-18.055584729561154,-17.45965231029002,-16.874889650698414,-16.301296750786356,-15.738873610553846,-15.18762023000086,-14.647536609127396,-14.118622747933479,-14.0,-14.0,-14.0,-14.0,-14.0,-14.0,-14.0,-14.0,-14.0,-14.0,-14.0,False,False,True,False,False,False,False
2100,0.145395613296594,-38.48922208515939,-37.60407940352955,-36.72981708585995,-35.866435132150585,-35.01393354240145,-34.17231231661257,-33.34157145478392,-32.52171095691552,-31.71273082300735,-30.914631053059434,-30.127411647071742,-29.351072605044276,-28.585613926977068,-27.831035612870085,-27.087337662723357,-26.35452007653685,-25.632582854310577,-24.921525996044554,-24.22134950173879,-23.53205337139325,-22.853637605007933,-22.186102202582877,-21.52944716411804,-20.883672489613435,-20.24877817906908,-19.624764232484985,-19.01163064986111,-18.409377431197466,-17.818004576494076,-17.23751208575091,-16.667899958967972,-16.109168196145287,-15.56131679728286,-15.024345762380658,-14.498255091438683,-14.0,-14.0,-14.0,-14.0,-14.0,-14.0,-14.0,-14.0,-14.0,-14.0,-14.0,-14.0,False,False,True,False,False,False,False
2150,0.145395613296594,-37.74259648275652,-36.87978157507252,-36.02757257355569,-35.185969478206026,-34.354972289023515,-33.534581006008196,-32.72479562916003,-31.925616158479045,-31.137042593965216,-30.359074935618576,-29.59171318343909,-28.834957337426758,-28.08880739758161,-27.353263363903622,-26.628325236392815,-25.91399301504916,-25.210266699872665,-24.517146290863355,-23.83463178802123,-23.16272319134626,-22.501420500838442,-21.85072371649781,-21.210632838324337,-20.581147866318016,-19.96226880047888,-19.35399564080693,-18.75632838730213,-18.16926703996449,-17.592811598794036,-17.026962063790734,-16.471718434954592,-15.92708071228563,-15.393048895783853,-14.869622985449235,-14.35680298128177,-14.0,-14.0,-14.0,-14.0,-14.0,-14.0,-14.0,-14.0,-14.0,-14.0,-14.0,-14.0,False,False,True,False,False,False,False
2200,0.145395613296594,-37.033587123120085,-36.19197862522808,-35.360715359759205,-34.53979732671346,-33.72922452609083,-32.92899695789136,-32.139114622115,-31.359577518761796,-30.590385647831706,-29.831539009324764,-29.083037603240943,-28.344881429580244,-27.617070488342687,-26.899604779528254,-26.192484303136965,-25.495709059168796,-24.809279047623747,-24.13319426850185,-23.467454721803097,-22.81206040752746,-22.16701132567495,-21.53230747624558,-20.907948859239333,-20.29393547465621,-19.690267322496226,-19.096944402759394,-18.51396671544568,-17.941334260555085,-17.37904703808764,-16.827105048043315,-16.285508290422108,-15.754256765224047,-15.233350472449137,-14.722789412097345,-14.222573584168675,-14.0,-14.0,-14.0,-14.0,-14.0,-14.0,-14.0,-14.0,-14.0,-14.0,-14.0,-14.0,False,False,True,False,False,False,False
2250,0.145395613296594,-36.35936683141951,-35.53792760036151,-34.72658567676662,-33.92534106063482,-33.134193751966116,-32.35314375076053,-31.58219105701803,-30.821335670738645,-30.070577591922348,-29.32991682056917,-28.599353356679078,-27.878887200252077,-27.16851835128819,-26.468246809787388,-25.778072575749704,-25.097995649175108,-24.4280160300636,-23.76813371841521,-23.118348714229935,-22.478661017507747,-21.849070628248647,-21.229577546452667,-20.62018177211977,-20.020883305249967,-19.431682145843276,-18.8525782938997,-18.283571749419213,-17.724662512401814,-17.17585058284753,-16.63713596075634,-16.108518646128232,-15.589998638963241,-15.081575939261366,-14.58325054702258,-14.095022462246884,-14.0,-14.0,-14.0,-14.0,-14.0,-14.0,-14.0,-14.0,-14.0,-14.0,-14.0,-14.0,False,False,True,False,False,False,False
2300,0.145395613296594,-35.71739076198208,-34.91515946325427,-34.12278936395973,-33.34028046409846,-32.56763276367045,-31.80484626267574,-31.051920961114284,-30.30885685898612,-29.575653956291212,-28.85231225302959,-28.138831749201234,-27.43521244480614,-26.74145433984433,-26.057557434315783,-25.383521728220522,-24.719347221558518,-24.06503391432978,-23.42058180653433,-22.785990898172166,-22.161261189243266,-21.546392679747623,-20.941385369685268,-20.346239259056176,-19.760954347860345,-19.185530636097802,-18.619968123768544,-18.064266810872546,-17.51842669740981,-16.982447783380362,-16.456330068784176,-15.940073553621252,-15.43367823789161,-14.937144121595264,-14.450471204732173,-14.0,-14.0,-14.0,-14.0,-14.0,-14.0,-14.0,-14.0,-14.0,-14.0,-14.0,-14.0,-14.0,False,False,True,False,False,False,False
2350,0.145395613296594,-35.105361277198845,-34.32144501926604,-33.54716482835121,-32.78252070445435,-32.027512647575456,-31.282140657714564,-30.546404734871633,-29.8203048790467,-29.103841090239726,-28.397013368450747,-27.699821713679732,-27.012266125926686,-26.33434660519163,-25.666063151474543,-25.007415764775445,-24.358404445094312,-23.719029192431147,-23.089290006785973,-22.469186888158795,-21.85871983654958,-21.25788885195833,-20.66669393438507,-20.08513508382978,-19.513212300292455,-18.95092558377312,-18.398274934271782,-17.855260351788402,-17.321881836322994,-16.798139387875576,-16.284033006446126,-15.779562692034641,-15.284728444641146,-14.799530264265647,-14.32396815090811,-14.0,-14.0,-14.0,-14.0,-14.0,-14.0,-14.0,-14.0,-14.0,-14.0,-14.0,-14.0,-14.0,False,False,True,False,False,False,False
2400,0.145395613296594,-34.52119804514191,-33.75476590544941,-32.9977549142381,-32.250165071507986,-31.51199637725906,-30.783248831491345,-30.063922434204816,-29.3540171853995,-28.653533085075367,-27.962470133232443,-27.280828329870705,-26.608607674990154,-25.945808168590812,-25.292429810672655,-24.64847260123571,-24.01393654027995,-23.38882162780537,-22.773127863812007,-22.166855248299854,-21.570003781268884,-20.9825734627191,-20.404564292650527,-19.83597627106314,-19.276809397956935,-18.72706367333194,-18.18673909718816,-17.655835669525562,-17.134353390344153,-16.62229225964395,-16.119652277424933,-15.626433443687104,-15.142635758430481,-14.668259221655072,-14.203303833360849,-14.0,-14.0,-14.0,-14.0,-14.0,-14.0,-14.0,-14.0,-14.0,-14.0,-14.0,-14.0,-14.0,False,False,True,False,False,False,False
2450,0.145395613296594,-33.96301245693909,-33.21328977051999,-32.47278283639348,-31.741491654559532,-31.01941622501815,-30.306556547769368,-29.60291262281315,-28.908484450149523,-28.22327202977846,-27.547275361699988,-26.88049444591408,-26.222929282420743,-25.574579871219992,-24.93544621231181,-24.305528305696217,-23.684826151373187,-23.073339749342725,-22.471069099604858,-21.878014202159576,-21.294175057006864,-20.719551664146717,-20.15414402357916,-19.59795213530417,-19.050975999321743,-18.513215615631903,-17.98467098423466,-17.465342105129977,-16.95522897831787,-16.454331603798348,-15.962649981571392,-15.480184111637,-15.006933993995197,-14.54289962864599,-14.088081015589347,-14.0,-14.0,-14.0,-14.0,-14.0,-14.0,-14.0,-14.0,-14.0,-14.0,-14.0,-14.0,-14.0,False,False,True,False,False,False,False
2500,0.145395613296594,-33.429085640426194,-32.695348943811986,-31.970631496270077,-31.254933297800473,-30.548254348403162,-29.85059464807817,-29.161954196825473,-28.48233299464509,-27.811731041537,-27.15014833750123,-26.497584882537748,-25.85404067664656,-25.21951571982769,-24.59401001208111,-23.97752355340685,-23.37005634380488,-22.7716083832752,-22.182179671817842,-21.6017702094328,-21.03037999612005,-20.468009031879593,-19.914657316711452,-19.370324850615603,-18.835011633592046,-18.308717665640803,-17.791442946761883,-17.283187476955252,-16.783951256220917,-16.293734284558894,-15.812536561969166,-15.34035808845173,-14.87719886400661,-14.42305888863381,-14.0,-14.0,-14.0,-14.0,-14.0,-14.0,-14.0,-14.0,-14.0,-14.0,-14.0,-14.0,-14.0,-14.0,False,False,True,False,False,False,False
2550,0.145395613296594,-32.917849483948366,-32.19942202459384,-31.489825629878972,-30.789060299803783,-30.097126034368255,-29.414022833572417,-28.73975069741624,-28.074309625899755,-27.41769961902293,-26.769920676785794,-26.130972799188317,-25.500855986230505,-24.87957023791238,-24.267115554233918,-23.663491935195143,-23.06869938079603,-22.482737891036578,-21.905607465916816,-21.33730810543674,-20.77783980959633,-20.227202578395577,-19.685396411834514,-19.152421309913116,-18.62827727263138,-18.112964299989326,-17.606482391986965,-17.108831548624263,-16.620011769901225,-16.14002305581787,-15.668865406374183,-15.206538821570158,-14.753043301405818,-14.308378845881167,-14.0,-14.0,-14.0,-14.0,-14.0,-14.0,-14.0,-14.0,-14.0,-14.0,-14.0,-14.0,-14.0,-14.0,False,False,True,False,False,False,False
2600,0.145395613296594,-32.427870192495504,-31.724117928194858,-31.02901633788423,-30.342565421563627,-29.664765179233033,-28.995615610892475,-28.33511671654193,-27.68326849618142,-27.040070949810918,-26.405524077430453,-25.77962787904,-25.162382354639558,-24.553787504229152,-23.953843327808755,-23.362549825378395,-22.779906996938042,-22.205914842487704,-21.6405733620274,-21.083882555557132,-20.535842423076872,-19.996452964586624,-19.46571418008641,-18.94362606957621,-18.430188633056023,-17.925401870525867,-17.429265781985745,-16.941780367435634,-16.462945626875538,-15.992761560305473,-15.531228167725422,-15.078345449135382,-14.634113404535377,-14.198532033925405,-14.0,-14.0,-14.0,-14.0,-14.0,-14.0,-14.0,-14.0,-14.0,-14.0,-14.0,-14.0,-14.0,-14.0,False,False,True,False,False,False,False
2650,0.145395613296594,-31.957833984371423,-31.26816200883782,-30.586967629360444,-29.91425084593929,-29.250011658574355,-28.59425006726566,-27.94696607201318,-27.308159672816938,-26.677830869676914,-26.055979662593128,-25.44260605156556,-24.837710036594206,-24.241291617679092,-23.653350794820195,-23.073887568017533,-22.50290193727109,-21.940393902580862,-21.38636346394687,-20.840810621369123,-20.30373537484759,-19.775137724382272,-19.255017669973192,-18.74337521162033,-18.240210349323682,-17.745523083083274,-17.259313412899107,-16.78158133877115,-16.312326860699418,-15.851549978683916,-15.399250692724637,-14.95542900282157,-14.520084908974741,-14.093218411184154,-14.0,-14.0,-14.0,-14.0,-14.0,-14.0,-14.0,-14.0,-14.0,-14.0,-14.0,-14.0,-14.0,-14.0,False,False,True,False,False,False,False
2700,0.145395613296594,-31.5065346053547,-30.830383945776354,-30.1625446753343,-29.503016794028536,-28.851800301859054,-28.208895198825882,-27.574301484928995,-26.948019160168414,-26.330048224544118,-25.720388678056125,-25.119040520704417,-24.526003752488993,-23.941278373409876,-23.36486438346704,-22.79676178266051,-22.236970570990266,-21.685490748456303,-21.14232231505865,-20.607465270797302,-20.080919615672236,-19.562685349683452,-19.052762472830977,-18.551150985114784,-18.05785088653488,-17.572862177091274,-17.096184856783978,-16.627818925612964,-16.167764383578234,-15.71602123067981,-15.272589466917672,-14.837469092291817,-14.410660106802268,-14.0,-14.0,-14.0,-14.0,-14.0,-14.0,-14.0,-14.0,-14.0,-14.0,-14.0,-14.0,-14.0,-14.0,-14.0,False,False,True,False,False,False,False
2750,0.145395613296594,-31.07286239261437,-30.409707132989478,-29.7547035202534,-29.10785155440614,-28.46915123544768,-27.838602563378053,-27.21620553819723,-26.601960159905236,-25.995866428502048,-25.397924343987686,-24.80813390636213,-24.22649511562538,-23.65300797177746,-23.08767247481834,-22.530488624748052,-21.981456421566566,-21.44057586527389,-20.90784695587004,-20.383269693355018,-19.8668440777288,-19.358570108991387,-18.8584477871428,-18.366477112183023,-17.88265808411205,-17.406990702929903,-16.939474968636585,-16.480110881232072,-16.028898440716368,-15.58583764708949,-15.150928500351412,-14.724171000502146,-14.305565147541705,-14.0,-14.0,-14.0,-14.0,-14.0,-14.0,-14.0,-14.0,-14.0,-14.0,-14.0,-14.0,-14.0,-14.0,-14.0,False,False,True,False,False,False,False
2800,0.145395613296594,-30.655794665390662,-30.005139356096,-29.36248204161586,-28.727822721950243,-28.101161397099137,-27.48249806706257,-26.87183273184051,-26.26916539143299,-25.67449604583998,-25.087824695061503,-24.509151339097542,-23.93847597794809,-23.375798611613174,-22.82111924009277,-22.2744378633869,-21.735754481495544,-21.2050690944187,-20.68238170215639,-20.167692304708616,-19.66100090207535,-19.162307494256602,-18.671612081252384,-18.188914663062683,-17.714215239687494,-17.247513811126833,-16.788810377380713,-16.338104938449103,-15.895397494332006,-15.460688045029443,-15.033976590541391,-14.615263130867854,-14.204547666008848,-14.0,-14.0,-14.0,-14.0,-14.0,-14.0,-14.0,-14.0,-14.0,-14.0,-14.0,-14.0,-14.0,-14.0,-14.0,False,False,True,False,False,False,False
2850,0.145395613296594,-30.254387255855676,-29.615764575469235,-28.98499198223832,-28.362069476162922,-27.746997057243043,-27.1397747254787,-26.540402480869865,-25.94888032341657,-25.36520825311879,-24.789386269976543,-24.22141437398981,-23.66129256515859,-23.109020843482906,-22.564599208962736,-22.028027661598102,-21.49930620138898,-20.97843482833537,-20.4654135424373,-19.960242343694762,-19.46292123210774,-18.97345020767623,-18.491829270400252,-18.018058420279793,-17.552137657314848,-17.094066981505435,-16.643846392851557,-16.20147589135319,-15.766955477010345,-15.340285149823028,-14.92146490979123,-14.510494756914941,-14.10737469119419,-14.0,-14.0,-14.0,-14.0,-14.0,-14.0,-14.0,-14.0,-14.0,-14.0,-14.0,-14.0,-14.0,-14.0,-14.0,False,False,True,False,False,False,False
2900,0.145395613296594,-29.86776702334286,-29.240735663417677,-28.621411907647232,-28.00979575603153,-27.405887208570558,-26.809686265264343,-26.221192926112863,-25.640407191116132,-25.067329060274137,-24.501958533586894,-23.944295611054386,-23.39434029267661,-22.852092578453586,-22.317552468385298,-21.79071996247176,-21.271595060712954,-20.76017776310888,-20.256468069659565,-19.760465980365,-19.27217149522517,-18.79158461424007,-18.318705337409725,-17.853533664734112,-17.39606959621323,-16.946313131847102,-16.504264271635734,-16.06992301557909,-15.643289363677184,-15.224363315930027,-14.813144872337606,-14.40963403289992,-14.013830797616983,-14.0,-14.0,-14.0,-14.0,-14.0,-14.0,-14.0,-14.0,-14.0,-14.0,-14.0,-14.0,-14.0,-14.0,-14.0,False,False,True,False,False,False,False
2950,0.145395613296594,-29.49512521960653,-28.87926796703907,-28.270980964098648,-27.67026421078527,-27.07711770709892,-26.49154145303963,-25.91353544860737,-25.343099693802163,-24.780234188623986,-24.224938933072867,-23.677213927148777,-23.137059170851717,-22.604474664181716,-22.079460407138743,-21.562016399722822,-21.052142641933937,-20.549839133772082,-20.05510587523728,-19.56794286632953,-19.088350107048814,-18.61632759739513,-18.151875337368498,-17.6949933269689,-17.245681566196335,-16.80394005505082,-16.36976879353236,-15.943167781640927,-15.524137019376532,-15.11267650673919,-14.708786243728877,-14.3124662303456,-14.0,-14.0,-14.0,-14.0,-14.0,-14.0,-14.0,-14.0,-14.0,-14.0,-14.0,-14.0,-14.0,-14.0,-14.0,-14.0,False,False,True,False,False,False,False
3000,0.145395613296594,-29.135711592982425,-28.530633587962026,-27.932993331742573,-27.342790824324062,-26.76002606570649,-26.184699055889872,-25.616809794874193,-25.056358282659467,-24.50334451924568,-23.957768504632845,-23.419630238820947,-22.888929721809987,-22.36566695359998,-21.84984193419091,-21.341454663582795,-20.840505141775612,-20.34699336876937,-19.86091934456408,-19.38228306915975,-18.911084542556353,-18.447323764753893,-17.991000735752387,-17.542115455551816,-17.100667924152184,-16.666658141553505,-16.240086107755783,-15.820951822758992,-15.409255286563143,-15.004996499168248,-14.608175460574289,-14.218792170781263,-14.0,-14.0,-14.0,-14.0,-14.0,-14.0,-14.0,-14.0,-14.0,-14.0,-14.0,-14.0,-14.0,-14.0,-14.0,-14.0,False,False,True,False,False,False,False
3050,0.145395613296594,-28.78882913608534,-28.194156286454053,-27.606793283218767,-27.026740126379483,-26.453996815936197,-25.888563351888926,-25.33043973423765,-24.77962596298239,-24.236122038123124,-23.69992795965987,-23.171043727592615,-22.649469341921353,-22.135204802646104,-21.628250109766853,-21.128605263283614,-20.63627026319637,-20.15124510950512,-19.673529802209888,-19.20312434131067,-18.740028726807445,-18.284242958700215,-17.835767036988997,-17.394600961673778,-16.960744732754552,-16.534198350231343,-16.114961814104145,-15.703035124372942,-15.298418281037737,-14.901111284098544,-14.511114133555346,-14.128426829408143,-14.0,-14.0,-14.0,-14.0,-14.0,-14.0,-14.0,-14.0,-14.0,-14.0,-14.0,-14.0,-14.0,-14.0,-14.0,-14.0,False,False,True,False,False,False,False
3100,0.145395613296594,-28.45382939564658,-27.869206930924936,-27.291770771109288,-26.721520916199637,-26.15845736619597,-25.60258012109832,-25.05388918090665,-24.512384545620993,-23.97806621524132,-23.450934189767658,-22.93098846919998,-22.418229053538294,-21.91265594278261,-21.41426913693292,-20.92306863598923,-20.439054439951533,-19.962226548819825,-19.492584962594123,-19.030129681274428,-18.57486070486072,-18.126778033353,-17.685881666751285,-17.252171605055562,-16.825647848265827,-16.406310396382093,-15.994159249404373,-15.589194407332636,-15.19141587016689,-14.800823637907152,-14.4174177105534,-14.041198088105638,-14.0,-14.0,-14.0,-14.0,-14.0,-14.0,-14.0,-14.0,-14.0,-14.0,-14.0,-14.0,-14.0,-14.0,-14.0,-14.0,False,False,True,False,False,False,False
3150,0.145395613296594,-28.13010827477706,-27.555199425189056,-26.987357478663455,-26.426582435200267,-25.87287429479948,-25.326233057461113,-24.786658723185152,-24.25415129197161,-23.728710763820466,-23.21033713873175,-22.69903041670543,-22.194790597741513,-21.697617681840015,-21.207511669000922,-20.724472559224246,-20.248500352509975,-19.779595048858102,-19.317756648268652,-18.862985150741622,-18.415280556276993,-17.97464286487477,-17.541072076534963,-17.114568191257558,-16.695131209042557,-16.282761129889973,-15.877457953799812,-15.479221680772053,-15.088052310806695,-14.703949843903757,-14.326914280063221,-14.0,-14.0,-14.0,-14.0,-14.0,-14.0,-14.0,-14.0,-14.0,-14.0,-14.0,-14.0,-14.0,-14.0,-14.0,-14.0,-14.0,False,False,True,False,False,False,False
3200,0.145395613296594,-27.81710226775277,-27.251587055368322,-26.69302327744014,-26.141410933968224,-25.596750024952566,-25.059040550393192,-24.528282510290076,-24.004475904643236,-23.487620733452655,-22.977716996718353,-22.474764694440314,-21.97876382661853,-21.48971439325302,-21.007616394343774,-20.532469829890807,-20.064274699894096,-19.603031004353642,-19.14873874326947,-18.701397916641575,-18.26100852446994,-17.827570566754563,-17.401084043495462,-16.981548954692624,-16.568965300346044,-16.16333308045574,-15.764652295021714,-15.372922944043944,-14.988145027522439,-14.61031854545721,-14.239443497848239,-14.0,-14.0,-14.0,-14.0,-14.0,-14.0,-14.0,-14.0,-14.0,-14.0,-14.0,-14.0,-14.0,-14.0,-14.0,-14.0,-14.0,False,False,True,False,False,False,False
3250,0.145395613296594,-27.514285075688434,-26.957859206340217,-26.408273043291384,-25.865526586541936,-25.329619836091872,-24.800552791941207,-24.278325454089924,-23.762937822538035,-23.25438989728553,-22.752681678332422,-22.257813165678694,-21.769784359324348,-21.288595259269396,-20.81424586551383,-20.346736178057657,-19.886066196900867,-19.432235922043454,-18.985245353485443,-18.54509449122683,-18.111783335267596,-17.685311885607742,-17.265680142247284,-16.85288810518621,-16.446935774424514,-16.047823149962216,-15.65555023179932,-15.270117019935798,-14.891523514371661,-14.51976971510692,-14.154855622141561,-14.0,-14.0,-14.0,-14.0,-14.0,-14.0,-14.0,-14.0,-14.0,-14.0,-14.0,-14.0,-14.0,-14.0,-14.0,-14.0,-14.0,False,False,True,False,False,False,False
3300,0.145395613296594,-27.22116455845992,-26.673538404421254,-26.132643788691325,-25.59848071127013,-25.071049172157657,-24.550349171353933,-24.036380708858932,-23.529143784672677,-23.028638398795145,-22.53486455122636,-22.047822241966298,-21.567511471014964,-21.09393223837237,-20.627084544038507,-20.166968388013384,-19.713583770296985,-19.266930690889314,-18.82700914979039,-18.393819147000205,-17.967360682518745,-17.547633756346013,-17.134638368482026,-16.728374518926763,-16.328842207680225,-15.93604143474243,-15.54997220011338,-15.170634503793055,-14.798028345781457,-14.432153726078603,-14.073010644684473,-14.0,-14.0,-14.0,-14.0,-14.0,-14.0,-14.0,-14.0,-14.0,-14.0,-14.0,-14.0,-14.0,-14.0,-14.0,-14.0,-14.0,False,False,True,False,False,False,False
3350,0.145395613296594,-26.937279984172193,-26.39817764873584,-25.865702074999145,-25.339853262962116,-24.820631212624743,-24.308035923987045,-23.802067397049004,-23.302725631810638,-22.810010628271925,-22.323922386432887,-21.844460906293506,-21.37162618785378,-20.905418231113728,-20.445837036073332,-19.992882602732607,-19.546554931091542,-19.10685402115013,-18.673779872908394,-18.247332486366332,-17.827511861523924,-17.414317998381172,-17.00775089693809,-16.60781055719467,-16.214496979150905,-15.827810162806811,-15.447750108162394,-15.07431681521763,-14.707510283972523,-14.347330514427089,-14.0,-14.0,-14.0,-14.0,-14.0,-14.0,-14.0,-14.0,-14.0,-14.0,-14.0,-14.0,-14.0,-14.0,-14.0,-14.0,-14.0,-14.0,False,False,True,False,False,False,False
3400,0.145395613296594,-26.662199542524846,-26.131357998624598,-25.607041673000136,-25.089250565651458,-24.577984676578563,-24.073244005781465,-23.575028553260143,-23.083338319014622,-22.598173303044877,-22.11953350535093,-21.647418925932758,-21.18182956479037,-20.722765421923775,-20.27022649733296,-19.824212791017942,-19.3847243029787,-18.951761033215238,-18.525322981727573,-18.10541014851571,-17.692022533579618,-17.28516013691931,-16.884822958534794,-16.49101099842606,-16.103724256593104,-15.722962733035942,-15.34872642775458,-14.981015340748993,-14.619829472019187,-14.265168821565178,-14.0,-14.0,-14.0,-14.0,-14.0,-14.0,-14.0,-14.0,-14.0,-14.0,-14.0,-14.0,-14.0,-14.0,-14.0,-14.0,-14.0,-14.0,False,False,True,False,False,False,False
3450,0.145395613296594,-26.39551809274446,-25.8726863886353,-25.356281444130804,-24.846303259230964,-24.34275183393578,-23.84562716824527,-23.354929262159406,-22.870658115678218,-22.39281372880168,-21.92139610152981,-21.456405233862597,-20.997841125800036,-20.545703777342144,-20.099993188488906,-19.66070935924034,-19.227852289596424,-18.801421979557162,-18.38141842912257,-17.967841638292647,-17.56069160706738,-17.159968335446763,-16.765671823430818,-16.377802071019524,-15.996359078212881,-15.621342845010911,-15.252753371413613,-14.890590657420963,-14.534854703032972,-14.185545508249646,-14.0,-14.0,-14.0,-14.0,-14.0,-14.0,-14.0,-14.0,-14.0,-14.0,-14.0,-14.0,-14.0,-14.0,-14.0,-14.0,-14.0,-14.0,False,False,True,False,False,False,False
3500,0.145395613296594,-26.136855120452285,-25.621793646228028,-25.113063418273732,-24.610664436589406,-24.11459670117504,-23.624860212030647,-23.141454969156214,-22.66438097255176,-22.193638222217263,-21.72922671815274,-21.27114646035818,-20.81939744883358,-20.373979683578952,-19.934893164594286,-19.502137891879595,-19.075713865434864,-18.655621085260087,-18.241859551355294,-17.834429263720473,-17.433330222355607,-17.038562427260707,-16.65012587843578,-16.26802057588081,-15.892246519595805,-15.52280370958077,-15.159692145835715,-14.802911828360616,-14.452462757155478,-14.108344932220316,-14.0,-14.0,-14.0,-14.0,-14.0,-14.0,-14.0,-14.0,-14.0,-14.0,-14.0,-14.0,-14.0,-14.0,-14.0,-14.0,-14.0,-14.0,False,False,True,False,False,False,False
3550,0.145395613296594,-25.885852881013477,-25.378332690409596,-24.877051046997643,-24.38200795077762,-23.89320340174952,-23.410637399913362,-22.934309945269128,-22.464221037816834,-22.000370677556464,-21.542758864488036,-21.09138559861153,-20.646250879926946,-20.207354708434305,-19.774697084133585,-19.34827800702481,-18.92809747710795,-18.51415549438302,-18.106452058850028,-17.70498717050898,-17.309760829359853,-16.920773035402647,-16.538023788637382,-16.161513089064044,-15.791240936682627,-15.42720733149315,-15.069412273495614,-14.71785576269,-14.372537799076314,-14.033458382654565,-14.0,-14.0,-14.0,-14.0,-14.0,-14.0,-14.0,-14.0,-14.0,-14.0,-14.0,-14.0,-14.0,-14.0,-14.0,-14.0,-14.0,-14.0,False,False,True,False,False,False,False
3600,0.145395613296594,-25.642174709652068,-25.14197689216854,-24.647927613693792,-24.160026874227825,-23.67827467377063,-23.202671012322227,-22.733215889882597,-22.26990930645176,-21.812751262029693,-21.361741756616418,-20.916880790211916,-20.478168362816184,-20.045604474429247,-19.619189125051083,-19.198922314681706,-18.784804043321103,-18.376834310969276,-17.975013117626236,-17.57934046329199,-17.189816347966516,-16.806440771649815,-16.429213734341904,-16.058135236042766,-15.693205276752401,-15.334423856470828,-14.981790975198043,-14.635306632934032,-14.294970829678794,-14.0,-14.0,-14.0,-14.0,-14.0,-14.0,-14.0,-14.0,-14.0,-14.0,-14.0,-14.0,-14.0,-14.0,-14.0,-14.0,-14.0,-14.0,-14.0,False,False,True,False,False,False,False
3650,0.145395613296594,-25.405503480981032,-24.912418579876604,-24.42539478428506,-23.944432094206395,-23.469530509640606,-23.000690030587712,-22.537910657047696,-22.08119238902057,-21.630535226506318,-21.18593916950496,-20.747404218016477,-20.31493037204087,-19.888517631578154,-19.468165996628315,-19.053875467191368,-18.645646043267295,-18.2434777248561,-17.847370511957795,-17.457324404572383,-17.073339402699848,-16.695415506340186,-16.323552715493413,-15.957751030159523,-15.598010450338505,-15.244330976030378,-14.896712607235145,-14.555155343952785,-14.219659186183303,-14.0,-14.0,-14.0,-14.0,-14.0,-14.0,-14.0,-14.0,-14.0,-14.0,-14.0,-14.0,-14.0,-14.0,-14.0,-14.0,-14.0,-14.0,-14.0,False,False,True,False,False,False,False
3700,0.145395613296594,-25.175540202644893,-24.689367674809848,-24.209171284110766,-23.734951030547645,-23.26670691412048,-22.804438934829292,-22.34814709267406,-21.8978313876548,-21.4534918197715,-21.01512838902417,-20.582741095412796,-20.15632993893738,-19.735894919597936,-19.32143603739445,-18.912953292326936,-18.510446684395376,-18.113916213599776,-17.723361879940146,-17.338783683416494,-16.96018162402879,-16.587555701777053,-16.22090591666128,-15.86023226868147,-15.505534757837614,-15.15681338412973,-14.81406814755782,-14.477299048121864,-14.146506085821867,-14.0,-14.0,-14.0,-14.0,-14.0,-14.0,-14.0,-14.0,-14.0,-14.0,-14.0,-14.0,-14.0,-14.0,-14.0,-14.0,-14.0,-14.0,-14.0,False,False,True,False,False,False,False
3750,0.145395613296594,-24.952002729550586,-24.472550443667757,-23.99899168826339,-23.531326463337486,-23.069554768890036,-22.61367660492106,-22.16369197143054,-21.719600868418492,-21.2814032958849,-20.849099253829777,-20.42268874225311,-20.0021717611549,-19.587548310535162,-19.17881839039388,-18.77598200073107,-18.379039141546713,-17.987989812840812,-17.602834014613386,-17.22357174686443,-16.850203009593926,-16.48272780280188,-16.12114612648831,-15.765457980653188,-15.415663365296526,-15.071762280418337,-14.733754726018617,-14.401640702097351,-14.075420208654544,-14.0,-14.0,-14.0,-14.0,-14.0,-14.0,-14.0,-14.0,-14.0,-14.0,-14.0,-14.0,-14.0,-14.0,-14.0,-14.0,-14.0,-14.0,-14.0,False,False,True,False,False,False,False
3800,0.145395613296594,-24.734624586709657,-24.26170835647003,-23.794605314109035,-23.333315459626675,-22.87783879302294,-22.428175314297846,-21.98432502345138,-21.546287920483557,-21.114064005394358,-20.687653278183802,-20.26705573885187,-19.852271387398567,-19.443300223823904,-19.040142248127864,-18.642797460310472,-18.251265860371703,-17.865547448311556,-17.485642224130057,-17.1115501878272,-16.743271339402963,-16.380805678857357,-16.02415320619039,-15.673313921402048,-15.328287824492335,-14.989074915461263,-14.655675194308833,-14.328088661035027,-14.00631531563985,-14.0,-14.0,-14.0,-14.0,-14.0,-14.0,-14.0,-14.0,-14.0,-14.0,-14.0,-14.0,-14.0,-14.0,-14.0,-14.0,-14.0,-14.0,-14.0,False,False,True,False,False,False,False
3850,0.145395613296594,-24.523153890064634,-24.056597039520234,-23.595775205993338,-23.140688389483945,-22.691336589992048,-22.247719807517665,-21.80983804206078,-21.377691293621407,-20.95127956219953,-20.530602847795166,-20.115661150408297,-19.706454470038924,-19.302982806687066,-18.905246160352704,-18.513244531035852,-18.126977918736497,-17.74644632345464,-17.371649745190293,-17.002588183943462,-16.639261639714125,-16.281670112502287,-15.929813602307958,-15.583692109131126,-15.243305632971794,-14.908654173829971,-14.579737731705663,-14.256556306598846,-14.0,-14.0,-14.0,-14.0,-14.0,-14.0,-14.0,-14.0,-14.0,-14.0,-14.0,-14.0,-14.0,-14.0,-14.0,-14.0,-14.0,-14.0,-14.0,-14.0,False,False,True,False,False,False,False
3900,0.145395613296594,-24.31735235585214,-23.856985314270187,-23.402277203244477,-22.95322802277501,-22.50983777286178,-22.0721064535048,-21.64003406470406,-21.21362060645957,-20.792866078771315,-20.377770481639313,-19.96833381506355,-19.56455607904402,-19.16643727358074,-18.7739773986737,-18.387176454322912,-18.006034440528357,-17.63055135729004,-17.260727204607974,-16.89656198248216,-16.538055690912582,-16.185208329899243,-15.838019899442154,-15.496490399541301,-15.160619830196685,-14.830408191408319,-14.505855483176205,-14.186961705500329,-14.0,-14.0,-14.0,-14.0,-14.0,-14.0,-14.0,-14.0,-14.0,-14.0,-14.0,-14.0,-14.0,-14.0,-14.0,-14.0,-14.0,-14.0,-14.0,-14.0,False,False,True,False,False,False,False
3950,0.145395613296594,-24.11699439008889,-23.662654313921678,-23.21389908355731,-22.77072869899579,-22.33314316023711,-21.90114246728129,-21.474726620128312,-21.05389561877819,-20.638649463230905,-20.22898815348648,-19.824911689544894,-19.426420071406152,-19.033513299070265,-18.646191372537217,-18.26445429180703,-17.88830205687968,-17.517734667755175,-17.152752124433523,-16.79335442691473,-16.439541575198774,-16.091313569285663,-15.748670409175409,-15.411612094867992,-15.080138626363421,-14.754250003661703,-14.433946226762842,-14.119227295666823,-14.0,-14.0,-14.0,-14.0,-14.0,-14.0,-14.0,-14.0,-14.0,-14.0,-14.0,-14.0,-14.0,-14.0,-14.0,-14.0,-14.0,-14.0,-14.0,-14.0,False,False,True,False,False,False,False
4000,0.145395613296594,-23.92186625067397,-23.47339667048238,-23.030439774696198,-22.59299556331542,-22.16106403634004,-21.734645193770078,-21.313739035605515,-20.898345561846366,-20.488464772492616,-20.084096667544284,-19.685241247001347,-19.29189851086381,-18.904068459131686,-18.521751091804962,-18.144946408883655,-17.773654410367744,-17.407875096257236,-17.047608466552138,-16.692854521252457,-16.343613260358175,-15.999884683869292,-15.661668791785823,-15.328965584107754,-15.001775060835085,-14.680097221967829,-14.363932067505988,-14.053279597449542,-14.0,-14.0,-14.0,-14.0,-14.0,-14.0,-14.0,-14.0,-14.0,-14.0,-14.0,-14.0,-14.0,-14.0,-14.0,-14.0,-14.0,-14.0,-14.0,-14.0,False,False,True,False,False,False,False
4050,0.145395613296594,-23.73176527539875,-23.28901576576708,-22.85170862820489,-22.41984386271218,-21.99342146928895,-21.572441447935216,-21.156903798650955,-20.746808521436186,-20.342155616290896,-19.942945083215097,-19.549176922208773,-19.16085113327193,-18.777967716404575,-18.400526671606695,-18.02852799887831,-17.6619716982194,-17.300857769629967,-16.94518621311003,-16.594957028659582,-16.250170216278608,-15.910825775967114,-15.576923707725111,-15.248464011552587,-14.925446687449536,-14.607871735415978,-14.295739155451912,-14.0,-14.0,-14.0,-14.0,-14.0,-14.0,-14.0,-14.0,-14.0,-14.0,-14.0,-14.0,-14.0,-14.0,-14.0,-14.0,-14.0,-14.0,-14.0,-14.0,-14.0,False,False,True,False,False,False,False
4100,0.145395613296594,-23.5464991698591,-23.109325040517533,-22.677524749473402,-22.251098296726703,-21.830045682277436,-21.41436690612561,-21.004061968271216,-20.599130868714262,-20.199573607454738,-19.80539018449266,-19.416580599828006,-19.033144853460783,-18.655082945391,-18.28239487561865,-17.915080644143742,-17.553140250966262,-17.196573696086208,-16.845380979503602,-16.499562101218437,-16.159117061230702,-15.824045859540393,-15.494348496147527,-15.170024971052092,-14.851075284254085,-14.53749943575352,-14.2292974255504,-14.0,-14.0,-14.0,-14.0,-14.0,-14.0,-14.0,-14.0,-14.0,-14.0,-14.0,-14.0,-14.0,-14.0,-14.0,-14.0,-14.0,-14.0,-14.0,-14.0,-14.0,False,False,True,False,False,False,False
4150,0.145395613296594,-23.365885349885396,-22.93414735641691,-22.5077163790961,-22.08659241792295,-21.670775472897468,-21.260265544019664,-20.85506263128952,-20.455166734707053,-20.06057785427225,-19.671295989985122,-19.287321141845656,-18.908653309853854,-18.535292494009727,-18.167238694313266,-17.804491910764476,-17.44705214336335,-17.09491939210989,-16.748093657004105,-16.406574938045996,-16.070363235235547,-15.739458548572763,-15.413860878057656,-15.093570223690211,-14.778586585470428,-14.468909963398323,-14.164540357473893,-14.0,-14.0,-14.0,-14.0,-14.0,-14.0,-14.0,-14.0,-14.0,-14.0,-14.0,-14.0,-14.0,-14.0,-14.0,-14.0,-14.0,-14.0,-14.0,-14.0,-14.0,False,False,True,False,False,False,False
4200,0.145395613296594,-23.18975033365505,-22.76331440630734,-22.342120320971727,-21.926168077648207,-21.515457676336773,-21.109989117037443,-20.7097623997502,-20.314777524475062,-19.92503449121201,-19.540533299961062,-19.1612739507222,-18.787256443495426,-18.418480778280756,-18.054946955078172,-17.696654973887693,-17.343604834709296,-16.995796537542994,-16.653230082388788,-16.315905469246687,-15.983822698116676,-15.656981768998751,-15.335382681892927,-15.019025436799193,-14.707910033717546,-14.402036472648001,-14.10140475359056,-14.0,-14.0,-14.0,-14.0,-14.0,-14.0,-14.0,-14.0,-14.0,-14.0,-14.0,-14.0,-14.0,-14.0,-14.0,-14.0,-14.0,-14.0,-14.0,-14.0,-14.0,False,False,True,False,False,False,False
4250,0.145395613296594,-23.017929179139013,-22.596666168391533,-22.180581413054217,-21.76967491312707,-21.36394666861008,-20.963396679503266,-20.56802494580661,-20.17783146752013,-19.79281624464381,-19.412979277177662,-19.038320565121676,-18.668840108475848,-18.304537907240196,-17.9454139614147,-17.591468270999382,-17.24270083599422,-16.89911165639922,-16.560700732214396,-16.227468063439744,-15.899413650075251,-15.57653749212092,-15.258839589576763,-14.946319942442763,-14.638978550718925,-14.336815414405258,-14.03983053350177,-14.0,-14.0,-14.0,-14.0,-14.0,-14.0,-14.0,-14.0,-14.0,-14.0,-14.0,-14.0,-14.0,-14.0,-14.0,-14.0,-14.0,-14.0,-14.0,-14.0,-14.0,False,False,True,False,False,False,False
4300,0.145395613296594,-22.850264962965447,-22.434050400618293,-22.022952037069224,-21.61696987231824,-21.216103906365333,-20.820354139210522,-20.42972057085379,-20.04420320129515,-19.66380203053459,-19.288517058572122,-18.918348285407735,-18.553295711041425,-18.19335933547321,-17.838539158703075,-17.48883518073103,-17.144247401557067,-16.80477582118118,-16.47042043960339,-16.14118125682369,-15.81705827284207,-15.498051487658529,-15.184160901273081,-14.875386513685713,-14.571728324896423,-14.273186334905226,-14.0,-14.0,-14.0,-14.0,-14.0,-14.0,-14.0,-14.0,-14.0,-14.0,-14.0,-14.0,-14.0,-14.0,-14.0,-14.0,-14.0,-14.0,-14.0,-14.0,-14.0,-14.0,False,False,True,False,False,False,False
4350,0.145395613296594,-22.686608297168,-22.27532217182448,-21.869091663872833,-21.46791677331305,-21.07179750014513,-20.680733844369094,-20.294725805984918,-19.91377338499262,-19.537876581392183,-19.167035395183625,-18.801249826366934,-18.4405198749421,-18.08484554090915,-17.73422682426806,-17.388663725018844,-17.048156243161497,-16.71270437869601,-16.382308131622402,-16.056967501940672,-15.736682489650805,-15.4214530947528,-15.111279317246673,-14.806161157132411,-14.506098614410012,-14.21109168907949,-14.0,-14.0,-14.0,-14.0,-14.0,-14.0,-14.0,-14.0,-14.0,-14.0,-14.0,-14.0,-14.0,-14.0,-14.0,-14.0,-14.0,-14.0,-14.0,-14.0,-14.0,-14.0,False,False,True,False,False,False,False
4400,0.145395613296594,-22.526816880627884,-22.120343426537627,-21.718866431450493,-21.32238589536648,-20.930901818285584,-20.544414200207818,-20.16292304113317,-19.78642834106165,-19.41493009999325,-19.048428317927975,-18.68692299486582,-18.330414130806783,-17.978901725750873,-17.632385779698083,-17.29086629264842,-16.954343264601874,-16.622816695558445,-16.296286585518146,-15.974752934480978,-15.658215742446925,-15.346675009415991,-15.040130735388184,-14.738582920363495,-14.442031564341924,-14.150476667323481,-14.0,-14.0,-14.0,-14.0,-14.0,-14.0,-14.0,-14.0,-14.0,-14.0,-14.0,-14.0,-14.0,-14.0,-14.0,-14.0,-14.0,-14.0,-14.0,-14.0,-14.0,-14.0,False,False,True,False,False,False,False
4450,0.145395613296594,-22.370755082324038,-21.968982580639402,-21.572148752841212,-21.180253598929465,-20.793297118904164,-20.411279312765313,-20.034200180512904,-19.66205972214695,-19.294857937667437,-18.93259482707438,-18.57527039036776,-18.22288462754758,-17.875437538613856,-17.53292912356657,-17.195359382405744,-16.862728315131353,-16.535035921743404,-16.21228220224191,-15.89446715662687,-15.58159078489827,-15.27365308705611,-14.970654063100403,-14.672593713031139,-14.379472036848316,-14.091289034551945,-14.0,-14.0,-14.0,-14.0,-14.0,-14.0,-14.0,-14.0,-14.0,-14.0,-14.0,-14.0,-14.0,-14.0,-14.0,-14.0,-14.0,-14.0,-14.0,-14.0,-14.0,-14.0,False,False,True,False,False,False,False
4500,0.145395613296594,-22.21829355377807,-21.821114145354425,-21.428816951528322,-21.041401972299763,-20.65886920766874,-20.281218657635268,-19.908450322199332,-19.54056420136095,-19.177560295120106,-18.819438603476808,-18.46619912643105,-18.11784186398283,-17.774366816132158,-17.435773982879024,-17.10206336422344,-16.773234960165393,-16.449288770704886,-16.130224795841926,-15.816043035576518,-15.506743489908649,-15.202326158838314,-14.902791042365532,-14.608138140490286,-14.318367453212577,-14.033478980532418,-14.0,-14.0,-14.0,-14.0,-14.0,-14.0,-14.0,-14.0,-14.0,-14.0,-14.0,-14.0,-14.0,-14.0,-14.0,-14.0,-14.0,-14.0,-14.0,-14.0,-14.0,-14.0,False,False,True,False,False,False,False
4550,0.145395613296594,-22.069308868324306,-21.676618377265306,-21.288754922067437,-20.9057185027307,-20.52750911925509,-20.154126771640623,-19.785571459887283,-19.421843183995083,-19.062941943964013,-18.70886773979408,-18.359620571485276,-18.015200439037603,-17.675607342451066,-17.340841281725655,-17.01090225686139,-16.68579026785825,-16.365505314716234,-16.050047397435364,-15.73941651601563,-15.433612670457027,-15.13263586075955,-14.836486086923212,-14.545163348948003,-14.258667646833922,-14.0,-14.0,-14.0,-14.0,-14.0,-14.0,-14.0,-14.0,-14.0,-14.0,-14.0,-14.0,-14.0,-14.0,-14.0,-14.0,-14.0,-14.0,-14.0,-14.0,-14.0,-14.0,-14.0,False,False,True,False,False,False,False
4600,0.145395613296594,-21.92368318505366,-21.535380952266657,-21.151851813927564,-20.77309577003638,-20.399112820593103,-20.029902965597746,-19.66546620505029,-19.305802538950754,-18.950911967299124,-18.60079449009541,-18.255450107339602,-17.914878819031696,-17.57908062517171,-17.24805552575963,-16.921803520795464,-16.600324610279202,-16.28361879421085,-15.971686072590412,-15.664526445417891,-15.362139912693277,-15.064526474416567,-14.771686130587776,-14.483618881206887,-14.200324726273905,-14.0,-14.0,-14.0,-14.0,-14.0,-14.0,-14.0,-14.0,-14.0,-14.0,-14.0,-14.0,-14.0,-14.0,-14.0,-14.0,-14.0,-14.0,-14.0,-14.0,-14.0,-14.0,-14.0,False,False,True,False,False,False,False
4650,0.145395613296594,-21.78130393547577,-21.397292661560794,-21.018001736705628,-20.64343116091027,-20.27358093417472,-19.908451056498993,-19.548041527883065,-19.19235234832696,-18.841383517830657,-18.495135036394174,-18.153606904017494,-17.816799120700622,-17.484711686443564,-17.157344601246315,-16.834697865108883,-16.516771478031256,-16.203565440013435,-15.89507975105543,-15.591314411157246,-15.292269420318865,-14.997944778540289,-14.708340485821532,-14.423456542162581,-14.143292947563435,-14.0,-14.0,-14.0,-14.0,-14.0,-14.0,-14.0,-14.0,-14.0,-14.0,-14.0,-14.0,-14.0,-14.0,-14.0,-14.0,-14.0,-14.0,-14.0,-14.0,-14.0,-14.0,-14.0,False,False,True,False,False,False,False
4700,0.145395613296594,-21.64206353111988,-21.26224912796852,-20.887103485040107,-20.516626602334643,-20.15081847985212,-19.78967911759256,-19.433208515555936,-19.081406673742272,-18.734273592151553,-18.391809270783785,-18.054013709638966,-17.720886908717087,-17.392428868018165,-17.068639587542187,-16.74951906728916,-16.435067307259082,-16.125284307451942,-15.820170067867764,-15.519724588506538,-15.223947869368256,-14.932839910452918,-14.646400711760537,-14.364630273291096,-14.087528595044601,-14.0,-14.0,-14.0,-14.0,-14.0,-14.0,-14.0,-14.0,-14.0,-14.0,-14.0,-14.0,-14.0,-14.0,-14.0,-14.0,-14.0,-14.0,-14.0,-14.0,-14.0,-14.0,-14.0,False,False,True,False,False,False,False
4750,0.145395613296594,-21.505859090453097,-21.130150540981965,-20.75906028169846,-20.392588312602577,-20.030734633694316,-19.673499244973687,-19.32088214644068,-18.972883338095304,-18.629502819937546,-18.29074059196742,-17.956596654184917,-17.627071006590032,-17.302163649182777,-16.981874581963144,-16.666203804931143,-16.35515131808676,-16.04871712143,-15.74690121496087,-15.449703598679372,-15.157124272585493,-14.869163236679233,-14.585820490960607,-14.3070960354296,-14.032989870086213,-14.0,-14.0,-14.0,-14.0,-14.0,-14.0,-14.0,-14.0,-14.0,-14.0,-14.0,-14.0,-14.0,-14.0,-14.0,-14.0,-14.0,-14.0,-14.0,-14.0,-14.0,-14.0,-14.0,False,False,True,False,False,False,False
4800,0.145395613296594,-21.372592183637195,-21.000901409124666,-20.633779537447,-20.271226568604202,-19.913242502596265,-19.5598273394232,-19.210981079084995,-18.866703721581665,-18.526995266913197,-18.191855715079598,-17.86128506608086,-17.53528331991698,-17.21385047658798,-16.896986536093834,-16.584691498434566,-16.276965363610156,-15.973808131620604,-15.675219802465929,-15.381200376146124,-15.09174985266118,-14.806868232011096,-14.526555514195886,-14.250811699215538,-14.0,-14.0,-14.0,-14.0,-14.0,-14.0,-14.0,-14.0,-14.0,-14.0,-14.0,-14.0,-14.0,-14.0,-14.0,-14.0,-14.0,-14.0,-14.0,-14.0,-14.0,-14.0,-14.0,-14.0,False,False,True,False,False,False,False
4850,0.145395613296594,-21.242168593773698,-20.874410328308784,-20.511172626432867,-20.15245548814595,-19.798258913448024,-19.44858290233911,-19.103427454819183,-18.762792570888262,-18.42667825054634,-18.095084493793415,-17.76801130062949,-17.445458671054556,-17.127426605068624,-16.81391510267169,-16.50492416386376,-16.200453788644822,-15.900503977014877,-15.605074728973939,-15.314166044522006,-15.027777923659064,-14.745910366385118,-14.468563372700176,-14.195736942604228,-14.0,-14.0,-14.0,-14.0,-14.0,-14.0,-14.0,-14.0,-14.0,-14.0,-14.0,-14.0,-14.0,-14.0,-14.0,-14.0,-14.0,-14.0,-14.0,-14.0,-14.0,-14.0,-14.0,-14.0,False,False,True,False,False,False,False
4900,0.145395613296594,-21.114498093402897,-20.75058976499196,-20.391154675916834,-20.03619282617752,-19.685704215774013,-19.339688844706323,-18.998146712974446,-18.661077820578384,-18.328482167518132,-18.000359753793695,-17.67671057940507,-17.357534644352253,-17.04283194863525,-16.732602492254056,-16.426846275208682,-16.125563297499113,-15.828753559125355,-15.536417060087414,-15.248553800385293,-14.965163780018978,-14.686246998988471,-14.411803457293784,-14.141833154934902,-14.0,-14.0,-14.0,-14.0,-14.0,-14.0,-14.0,-14.0,-14.0,-14.0,-14.0,-14.0,-14.0,-14.0,-14.0,-14.0,-14.0,-14.0,-14.0,-14.0,-14.0,-14.0,-14.0,-14.0,False,False,True,False,False,False,False
4950,0.145395613296594,-20.989494235127562,-20.629355853038096,-20.273644369294523,-19.922359783896837,-19.57550209684504,-19.23307130813914,-18.89506741777913,-18.561490425765015,-18.232340332096786,-17.90761713677446,-17.587320839798014,-17.271451441167454,-16.960008940882794,-16.65299333894402,-16.350404635351147,-16.052242830104156,-15.75850792320305,-15.469199914647845,-15.184318804438536,-14.903864592575117,-14.627837279057578,-14.356236863885941,-14.08906334706019,-14.0,-14.0,-14.0,-14.0,-14.0,-14.0,-14.0,-14.0,-14.0,-14.0,-14.0,-14.0,-14.0,-14.0,-14.0,-14.0,-14.0,-14.0,-14.0,-14.0,-14.0,-14.0,-14.0,-14.0,False,False,True,False,False,False,False
5000,0.145395613296594,-20.86707415532675,-20.510628203278372,-20.15856376143273,-19.810880829789827,-19.467579408349653,-19.12865949711223,-18.794121096077536,-18.463964205245592,-18.13818882461638,-17.81679495418991,-17.49978259396617,-17.18715174394517,-16.87890240412691,-16.575034574511385,-16.275548255098602,-15.980443445888556,-15.68972014688124,-15.403378358076672,-15.121418079474848,-14.843839311075756,-14.570642052879396,-14.301826304885783,-14.037392067094903,-14.0,-14.0,-14.0,-14.0,-14.0,-14.0,-14.0,-14.0,-14.0,-14.0,-14.0,-14.0,-14.0,-14.0,-14.0,-14.0,-14.0,-14.0,-14.0,-14.0,-14.0,-14.0,-14.0,-14.0,False,False,True,False,False,False,False
5050,0.145395613296594,-20.759122970110983,-20.405868312762998,-20.056955937537843,-19.712385844435516,-19.372158033456017,-19.036272504599356,-18.70472925786552,-18.37752829325452,-18.05466961076635,-17.73615321040101,-17.4219790921585,-17.112147256038817,-16.806657702041967,-16.505510430167945,-16.208705440416757,-15.916242732788398,-15.628122307282862,-15.344344163900164,-15.064908302640303,-14.789814723503268,-14.519063426489057,-14.252654411597684,-14.0,-14.0,-14.0,-14.0,-14.0,-14.0,-14.0,-14.0,-14.0,-14.0,-14.0,-14.0,-14.0,-14.0,-14.0,-14.0,-14.0,-14.0,-14.0,-14.0,-14.0,-14.0,-14.0,-14.0,-14.0,False,False,True,False,False,False,False
5100,0.145395613296594,-20.652329756459576,-20.302237705530594,-19.95644906128705,-19.614963823728942,-19.277781992856273,-18.94490356866905,-18.61632855116726,-18.29205694035092,-17.972088736220012,-17.656423938774548,-17.34506254801452,-17.03800456393993,-16.735249986550784,-16.436798815847073,-16.142651051828807,-15.852806694495973,-15.567265743848576,-15.286028199886626,-15.00909406261012,-14.736463332019051,-14.468136008113415,-14.204112090893226,-14.0,-14.0,-14.0,-14.0,-14.0,-14.0,-14.0,-14.0,-14.0,-14.0,-14.0,-14.0,-14.0,-14.0,-14.0,-14.0,-14.0,-14.0,-14.0,-14.0,-14.0,-14.0,-14.0,-14.0,-14.0,False,False,True,False,False,False,False
5150,0.145395613296594,-20.547645340477548,-20.200653027760527,-19.857926019081056,-19.519464314439137,-19.185267913834767,-18.855336817267958,-18.529671024738697,-18.208270536246996,-17.89113535179284,-17.578265471376245,-17.269660894997198,-16.9653216226557,-16.66524765435176,-16.369438990085367,-16.077895629856535,-15.790617573665251,-15.507604821511514,-15.228857373395337,-14.95437522931672,-14.68415838927565,-14.418206853272128,-14.156520621306166,-14.0,-14.0,-14.0,-14.0,-14.0,-14.0,-14.0,-14.0,-14.0,-14.0,-14.0,-14.0,-14.0,-14.0,-14.0,-14.0,-14.0,-14.0,-14.0,-14.0,-14.0,-14.0,-14.0,-14.0,-14.0,False,False,True,False,False,False,False
5200,0.145395613296594,-20.445009827948343,-20.1010561588844,-19.76133044219757,-19.42583267788784,-19.09456286595521,-18.767521006399697,-18.444707099221286,-18.126121144419987,-17.811763141995787,-17.501633091948705,-17.19573099427872,-16.894056848985837,-16.596610656070066,-16.3033924155314,-16.014402127369845,-15.729639791585388,-15.449105408178035,-15.172798977147796,-14.90072049849467,-14.632869972218643,-14.36924739831972,-14.109852776797908,-14.0,-14.0,-14.0,-14.0,-14.0,-14.0,-14.0,-14.0,-14.0,-14.0,-14.0,-14.0,-14.0,-14.0,-14.0,-14.0,-14.0,-14.0,-14.0,-14.0,-14.0,-14.0,-14.0,-14.0,-14.0,False,False,True,False,False,False,False
5250,0.145395613296594,-20.344365604160167,-20.003391190455755,-19.666608107481668,-19.334016355237896,-19.005615933724442,-18.681406842941314,-18.3613890828885,-18.045562653566016,-17.733927554973846,-17.426483787111998,-17.12323134998047,-16.824170243579257,-16.529300467908367,-16.238622022967792,-15.952134908757547,-15.669839125277614,-15.391734672527997,-15.117821550508706,-14.848099759219743,-14.582569298661094,-14.32123016883276,-14.064082369734752,-14.0,-14.0,-14.0,-14.0,-14.0,-14.0,-14.0,-14.0,-14.0,-14.0,-14.0,-14.0,-14.0,-14.0,-14.0,-14.0,-14.0,-14.0,-14.0,-14.0,-14.0,-14.0,-14.0,-14.0,-14.0,False,False,True,False,False,False,False
5300,0.145395613296594,-20.245657227195856,-19.907604322586927,-19.573706836891006,-19.243964770108104,-18.91837812223821,-18.596946893281334,-18.279671083237474,-17.96655069210663,-17.6575857198888,-17.352776166583986,-17.052122032192184,-16.755623316713393,-16.46328002014762,-16.17509214249486,-15.89105968375512,-15.611182643928387,-15.335461023014666,-15.063894821013966,-14.796484037926286,-14.533228673751616,-14.274128728489954,-14.019184202141314,-14.0,-14.0,-14.0,-14.0,-14.0,-14.0,-14.0,-14.0,-14.0,-14.0,-14.0,-14.0,-14.0,-14.0,-14.0,-14.0,-14.0,-14.0,-14.0,-14.0,-14.0,-14.0,-14.0,-14.0,-14.0,False,False,True,False,False,False,False
5350,0.145395613296594,-20.148831327177813,-19.81364376616558,-19.48257640264743,-19.155629236623366,-18.83280226809338,-18.514095497057486,-18.19950892351567,-17.889042547467945,-17.582696368914295,-17.280470387854738,-16.98236460428926,-16.68837901821786,-16.39851362964055,-16.11276843855732,-15.831143444968179,-15.553638648873116,-15.280254050272132,-15.01098964916524,-14.745845445552437,-14.484821439433713,-14.227917630809067,-14.0,-14.0,-14.0,-14.0,-14.0,-14.0,-14.0,-14.0,-14.0,-14.0,-14.0,-14.0,-14.0,-14.0,-14.0,-14.0,-14.0,-14.0,-14.0,-14.0,-14.0,-14.0,-14.0,-14.0,-14.0,-14.0,False,False,True,False,False,False,False
5400,0.145395613296594,-20.05383651108425,-19.721459650478515,-19.39316843763376,-19.068962872549992,-18.7488429552272,-18.4328086856654,-18.12086006386458,-17.812997089824748,-17.509219763545897,-17.209528085028033,-16.91392205427115,-16.622401671275245,-16.334966936040328,-16.05161784856639,-15.772354408853444,-15.497176616901475,-15.226084472710484,-14.959077976280486,-14.696157127611476,-14.437321926703445,-14.182572373556392,-14.0,-14.0,-14.0,-14.0,-14.0,-14.0,-14.0,-14.0,-14.0,-14.0,-14.0,-14.0,-14.0,-14.0,-14.0,-14.0,-14.0,-14.0,-14.0,-14.0,-14.0,-14.0,-14.0,-14.0,-14.0,-14.0,False,False,True,False,False,False,False
5450,0.145395613296594,-19.9606232727811,-19.63100393589739,-19.30543635070079,-18.9839205171913,-18.666456435368918,-18.353044105233653,-18.043683526785493,-17.73837470002445,-17.437117624950513,-17.139912301563694,-16.84675872986398,-16.55765690985137,-16.272606841525878,-15.991608524887491,-15.714661959936223,-15.44176714667206,-15.172924085095001,-14.908132775205061,-14.647393217002236,-14.390705410486518,-14.138069355657905,-14.0,-14.0,-14.0,-14.0,-14.0,-14.0,-14.0,-14.0,-14.0,-14.0,-14.0,-14.0,-14.0,-14.0,-14.0,-14.0,-14.0,-14.0,-14.0,-14.0,-14.0,-14.0,-14.0,-14.0,-14.0,-14.0,False,False,True,False,False,False,False
5500,0.145395613296594,-19.869143907939524,-19.542230331306214,-19.219335246573852,-18.90045865374244,-18.58560055281197,-18.274760943782457,-17.96793982665389,-17.665137201426276,-17.36635306809961,-17.071587426673894,-16.780840277149125,-16.4941116195253,-16.21140145380243,-15.932709779980504,-15.658036598059534,-15.387381908039506,-15.120745709920424,-14.858128003702298,-14.599528789385126,-14.344948066968898,-14.094385836453615,-14.0,-14.0,-14.0,-14.0,-14.0,-14.0,-14.0,-14.0,-14.0,-14.0,-14.0,-14.0,-14.0,-14.0,-14.0,-14.0,-14.0,-14.0,-14.0,-14.0,-14.0,-14.0,-14.0,-14.0,-14.0,-14.0,False,False,True,False,False,False,False
5550,0.145395613296594,-19.77935243353277,-19.455094215973208,-19.13482185007052,-18.81853533582471,-18.506234673235767,-18.19791986230371,-17.893590903028525,-17.59324779541022,-17.29689053944879,-17.004519135144243,-16.716133582496564,-16.43173388150576,-16.151320032171835,-15.874892034494785,-15.602449888474617,-15.333993594111318,-15.069523151404892,-14.80903856035535,-14.55253982096269,-14.300026933226901,-14.051499897147984,-14.0,-14.0,-14.0,-14.0,-14.0,-14.0,-14.0,-14.0,-14.0,-14.0,-14.0,-14.0,-14.0,-14.0,-14.0,-14.0,-14.0,-14.0,-14.0,-14.0,-14.0,-14.0,-14.0,-14.0,-14.0,-14.0,False,False,True,False,False,False,False
5600,0.145395613296594,-19.691204511627813,-19.36955256559093,-19.05185443436157,-18.738110117939737,-18.42831961632542,-18.12248292951864,-17.82060005751938,-17.522671000327644,-17.228695757943434,-16.938674330366755,-16.652606717597596,-16.370492919635957,-16.092332936481846,-15.818126768135258,-15.547874414596201,-15.281575875864664,-15.019231151940646,-14.76084024282416,-14.506403148515204,-14.25591986901377,-14.009390404319856,-14.0,-14.0,-14.0,-14.0,-14.0,-14.0,-14.0,-14.0,-14.0,-14.0,-14.0,-14.0,-14.0,-14.0,-14.0,-14.0,-14.0,-14.0,-14.0,-14.0,-14.0,-14.0,-14.0,-14.0,-14.0,-14.0,False,False,True,False,False,False,False
5650,0.145395613296594,-19.60465737720728,-19.285563882227933,-18.970392753026193,-18.65914398960205,-18.35181759195551,-18.048413560086576,-17.74893189399524,-17.45337259368151,-17.161735659145382,-16.874021090386858,-16.590228887405935,-16.310359050202607,-16.03441157877689,-15.762386473128768,-15.494283733258253,-15.230103359165337,-14.969845350850019,-14.713509708312309,-14.461096431552207,-14.212605520569701,-14.0,-14.0,-14.0,-14.0,-14.0,-14.0,-14.0,-14.0,-14.0,-14.0,-14.0,-14.0,-14.0,-14.0,-14.0,-14.0,-14.0,-14.0,-14.0,-14.0,-14.0,-14.0,-14.0,-14.0,-14.0,-14.0,-14.0,False,False,True,False,False,False,False
5700,0.145395613296594,-19.519669769775692,-19.203088127953208,-18.89039797566981,-18.58159931292549,-18.27669213972025,-17.975676456054103,-17.67855226192703,-17.385319557339052,-17.09597834229015,-16.810528616780335,-16.5289703808096,-16.251303634377944,-15.977528377485378,-15.70764461013189,-15.44165233231749,-15.179551544042168,-14.921342245305926,-14.667024436108772,-14.416598116450709,-14.170063286331724,-14.0,-14.0,-14.0,-14.0,-14.0,-14.0,-14.0,-14.0,-14.0,-14.0,-14.0,-14.0,-14.0,-14.0,-14.0,-14.0,-14.0,-14.0,-14.0,-14.0,-14.0,-14.0,-14.0,-14.0,-14.0,-14.0,-14.0,False,False,True,False,False,False,False
5750,0.145395613296594,-19.436201868521,-19.12208666191112,-18.811832626888926,-18.505439763454422,-18.202908071607606,-17.904237551348487,-17.609428202677055,-17.318480025593317,-17.031393020097266,-16.748167186188912,-16.46880252386824,-16.193299033135258,-15.921656713989968,-15.653875566432367,-15.38995559046246,-15.12989678608024,-14.873699153285704,-14.621362692078867,-14.372887402459725,-14.128273284428268,-14.0,-14.0,-14.0,-14.0,-14.0,-14.0,-14.0,-14.0,-14.0,-14.0,-14.0,-14.0,-14.0,-14.0,-14.0,-14.0,-14.0,-14.0,-14.0,-14.0,-14.0,-14.0,-14.0,-14.0,-14.0,-14.0,-14.0,False,False,True,False,False,False,False
5800,0.145395613296594,-19.354215230818152,-19.04252218063991,-18.73466052838225,-18.430630274045175,-18.130431417628678,-17.83406395913277,-17.541527898557444,-17.252823235902703,-16.967949971168544,-16.686908104354973,-16.409697635461985,-16.13631856448957,-15.866770891437747,-15.601054616306504,-15.33916973909585,-15.081116259805773,-14.826894178436275,-14.576503494987367,-14.32994420945905,-14.08721632185131,-14.0,-14.0,-14.0,-14.0,-14.0,-14.0,-14.0,-14.0,-14.0,-14.0,-14.0,-14.0,-14.0,-14.0,-14.0,-14.0,-14.0,-14.0,-14.0,-14.0,-14.0,-14.0,-14.0,-14.0,-14.0,-14.0,-14.0,False,False,True,False,False,False,False
5850,0.145395613296594,-19.273672733875962,-18.964358661440837,-18.658846744020906,-18.35713698161616,-18.059229374226604,-17.76512392185224,-17.474820624493066,-17.188319482149087,-16.905620494820294,-16.626723662506695,-16.351628985208283,-16.080336462925057,-15.812846095657026,-15.549157883404181,-15.289271826166532,-15.03318792394407,-14.780906176736792,-14.53242658454471,-14.287749147367824,-14.046873865206125,-14.0,-14.0,-14.0,-14.0,-14.0,-14.0,-14.0,-14.0,-14.0,-14.0,-14.0,-14.0,-14.0,-14.0,-14.0,-14.0,-14.0,-14.0,-14.0,-14.0,-14.0,-14.0,-14.0,-14.0,-14.0,-14.0,-14.0,False,False,True,False,False,False,False
5900,0.145395613296594,-19.194538519341954,-18.88756130861808,-18.58435752770331,-18.28492717659765,-17.98927025530109,-17.697386763813647,-17.4092767021353,-17.12494007026607,-16.84437686820594,-16.567587095954927,-16.29457075351301,-16.0253278408802,-15.7598583580565,-15.498162305041904,-15.240239681836417,-14.986090488440034,-14.735714724852754,-14.489112391074586,-14.246283487105531,-14.007228012945577,-14.0,-14.0,-14.0,-14.0,-14.0,-14.0,-14.0,-14.0,-14.0,-14.0,-14.0,-14.0,-14.0,-14.0,-14.0,-14.0,-14.0,-14.0,-14.0,-14.0,-14.0,-14.0,-14.0,-14.0,-14.0,-14.0,-14.0,False,False,True,False,False,False,False
5950,0.145395613296594,-19.116777940692227,-18.81209650242156,-18.511160273831905,-18.213969254923253,-17.920523445695608,-17.630822846148977,-17.344867456283353,-17.06265727609874,-16.784192305595134,-16.50947254477254,-16.238497993630947,-15.971268652170362,-15.70778452039079,-15.448045598292223,-15.19205188587467,-14.93980338313812,-14.691300090082574,-14.446542006708043,-14.205529133014526,-14.0,-14.0,-14.0,-14.0,-14.0,-14.0,-14.0,-14.0,-14.0,-14.0,-14.0,-14.0,-14.0,-14.0,-14.0,-14.0,-14.0,-14.0,-14.0,-14.0,-14.0,-14.0,-14.0,-14.0,-14.0,-14.0,-14.0,-14.0,False,False,True,False,False,False,False
6000,0.145395613296594,-19.040357513244917,-18.737931750536035,-18.43922347025966,-18.1442326724158,-17.852959357004444,-17.56540352402561,-17.281565173479283,-17.00144430536547,-16.72504091968417,-16.452355016435384,-16.18338659561911,-15.918135657235338,-15.656602201284086,-15.39878622776534,-15.144687736679113,-14.894306728025395,-14.647643201804183,-14.40469715801549,-14.165468596659311,-14.0,-14.0,-14.0,-14.0,-14.0,-14.0,-14.0,-14.0,-14.0,-14.0,-14.0,-14.0,-14.0,-14.0,-14.0,-14.0,-14.0,-14.0,-14.0,-14.0,-14.0,-14.0,-14.0,-14.0,-14.0,-14.0,-14.0,-14.0,False,False,True,False,False,False,False
6050,0.145395613296594,-18.965244866646415,-18.665035641969986,-18.368516653564487,-18.07568790142992,-17.78654938556628,-17.50110110597358,-17.219343062651806,-16.94127525560097,-16.666897684821063,-16.396210350312096,-16.129213252074052,-15.86590639010694,-15.606289764410764,-15.350363374985516,-15.098127221831207,-14.849581304947824,-14.60472562433537,-14.363560179993854,-14.126084971923277,-14.0,-14.0,-14.0,-14.0,-14.0,-14.0,-14.0,-14.0,-14.0,-14.0,-14.0,-14.0,-14.0,-14.0,-14.0,-14.0,-14.0,-14.0,-14.0,-14.0,-14.0,-14.0,-14.0,-14.0,-14.0,-14.0,-14.0,-14.0,False,False,True,False,False,False,False
6100,0.145395613296594,-18.891408699689386,-18.59337780320761,-18.299010366518715,-18.008306389622707,-17.72126587251958,-17.437888815209345,-17.158175217691994,-16.882125079967533,-16.60973840203595,-16.341015183897262,-16.075955425551456,-15.81455912699853,-15.556826288238495,-15.302756909271341,-15.052350990097079,-14.805608530715698,-14.5625295311272,-14.323113991331592,-14.087361911328875,-14.0,-14.0,-14.0,-14.0,-14.0,-14.0,-14.0,-14.0,-14.0,-14.0,-14.0,-14.0,-14.0,-14.0,-14.0,-14.0,-14.0,-14.0,-14.0,-14.0,-14.0,-14.0,-14.0,-14.0,-14.0,-14.0,-14.0,-14.0,False,False,True,False,False,False,False
6150,0.145395613296594,-18.818818737330737,-18.522928856495824,-18.2306761176296,-17.942060520732067,-17.65708206580322,-17.375740752843072,-17.09803658185161,-16.823969552828846,-16.553539665774764,-16.28674692068938,-16.023591317572688,-15.764072856424677,-15.508191537245365,-15.255947360034739,-15.007340324792809,-14.762370431519566,-14.521037680215008,-14.283342070879149,-14.049283603511986,-14.0,-14.0,-14.0,-14.0,-14.0,-14.0,-14.0,-14.0,-14.0,-14.0,-14.0,-14.0,-14.0,-14.0,-14.0,-14.0,-14.0,-14.0,-14.0,-14.0,-14.0,-14.0,-14.0,-14.0,-14.0,-14.0,-14.0,-14.0,False,False,True,False,False,False,False
6200,0.145395613296594,-18.74744568978617,-18.453660380146648,-18.163486342634652,-17.876923577250174,-17.593972083993215,-17.314631862863784,-17.038902913861868,-16.76678523698748,-16.49827883224061,-16.233383699621267,-15.972099839129442,-15.714427250765132,-15.46036593452835,-15.209915890419083,-14.963077118437345,-14.719849618583124,-14.48023339085642,-14.244228435257243,-14.011834751785592,-14.0,-14.0,-14.0,-14.0,-14.0,-14.0,-14.0,-14.0,-14.0,-14.0,-14.0,-14.0,-14.0,-14.0,-14.0,-14.0,-14.0,-14.0,-14.0,-14.0,-14.0,-14.0,-14.0,-14.0,-14.0,-14.0,-14.0,-14.0,False,False,True,False,False,False,False
6250,0.145395613296594,-18.677261213585805,-18.38554487074281,-18.097414367843083,-17.812869704886626,-17.531910881873436,-17.254537898803523,-16.980750755676876,-16.710549452493506,-16.4439339892534,-16.18090436595657,-15.921460582603006,-15.665602639192707,-15.413330535725684,-15.16464427220193,-14.919543848621448,-14.678029264984232,-14.440100521290283,-14.20575761753961,-14.0,-14.0,-14.0,-14.0,-14.0,-14.0,-14.0,-14.0,-14.0,-14.0,-14.0,-14.0,-14.0,-14.0,-14.0,-14.0,-14.0,-14.0,-14.0,-14.0,-14.0,-14.0,-14.0,-14.0,-14.0,-14.0,-14.0,-14.0,-14.0,False,False,True,False,False,False,False
6300,0.145395613296594,-18.608237874482718,-18.31855570714157,-18.032434375221506,-17.749873878722525,-17.470874217644628,-17.195435391987825,-16.923557401752102,-16.65524024693747,-16.39048392754392,-16.12928844357146,-15.871653795020084,-15.617579981889788,-15.367067004180583,-15.120114861892462,-14.87672355502543,-14.636893083579482,-14.400623447554613,-14.167914646950837,-14.0,-14.0,-14.0,-14.0,-14.0,-14.0,-14.0,-14.0,-14.0,-14.0,-14.0,-14.0,-14.0,-14.0,-14.0,-14.0,-14.0,-14.0,-14.0,-14.0,-14.0,-14.0,-14.0,-14.0,-14.0,-14.0,-14.0,-14.0,-14.0,False,False,True,False,False,False,False
6350,0.145395613296594,-18.540349112112914,-18.252667116178372,-17.968521369128375,-17.68791187096292,-17.410838621682007,-17.137301621285644,-16.867300869773818,-16.60083636714654,-16.337908113403806,-16.07851610854562,-15.822660352571974,-15.570340845482868,-15.32155758727831,-15.076310577958292,-14.834599817522824,-14.596425305971895,-14.361787043305505,-14.130685029523667,-14.0,-14.0,-14.0,-14.0,-14.0,-14.0,-14.0,-14.0,-14.0,-14.0,-14.0,-14.0,-14.0,-14.0,-14.0,-14.0,-14.0,-14.0,-14.0,-14.0,-14.0,-14.0,-14.0,-14.0,-14.0,-14.0,-14.0,-14.0,-14.0,False,False,True,False,False,False,False
6400,0.145395613296594,-18.473569206311712,-18.18785413997801,-17.905651144607724,-17.626960220200857,-17.351781366757404,-17.080114584277375,-16.81195987276076,-16.547317232207572,-16.286186662617794,-16.02856816399144,-15.774461736328504,-15.52386737962898,-15.27678509389288,-15.033214879120193,-14.79315673531093,-14.556610662465083,-14.323576660582649,-14.094054729663638,-14.0,-14.0,-14.0,-14.0,-14.0,-14.0,-14.0,-14.0,-14.0,-14.0,-14.0,-14.0,-14.0,-14.0,-14.0,-14.0,-14.0,-14.0,-14.0,-14.0,-14.0,-14.0,-14.0,-14.0,-14.0,-14.0,-14.0,-14.0,-14.0,False,False,True,False,False,False,False
6450,0.145395613296594,-18.4078732449973,-18.1240926047867,-17.84380025715812,-17.56699620211156,-17.293680439647023,-17.023852969764512,-16.75751379246402,-16.494662907745557,-16.235300315609113,-15.979426016054695,-15.727040009082296,-15.478142294691915,-15.232732872883561,-14.990811743657227,-14.752378907012922,-14.517434362950633,-14.285978111470362,-14.058010152572121,-14.0,-14.0,-14.0,-14.0,-14.0,-14.0,-14.0,-14.0,-14.0,-14.0,-14.0,-14.0,-14.0,-14.0,-14.0,-14.0,-14.0,-14.0,-14.0,-14.0,-14.0,-14.0,-14.0,-14.0,-14.0,-14.0,-14.0,-14.0,-14.0,False,False,True,False,False,False,False
6500,0.145395613296594,-18.343237093537716,-18.061359091243848,-17.782945993898068,-17.507997801500373,-17.236514514050764,-16.968496131549248,-16.703942653995814,-16.442854081390472,-16.185230413733212,-15.931071651024045,-15.680377793262961,-15.43314884044996,-15.189384792585052,-14.949085649668225,-14.712251411699492,-14.478882078678843,-14.248977650606275,-14.0225381274818,-14.0,-14.0,-14.0,-14.0,-14.0,-14.0,-14.0,-14.0,-14.0,-14.0,-14.0,-14.0,-14.0,-14.0,-14.0,-14.0,-14.0,-14.0,-14.0,-14.0,-14.0,-14.0,-14.0,-14.0,-14.0,-14.0,-14.0,-14.0,-14.0,False,False,True,False,False,False,False
6550,0.145395613296594,-18.279637365522625,-17.999630906017142,-17.723066346053802,-17.449943685632615,-17.180262924753567,-16.914024063416676,-16.65122710162193,-16.391872039369336,-16.135958876658886,-15.88348761349059,-15.634458249864439,-15.38887078578043,-15.146725221238576,-14.908021556238864,-14.672759790781308,-14.440939924865894,-14.212561958492625,-14.0,-14.0,-14.0,-14.0,-14.0,-14.0,-14.0,-14.0,-14.0,-14.0,-14.0,-14.0,-14.0,-14.0,-14.0,-14.0,-14.0,-14.0,-14.0,-14.0,-14.0,-14.0,-14.0,-14.0,-14.0,-14.0,-14.0,-14.0,-14.0,-14.0,False,False,True,False,False,False,False
6600,0.145395613296594,-18.21705139486601,-17.93888605472925,-17.664139982699904,-17.392813178777974,-17.124905642963462,-16.86041737525637,-16.599348375656696,-16.341698644164445,-16.087468180779606,-15.836656985502193,-15.589265058332193,-15.345292399269608,-15.104739008314446,-14.8676048854667,-14.633890030726374,-14.403594444093464,-14.176718125567968,-14.0,-14.0,-14.0,-14.0,-14.0,-14.0,-14.0,-14.0,-14.0,-14.0,-14.0,-14.0,-14.0,-14.0,-14.0,-14.0,-14.0,-14.0,-14.0,-14.0,-14.0,-14.0,-14.0,-14.0,-14.0,-14.0,-14.0,-14.0,-14.0,-14.0,False,False,True,False,False,False,False
6650,0.145395613296594,-18.15545720917029,-17.879103216108756,-17.606146225687336,-17.33658623790603,-17.070423252764833,-16.80765727026376,-16.548288290402798,-16.292316313181953,-16.03974133860122,-15.790563366660606,-15.544782397360104,-15.302398430699713,-15.06341146667944,-14.82782150529928,-14.595628546559238,-14.366832590459307,-14.141433636999487,-14.0,-14.0,-14.0,-14.0,-14.0,-14.0,-14.0,-14.0,-14.0,-14.0,-14.0,-14.0,-14.0,-14.0,-14.0,-14.0,-14.0,-14.0,-14.0,-14.0,-14.0,-14.0,-14.0,-14.0,-14.0,-14.0,-14.0,-14.0,-14.0,-14.0,False,False,True,False,False,False,False
6700,0.145395613296594,-18.094833504286576,-17.820261717301914,-17.549065025697473,-17.281243429473257,-17.016796928629255,-16.755725523165484,-16.498029213081928,-16.243707998378603,-15.992761879055495,-15.745190855112613,-15.500994926549948,-15.260174093367503,-15.022728355565285,-14.788657713143285,-14.557962166101513,-14.330641714439958,-14.10669635815862,-14.0,-14.0,-14.0,-14.0,-14.0,-14.0,-14.0,-14.0,-14.0,-14.0,-14.0,-14.0,-14.0,-14.0,-14.0,-14.0,-14.0,-14.0,-14.0,-14.0,-14.0,-14.0,-14.0,-14.0,-14.0,-14.0,-14.0,-14.0,-14.0,-14.0,False,False,True,False,False,False,False
6750,0.145395613296594,-18.03515962000962,-17.76234151028557,-17.492876939364187,-17.22676590724547,-16.964008413929413,-16.704604459416032,-16.44855404370531,-16.195857166797264,-15.946513828691879,-15.700524029389166,-15.457887768889115,-15.218605047191726,-14.98267586429701,-14.750100220204956,-14.520878114915574,-14.295009548428853,-14.072494520744796,-14.0,-14.0,-14.0,-14.0,-14.0,-14.0,-14.0,-14.0,-14.0,-14.0,-14.0,-14.0,-14.0,-14.0,-14.0,-14.0,-14.0,-14.0,-14.0,-14.0,-14.0,-14.0,-14.0,-14.0,-14.0,-14.0,-14.0,-14.0,-14.0,-14.0,False,False,True,False,False,False,False
6800,0.145395613296594,-17.97641551684956,-17.705323149325118,-17.437563107409556,-17.17313539110288,-16.912040000405074,-16.654276935316158,-16.39984619583612,-16.148747781964968,-15.900981693702692,-15.656547931049301,-15.415446494004788,-15.177677382569152,-14.943240596742404,-14.712136136524531,-14.484364001915546,-14.259924192915436,-14.038816709524204,-14.0,-14.0,-14.0,-14.0,-14.0,-14.0,-14.0,-14.0,-14.0,-14.0,-14.0,-14.0,-14.0,-14.0,-14.0,-14.0,-14.0,-14.0,-14.0,-14.0,-14.0,-14.0,-14.0,-14.0,-14.0,-14.0,-14.0,-14.0,-14.0,-14.0,False,False,True,False,False,False,False
6850,0.145395613296594,-17.91858175382605,-17.649187769424646,-17.383105233741983,-17.120334146778056,-16.86087450853287,-16.60472631900643,-16.351889578198726,-16.102364286109772,-15.856150442739551,-15.613248048088078,-15.373657102155342,-15.137377604941342,-14.904409556446089,-14.674752956669574,-14.448407805611803,-14.22537410327277,-14.005651849652475,-14.0,-14.0,-14.0,-14.0,-14.0,-14.0,-14.0,-14.0,-14.0,-14.0,-14.0,-14.0,-14.0,-14.0,-14.0,-14.0,-14.0,-14.0,-14.0,-14.0,-14.0,-14.0,-14.0,-14.0,-14.0,-14.0,-14.0,-14.0,-14.0,-14.0,False,False,True,False,False,False,False
6900,0.145395613296594,-17.86163946723342,-17.59391706571942,-17.329485565468275,-17.068344966479984,-16.81049526875454,-16.555936472291958,-16.304668577092222,-16.05669158315535,-15.812005490481326,-15.57061029907016,-15.332506008921845,-15.09769262003638,-14.866170132413773,-14.637938546054016,-14.412997860957118,-14.19134807712307,-14.0,-14.0,-14.0,-14.0,-14.0,-14.0,-14.0,-14.0,-14.0,-14.0,-14.0,-14.0,-14.0,-14.0,-14.0,-14.0,-14.0,-14.0,-14.0,-14.0,-14.0,-14.0,-14.0,-14.0,-14.0,-14.0,-14.0,-14.0,-14.0,-14.0,-14.0,False,False,True,False,False,False,False
6950,0.145395613296594,-17.805570350328477,-17.5394932737638,-17.2766868737743,-17.017151150359982,-16.760886103520843,-16.50789173325689,-16.258168039568115,-16.011715022454524,-15.768532681916115,-15.52862101795289,-15.291980030564844,-15.058609719751974,-14.82851008551429,-14.601681127851785,-14.378122846764466,-14.157835242252325,-14.0,-14.0,-14.0,-14.0,-14.0,-14.0,-14.0,-14.0,-14.0,-14.0,-14.0,-14.0,-14.0,-14.0,-14.0,-14.0,-14.0,-14.0,-14.0,-14.0,-14.0,-14.0,-14.0,-14.0,-14.0,-14.0,-14.0,-14.0,-14.0,-14.0,-14.0,False,False,True,False,False,False,False
7000,0.145395613296594,-17.750356633895414,-17.4858991506703,-17.224692435631162,-16.96673648877801,-16.712031310110834,-16.46057689962965,-16.212373257334445,-15.967420383225228,-15.72571827730199,-15.487266939564739,-15.252066370013468,-15.020116568648177,-14.791417535468874,-14.565969270475549,-14.343771773668212,-14.124825045046855,-14.0,-14.0,-14.0,-14.0,-14.0,-14.0,-14.0,-14.0,-14.0,-14.0,-14.0,-14.0,-14.0,-14.0,-14.0,-14.0,-14.0,-14.0,-14.0,-14.0,-14.0,-14.0,-14.0,-14.0,-14.0,-14.0,-14.0,-14.0,-14.0,-14.0,-14.0,False,False,True,False,False,False,False
7050,0.145395613296594,-17.695981067644745,-17.433117957058087,-17.17348601628649,-16.91708524532995,-16.663915644188467,-16.41397721286205,-16.167269951350686,-15.92379385965439,-15.68354893777315,-15.446535185706972,-15.21275260345585,-14.982201191019787,-14.754880948398785,-14.530791875592842,-14.30993397260196,-14.092307239426136,-14.0,-14.0,-14.0,-14.0,-14.0,-14.0,-14.0,-14.0,-14.0,-14.0,-14.0,-14.0,-14.0,-14.0,-14.0,-14.0,-14.0,-14.0,-14.0,-14.0,-14.0,-14.0,-14.0,-14.0,-14.0,-14.0,-14.0,-14.0,-14.0,-14.0,-14.0,False,False,True,False,False,False,False
7100,0.145395613296594,-17.64242690240569,-17.38113343977148,-17.12305185250256,-16.86818214059893,-16.616524304060576,-16.36807834288752,-16.12284425707975,-15.880822046637265,-15.642011711560068,-15.406413251848162,-15.17402666750154,-14.944851958520202,-14.718889124904155,-14.496138166653392,-14.276599083767922,-14.060271876247734,-14.0,-14.0,-14.0,-14.0,-14.0,-14.0,-14.0,-14.0,-14.0,-14.0,-14.0,-14.0,-14.0,-14.0,-14.0,-14.0,-14.0,-14.0,-14.0,-14.0,-14.0,-14.0,-14.0,-14.0,-14.0,-14.0,-14.0,-14.0,-14.0,-14.0,-14.0,False,False,True,False,False,False,False
7150,0.145395613296594,-17.589677873073718,-17.32992981533127,-17.073374636505243,-16.82001233659564,-16.569842915602457,-16.322866373525706,-16.079082710365373,-15.838491926121469,-15.601094020793987,-15.366888994382933,-15.135876846888298,-14.908057578310085,-14.683431188648301,-14.461997677902936,-14.243757046074002,-14.028709293161485,-14.0,-14.0,-14.0,-14.0,-14.0,-14.0,-14.0,-14.0,-14.0,-14.0,-14.0,-14.0,-14.0,-14.0,-14.0,-14.0,-14.0,-14.0,-14.0,-14.0,-14.0,-14.0,-14.0,-14.0,-14.0,-14.0,-14.0,-14.0,-14.0,-14.0,-14.0,False,False,True,False,False,False,False
7200,0.145395613296594,-17.537718182277047,-17.279491754083754,-17.02443950060964,-16.7725614218547,-16.52385751781894,-16.27832778850236,-16.035972233904957,-15.796790854026739,-15.560783648867694,-15.327950618427833,-15.098291762707147,-14.871807081705636,-14.648496575423309,-14.428360243860157,-14.211398087016187,-14.0,-14.0,-14.0,-14.0,-14.0,-14.0,-14.0,-14.0,-14.0,-14.0,-14.0,-14.0,-14.0,-14.0,-14.0,-14.0,-14.0,-14.0,-14.0,-14.0,-14.0,-14.0,-14.0,-14.0,-14.0,-14.0,-14.0,-14.0,-14.0,-14.0,-14.0,-14.0,False,False,True,False,False,False,False
7250,0.145395613296594,-17.486532484727903,-17.22980436501434,-16.9762320024903,-16.72581539715579,-16.478554549010806,-16.23444945805535,-15.993500124289424,-15.755706547713029,-15.521068728326156,-15.289586666128818,-15.061260361121004,-14.836089813302712,-14.614075022673955,-14.395215989234721,-14.17951271298502,-14.0,-14.0,-14.0,-14.0,-14.0,-14.0,-14.0,-14.0,-14.0,-14.0,-14.0,-14.0,-14.0,-14.0,-14.0,-14.0,-14.0,-14.0,-14.0,-14.0,-14.0,-14.0,-14.0,-14.0,-14.0,-14.0,-14.0,-14.0,-14.0,-14.0,-14.0,-14.0,False,False,True,False,False,False,False
7300,0.145395613296594,-17.43610587222625,-17.18085318119427,-16.92873811106556,-16.67976066184012,-16.433920833517945,-16.191218626099047,-15.951654039583415,-15.715227073971057,-15.481937729261967,-15.25178600545615,-15.024771902553601,-14.800895420554317,-14.58015655945831,-14.362555319265567,-14.148091699976101,-14.0,-14.0,-14.0,-14.0,-14.0,-14.0,-14.0,-14.0,-14.0,-14.0,-14.0,-14.0,-14.0,-14.0,-14.0,-14.0,-14.0,-14.0,-14.0,-14.0,-14.0,-14.0,-14.0,-14.0,-14.0,-14.0,-14.0,-14.0,-14.0,-14.0,-14.0,-14.0,False,False,True,False,False,False,False
7350,0.145395613296594,-17.38642385928547,-17.13262414583096,-16.881944192967257,-16.63438400069436,-16.389943569012267,-16.148622897920987,-15.910421987420508,-15.67534083751084,-15.443379448191974,-15.214537819463919,-14.988815951326668,-14.766213843780218,-14.546731496824579,-14.330368910459743,-14.117126084685719,-14.0,-14.0,-14.0,-14.0,-14.0,-14.0,-14.0,-14.0,-14.0,-14.0,-14.0,-14.0,-14.0,-14.0,-14.0,-14.0,-14.0,-14.0,-14.0,-14.0,-14.0,-14.0,-14.0,-14.0,-14.0,-14.0,-14.0,-14.0,-14.0,-14.0,-14.0,-14.0,False,False,True,False,False,False,False
7400,0.145395613296594,-17.33747236935106,-17.085103598893795,-16.835836999568667,-16.589672571375672,-16.34661031431481,-16.106650228386087,-15.869792313589494,-15.636036569925045,-15.405382997392726,-15.177831595992547,-14.953382365724499,-14.732035306588585,-14.51379041858481,-14.298647701713167,-14.086607155973663,-14.0,-14.0,-14.0,-14.0,-14.0,-14.0,-14.0,-14.0,-14.0,-14.0,-14.0,-14.0,-14.0,-14.0,-14.0,-14.0,-14.0,-14.0,-14.0,-14.0,-14.0,-14.0,-14.0,-14.0,-14.0,-14.0,-14.0,-14.0,-14.0,-14.0,-14.0,-14.0,False,False,True,False,False,False,False
7450,0.145395613296594,-17.28923772158511,-17.038278264288977,-16.790403654544892,-16.54561389235287,-16.303908977712894,-16.065288910624982,-15.829753691089122,-15.597303319105324,-15.367937794673576,-15.141657117793889,-14.918461288466254,-14.698350306690672,-14.48132417246715,-14.267382885795682,-14.056526446676273,-14.0,-14.0,-14.0,-14.0,-14.0,-14.0,-14.0,-14.0,-14.0,-14.0,-14.0,-14.0,-14.0,-14.0,-14.0,-14.0,-14.0,-14.0,-14.0,-14.0,-14.0,-14.0,-14.0,-14.0,-14.0,-14.0,-14.0,-14.0,-14.0,-14.0,-14.0,-14.0,False,False,True,False,False,False,False
7500,0.145395613296594,-17.241706618190598,-16.99213523755823,-16.745631641941426,-16.502195831340185,-16.261827805754503,-16.024527565184393,-15.79029510962984,-15.559130439090854,-15.33103355356743,-15.10600445305957,-14.884043137567273,-14.665149607090536,-14.449323861629365,-14.236565901183752,-14.02687572575371,-14.0,-14.0,-14.0,-14.0,-14.0,-14.0,-14.0,-14.0,-14.0,-14.0,-14.0,-14.0,-14.0,-14.0,-14.0,-14.0,-14.0,-14.0,-14.0,-14.0,-14.0,-14.0,-14.0,-14.0,-14.0,-14.0,-14.0,-14.0,-14.0,-14.0,-14.0,-14.0,False,False,True,False,False,False,False
7550,0.145395613296594,-17.19486613225113,-16.946661974077738,-16.701508794727783,-16.459406594201262,-16.220355372498176,-15.984355129618526,-15.75140586556231,-15.521507580329533,-15.294660273920186,-15.070863946334281,-14.850118597571806,-14.632424227632763,-14.41778083651716,-14.206188424224987,-14.0,-14.0,-14.0,-14.0,-14.0,-14.0,-14.0,-14.0,-14.0,-14.0,-14.0,-14.0,-14.0,-14.0,-14.0,-14.0,-14.0,-14.0,-14.0,-14.0,-14.0,-14.0,-14.0,-14.0,-14.0,-14.0,-14.0,-14.0,-14.0,-14.0,-14.0,-14.0,-14.0,False,False,True,False,False,False,False
7600,0.145395613296594,-17.14870369606292,-16.90184627773469,-16.658023283814455,-16.417234714302214,-16.179480569197963,-15.944760848501717,-15.71307555221346,-15.484424680333204,-15.25880823286094,-15.036226209796675,-14.816678611140402,-14.600165436892121,-14.38668668705184,-14.176242361619552,-14.0,-14.0,-14.0,-14.0,-14.0,-14.0,-14.0,-14.0,-14.0,-14.0,-14.0,-14.0,-14.0,-14.0,-14.0,-14.0,-14.0,-14.0,-14.0,-14.0,-14.0,-14.0,-14.0,-14.0,-14.0,-14.0,-14.0,-14.0,-14.0,-14.0,-14.0,-14.0,-14.0,False,False,True,False,False,False,False
7650,0.145395613296594,-17.103207089937037,-16.857676290060226,-16.615163607512464,-16.375669042293747,-16.13919259440408,-15.905734263843467,-15.6752940506119,-15.447871954709386,-15.223467976135918,-15.002082114891504,-14.783714370976137,-14.568364744389813,-14.356033235132545,-14.146719843204323,-14.0,-14.0,-14.0,-14.0,-14.0,-14.0,-14.0,-14.0,-14.0,-14.0,-14.0,-14.0,-14.0,-14.0,-14.0,-14.0,-14.0,-14.0,-14.0,-14.0,-14.0,-14.0,-14.0,-14.0,-14.0,-14.0,-14.0,-14.0,-14.0,-14.0,-14.0,-14.0,-14.0,False,False,True,False,False,False,False
7700,0.145395613296594,-17.058364431451153,-16.814140479798585,-16.572918581415998,-16.334698736303395,-16.09948094446077,-15.86726520588813,-15.63805152058547,-15.411839888552798,-15.188630309790105,-14.968422784297397,-14.751217312074669,-14.53701389312192,-14.325812527439156,-14.117613215026372,-14.0,-14.0,-14.0,-14.0,-14.0,-14.0,-14.0,-14.0,-14.0,-14.0,-14.0,-14.0,-14.0,-14.0,-14.0,-14.0,-14.0,-14.0,-14.0,-14.0,-14.0,-14.0,-14.0,-14.0,-14.0,-14.0,-14.0,-14.0,-14.0,-14.0,-14.0,-14.0,-14.0,False,False,True,False,False,False,False
7750,0.145395613296594,-17.01416416513108,-16.771227632893304,-16.53127732868954,-16.29431325251979,-16.06033540438405,-15.829343784282328,-15.601338392214616,-15.376319228180925,-15.154286292181244,-14.93523958421558,-14.719179104283928,-14.506104852386285,-14.29601682852266,-14.088915032693047,-14.0,-14.0,-14.0,-14.0,-14.0,-14.0,-14.0,-14.0,-14.0,-14.0,-14.0,-14.0,-14.0,-14.0,-14.0,-14.0,-14.0,-14.0,-14.0,-14.0,-14.0,-14.0,-14.0,-14.0,-14.0,-14.0,-14.0,-14.0,-14.0,-14.0,-14.0,-14.0,-14.0,False,False,True,False,False,False,False
7800,0.145395613296594,-16.970595052543448,-16.728926842872376,-16.49022927074191,-16.254502336152047,-16.021746039102783,-15.79196037959413,-15.565145357626076,-15.341300973198631,-15.120427226311788,-14.902524116965552,-14.687591645159918,-14.475629810894883,-14.266638614170457,-14.060618054986632,-14.0,-14.0,-14.0,-14.0,-14.0,-14.0,-14.0,-14.0,-14.0,-14.0,-14.0,-14.0,-14.0,-14.0,-14.0,-14.0,-14.0,-14.0,-14.0,-14.0,-14.0,-14.0,-14.0,-14.0,-14.0,-14.0,-14.0,-14.0,-14.0,-14.0,-14.0,-14.0,-14.0,False,False,True,False,False,False,False
7850,0.145395613296594,-16.927646162781738,-16.687227501615155,-16.449764118270576,-16.215256012747993,-15.983703185047407,-15.755105635168825,-15.529463363112239,-15.306776368877658,-15.087044652465071,-14.870268213874489,-14.656447053105904,-14.445581170159313,-14.237670565034726,-14.032715237732136,-14.0,-14.0,-14.0,-14.0,-14.0,-14.0,-14.0,-14.0,-14.0,-14.0,-14.0,-14.0,-14.0,-14.0,-14.0,-14.0,-14.0,-14.0,-14.0,-14.0,-14.0,-14.0,-14.0,-14.0,-14.0,-14.0,-14.0,-14.0,-14.0,-14.0,-14.0,-14.0,-14.0,False,False,True,False,False,False,False
7900,0.145395613296594,-16.88530686332897,-16.646119290484723,-16.409871862660392,-16.17656457985598,-15.946197442071485,-15.718770449306913,-15.494283601562255,-15.272736898837524,-15.054130341132705,-14.83846392844781,-14.62573766078283,-14.415951538137765,-14.209105560512626,-14.0051997279074,-14.0,-14.0,-14.0,-14.0,-14.0,-14.0,-14.0,-14.0,-14.0,-14.0,-14.0,-14.0,-14.0,-14.0,-14.0,-14.0,-14.0,-14.0,-14.0,-14.0,-14.0,-14.0,-14.0,-14.0,-14.0,-14.0,-14.0,-14.0,-14.0,-14.0,-14.0,-14.0,-14.0,False,False,True,False,False,False,False
7950,0.145395613296594,-16.843566811281075,-16.605592171810255,-16.370542767721805,-16.138418599015722,-15.909219665692005,-15.682945967750664,-15.45959750519169,-15.239174278015089,-15.021676286220854,-14.807103529808993,-14.595456008779498,-14.38673372313237,-14.180936672867615,-14.0,-14.0,-14.0,-14.0,-14.0,-14.0,-14.0,-14.0,-14.0,-14.0,-14.0,-14.0,-14.0,-14.0,-14.0,-14.0,-14.0,-14.0,-14.0,-14.0,-14.0,-14.0,-14.0,-14.0,-14.0,-14.0,-14.0,-14.0,-14.0,-14.0,-14.0,-14.0,-14.0,-14.0,False,False,True,False,False,False,False
8000,0.145395613296594,-16.8024159449158,-16.565636380704728,-16.331767361754242,-16.100808888064343,-15.872760959635032,-15.647623576466316,-15.425396738558186,-15.20608044591065,-14.9896746985237,-14.776179496397345,-14.565594839531576,-14.357920727926391,-14.1531571615818,-14.0,-14.0,-14.0,-14.0,-14.0,-14.0,-14.0,-14.0,-14.0,-14.0,-14.0,-14.0,-14.0,-14.0,-14.0,-14.0,-14.0,-14.0,-14.0,-14.0,-14.0,-14.0,-14.0,-14.0,-14.0,-14.0,-14.0,-14.0,-14.0,-14.0,-14.0,-14.0,-14.0,-14.0,False,False,True,False,False,False,False
8050,0.145395613296594,-16.761844475592888,-16.526242417204017,-16.293536429921257,-16.063726513744605,-15.83681266867406,-15.61279489470963,-15.391673191851305,-15.173447560099094,-14.95811799945299,-14.745684509912998,-14.536147091479112,-14.329505744151332,-14.125760467929666,-14.0,-14.0,-14.0,-14.0,-14.0,-14.0,-14.0,-14.0,-14.0,-14.0,-14.0,-14.0,-14.0,-14.0,-14.0,-14.0,-14.0,-14.0,-14.0,-14.0,-14.0,-14.0,-14.0,-14.0,-14.0,-14.0,-14.0,-14.0,-14.0,-14.0,-14.0,-14.0,-14.0,-14.0,False,False,True,False,False,False,False
8100,0.145395613296594,-16.721842879971845,-16.487401038714243,-16.25584100692457,-16.02716278460283,-15.801366371749017,-15.578451768363143,-15.358418974445195,-15.141267989995184,-14.926998815013102,-14.715611449498954,-14.507105893452737,-14.301482146874445,-14.098740209764092,-14.0,-14.0,-14.0,-14.0,-14.0,-14.0,-14.0,-14.0,-14.0,-14.0,-14.0,-14.0,-14.0,-14.0,-14.0,-14.0,-14.0,-14.0,-14.0,-14.0,-14.0,-14.0,-14.0,-14.0,-14.0,-14.0,-14.0,-14.0,-14.0,-14.0,-14.0,-14.0,-14.0,-14.0,False,False,True,False,False,False,False
8150,0.145395613296594,-16.682401892534454,-16.44910325275474,-16.218672369964843,-15.991109244164766,-15.766413875354505,-15.544586263534072,-15.325626408703451,-15.109534310862658,-14.89630997001168,-14.685953386150528,-14.47846455927919,-14.27384348939767,-14.072090176505974,-14.0,-14.0,-14.0,-14.0,-14.0,-14.0,-14.0,-14.0,-14.0,-14.0,-14.0,-14.0,-14.0,-14.0,-14.0,-14.0,-14.0,-14.0,-14.0,-14.0,-14.0,-14.0,-14.0,-14.0,-14.0,-14.0,-14.0,-14.0,-14.0,-14.0,-14.0,-14.0,-14.0,-14.0,False,False,True,False,False,False,False
8200,0.145395613296594,-16.64351249839971,-16.411340309984848,-16.18202203197768,-15.95555766437821,-15.73194720718643,-15.511190660402352,-15.293288024025966,-15.078239298057278,-14.866044482496283,-14.65670357734299,-14.450216582597387,-14.246583498259476,-14.045804324329264,-14.0,-14.0,-14.0,-14.0,-14.0,-14.0,-14.0,-14.0,-14.0,-14.0,-14.0,-14.0,-14.0,-14.0,-14.0,-14.0,-14.0,-14.0,-14.0,-14.0,-14.0,-14.0,-14.0,-14.0,-14.0,-14.0,-14.0,-14.0,-14.0,-14.0,-14.0,-14.0,-14.0,-14.0,False,False,True,False,False,False,False
8250,0.145395613296594,-16.605165926419545,-16.374103697503138,-16.145881735133866,-15.92050003931173,-15.697958610036725,-15.47825744730886,-15.261396551128126,-15.047375921494533,-14.836195558408068,-14.627855461868746,-14.422355631876554,-14.219696068431492,-14.019876771533571,-14.0,-14.0,-14.0,-14.0,-14.0,-14.0,-14.0,-14.0,-14.0,-14.0,-14.0,-14.0,-14.0,-14.0,-14.0,-14.0,-14.0,-14.0,-14.0,-14.0,-14.0,-14.0,-14.0,-14.0,-14.0,-14.0,-14.0,-14.0,-14.0,-14.0,-14.0,-14.0,-14.0,-14.0,False,False,True,False,False,False,False
8300,0.145395613296594,-16.567353642544354,-16.337385132408414,-16.11024344459344,-15.885928579099437,-15.664440535926397,-15.445779315074331,-15.22994491654323,-15.016937340333103,-14.806756586443939,-14.599402654875746,-14.394875545628521,-14.193175258702258,-14.0,-14.0,-14.0,-14.0,-14.0,-14.0,-14.0,-14.0,-14.0,-14.0,-14.0,-14.0,-14.0,-14.0,-14.0,-14.0,-14.0,-14.0,-14.0,-14.0,-14.0,-14.0,-14.0,-14.0,-14.0,-14.0,-14.0,-14.0,-14.0,-14.0,-14.0,-14.0,-14.0,-14.0,-14.0,False,False,True,False,False,False,False
8350,0.145395613296594,-16.530067343447744,-16.301176555612262,-16.075099342503748,-15.851835704122204,-15.631385640467625,-15.41374915154002,-15.198926237339384,-14.98691689786572,-14.777721133119025,-14.5713389430993,-14.367770327806545,-14.167015287240753,-14.0,-14.0,-14.0,-14.0,-14.0,-14.0,-14.0,-14.0,-14.0,-14.0,-14.0,-14.0,-14.0,-14.0,-14.0,-14.0,-14.0,-14.0,-14.0,-14.0,-14.0,-14.0,-14.0,-14.0,-14.0,-14.0,-14.0,-14.0,-14.0,-14.0,-14.0,-14.0,-14.0,-14.0,-14.0,False,False,True,False,False,False,False
8400,0.145395613296594,-16.4932989504006,-16.265470125893508,-16.040441822232058,-15.818214039416246,-15.59878677744607,-15.382160036321542,-15.16833381604265,-14.957308116609404,-14.749082938021793,-14.543658280279828,-14.341034143383501,-14.141210527332811,-14.0,-14.0,-14.0,-14.0,-14.0,-14.0,-14.0,-14.0,-14.0,-14.0,-14.0,-14.0,-14.0,-14.0,-14.0,-14.0,-14.0,-14.0,-14.0,-14.0,-14.0,-14.0,-14.0,-14.0,-14.0,-14.0,-14.0,-14.0,-14.0,-14.0,-14.0,-14.0,-14.0,-14.0,-14.0,False,False,True,False,False,False,False
8450,0.145395613296594,-16.457040603384982,-16.230258214185387,-16.006263482823872,-15.785056409300436,-15.566636993615075,-15.3510052357678,-15.138161135758601,-14.928104693587485,-14.720835909254445,-14.516354782759489,-14.31466131410261,-14.115755503283806,-14.0,-14.0,-14.0,-14.0,-14.0,-14.0,-14.0,-14.0,-14.0,-14.0,-14.0,-14.0,-14.0,-14.0,-14.0,-14.0,-14.0,-14.0,-14.0,-14.0,-14.0,-14.0,-14.0,-14.0,-14.0,-14.0,-14.0,-14.0,-14.0,-14.0,-14.0,-14.0,-14.0,-14.0,-14.0,False,False,True,False,False,False,False
8500,0.145395613296594,-16.4212846554389,-16.195533398086713,-15.972557123678463,-15.75235583221415,-15.534929523693771,-15.320278198117332,-15.108401855484829,-14.899300495796266,-14.692974119051637,-14.489422725250948,-14.288646314394194,-14.090644886481373,-14.0,-14.0,-14.0,-14.0,-14.0,-14.0,-14.0,-14.0,-14.0,-14.0,-14.0,-14.0,-14.0,-14.0,-14.0,-14.0,-14.0,-14.0,-14.0,-14.0,-14.0,-14.0,-14.0,-14.0,-14.0,-14.0,-14.0,-14.0,-14.0,-14.0,-14.0,-14.0,-14.0,-14.0,-14.0,False,False,True,False,False,False,False
8550,0.145395613296594,-16.386023667223395,-16.161288456588764,-15.939315739433582,-15.720105515757849,-15.503657785561565,-15.289972548844736,-15.079049805607355,-14.870889555849427,-14.665491799570948,-14.462856536771922,-14.262983767452344,-14.065873491612212,-14.0,-14.0,-14.0,-14.0,-14.0,-14.0,-14.0,-14.0,-14.0,-14.0,-14.0,-14.0,-14.0,-14.0,-14.0,-14.0,-14.0,-14.0,-14.0,-14.0,-14.0,-14.0,-14.0,-14.0,-14.0,-14.0,-14.0,-14.0,-14.0,-14.0,-14.0,-14.0,-14.0,-14.0,-14.0,False,False,True,False,False,False,False
8600,0.145395613296594,-16.35125040180391,-16.12751636501006,-15.906532515051772,-15.688298851929042,-15.47281537564187,-15.260082086190263,-15.050098983574212,-14.842866067793725,-14.638383338848794,-14.436650796739428,-14.237668441465619,-14.041436273027365,-14.0,-14.0,-14.0,-14.0,-14.0,-14.0,-14.0,-14.0,-14.0,-14.0,-14.0,-14.0,-14.0,-14.0,-14.0,-14.0,-14.0,-14.0,-14.0,-14.0,-14.0,-14.0,-14.0,-14.0,-14.0,-14.0,-14.0,-14.0,-14.0,-14.0,-14.0,-14.0,-14.0,-14.0,-14.0,False,False,True,False,False,False,False
8650,0.145395613296594,-16.316957819638173,-16.09421029013155,-15.874200821101024,-15.65692941254659,-15.442396064468252,-15.230600776866012,-15.021543549739865,-14.81522438308982,-14.611643276915865,-14.410800231218012,-14.212695245996251,-14.01732832125058,-14.0,-14.0,-14.0,-14.0,-14.0,-14.0,-14.0,-14.0,-14.0,-14.0,-14.0,-14.0,-14.0,-14.0,-14.0,-14.0,-14.0,-14.0,-14.0,-14.0,-14.0,-14.0,-14.0,-14.0,-14.0,-14.0,-14.0,-14.0,-14.0,-14.0,-14.0,-14.0,-14.0,-14.0,-14.0,False,False,True,False,False,False,False
8700,0.145395613296594,-16.283139073763422,-16.061363585525147,-15.842314209222913,-15.62599094485672,-15.41239379242657,-15.201522751932467,-14.993377823374402,-14.787959006752386,-14.585266302066408,-14.38529970931648,-14.188059228502588,-14.0,-14.0,-14.0,-14.0,-14.0,-14.0,-14.0,-14.0,-14.0,-14.0,-14.0,-14.0,-14.0,-14.0,-14.0,-14.0,-14.0,-14.0,-14.0,-14.0,-14.0,-14.0,-14.0,-14.0,-14.0,-14.0,-14.0,-14.0,-14.0,-14.0,-14.0,-14.0,-14.0,-14.0,-14.0,-14.0,False,False,True,False,False,False,False
8750,0.145395613296594,-16.249787505175934,-16.028969787068892,-15.810866407781722,-15.595477367314423,-15.382802665666995,-15.172842302839443,-14.965596278831763,-14.761064593643956,-14.559247247276021,-14.360144239727964,-14.163755570999774,-14.0,-14.0,-14.0,-14.0,-14.0,-14.0,-14.0,-14.0,-14.0,-14.0,-14.0,-14.0,-14.0,-14.0,-14.0,-14.0,-14.0,-14.0,-14.0,-14.0,-14.0,-14.0,-14.0,-14.0,-14.0,-14.0,-14.0,-14.0,-14.0,-14.0,-14.0,-14.0,-14.0,-14.0,-14.0,-14.0,False,False,True,False,False,False,False
8800,0.145395613296594,-16.216896638396438,-15.997022608642439,-15.779851317688385,-15.565382765534274,-15.353616952180104,-15.144553877625885,-14.938193541871605,-14.734535944917276,-14.533581086762888,-14.335328967408447,-14.13977958685395,-14.0,-14.0,-14.0,-14.0,-14.0,-14.0,-14.0,-14.0,-14.0,-14.0,-14.0,-14.0,-14.0,-14.0,-14.0,-14.0,-14.0,-14.0,-14.0,-14.0,-14.0,-14.0,-14.0,-14.0,-14.0,-14.0,-14.0,-14.0,-14.0,-14.0,-14.0,-14.0,-14.0,-14.0,-14.0,-14.0,False,False,True,False,False,False,False
8850,0.145395613296594,-16.18446017721509,-15.96551593799675,-15.749263008393381,-15.535701388404986,-15.32483107803156,-15.11665207727311,-14.911164386129633,-14.70836800460113,-14.508262932687597,-14.31084917038904,-14.116126717705455,-14.0,-14.0,-14.0,-14.0,-14.0,-14.0,-14.0,-14.0,-14.0,-14.0,-14.0,-14.0,-14.0,-14.0,-14.0,-14.0,-14.0,-14.0,-14.0,-14.0,-14.0,-14.0,-14.0,-14.0,-14.0,-14.0,-14.0,-14.0,-14.0,-14.0,-14.0,-14.0,-14.0,-14.0,-14.0,-14.0,False,False,True,False,False,False,False
8900,0.145395613296594,-16.15247200061021,-15.934443832792367,-15.719095714043078,-15.506427644362347,-15.296439623750167,-15.089131652206552,-14.88450372973149,-14.68255585632499,-14.483288031987042,-14.286700256717657,-14.092792530516826,-14.0,-14.0,-14.0,-14.0,-14.0,-14.0,-14.0,-14.0,-14.0,-14.0,-14.0,-14.0,-14.0,-14.0,-14.0,-14.0,-14.0,-14.0,-14.0,-14.0,-14.0,-14.0,-14.0,-14.0,-14.0,-14.0,-14.0,-14.0,-14.0,-14.0,-14.0,-14.0,-14.0,-14.0,-14.0,-14.0,False,False,True,False,False,False,False
8950,0.145395613296594,-16.120926158835164,-15.903800516800809,-15.68934382979423,-15.477556097815429,-15.268437320864395,-15.061987498941145,-14.858206632045665,-14.657094720177964,-14.458651763338034,-14.262877761525885,-14.069772714741507,-14.0,-14.0,-14.0,-14.0,-14.0,-14.0,-14.0,-14.0,-14.0,-14.0,-14.0,-14.0,-14.0,-14.0,-14.0,-14.0,-14.0,-14.0,-14.0,-14.0,-14.0,-14.0,-14.0,-14.0,-14.0,-14.0,-14.0,-14.0,-14.0,-14.0,-14.0,-14.0,-14.0,-14.0,-14.0,-14.0,False,False,True,False,False,False,False
9000,0.145395613296594,-16.089816869668127,-15.87358037626401,-15.66000190828173,-15.449081465721283,-15.240819048582667,-15.03521465686589,-14.832268290570944,-14.631979949697836,-14.434349634246558,-14.23937734421712,-14.047063079609512,-14.0,-14.0,-14.0,-14.0,-14.0,-14.0,-14.0,-14.0,-14.0,-14.0,-14.0,-14.0,-14.0,-14.0,-14.0,-14.0,-14.0,-14.0,-14.0,-14.0,-14.0,-14.0,-14.0,-14.0,-14.0,-14.0,-14.0,-14.0,-14.0,-14.0,-14.0,-14.0,-14.0,-14.0,-14.0,-14.0,False,False,True,False,False,False,False
9050,0.145395613296594,-16.08524401010518,-15.868927980431078,-15.655270953855725,-15.444272930379121,-15.235933910001261,-15.030253892722154,-14.827232878541793,-14.626870867460184,-14.429167859477321,-14.234123854593207,-14.04173885280784,-14.0,-14.0,-14.0,-14.0,-14.0,-14.0,-14.0,-14.0,-14.0,-14.0,-14.0,-14.0,-14.0,-14.0,-14.0,-14.0,-14.0,-14.0,-14.0,-14.0,-14.0,-14.0,-14.0,-14.0,-14.0,-14.0,-14.0,-14.0,-14.0,-14.0,-14.0,-14.0,-14.0,-14.0,-14.0,-14.0,False,False,True,False,False,False,False
9100,0.145395613296594,-16.054478685694022,-15.839044319071373,-15.626258117955876,-15.416120082347527,-15.208630212246325,-15.003788507652278,-14.801594968565375,-14.602049594985628,-14.405152386913025,-14.210903344347578,-14.019302467289275,-14.0,-14.0,-14.0,-14.0,-14.0,-14.0,-14.0,-14.0,-14.0,-14.0,-14.0,-14.0,-14.0,-14.0,-14.0,-14.0,-14.0,-14.0,-14.0,-14.0,-14.0,-14.0,-14.0,-14.0,-14.0,-14.0,-14.0,-14.0,-14.0,-14.0,-14.0,-14.0,-14.0,-14.0,-14.0,-14.0,False,False,True,False,False,False,False
9150,0.145395613296594,-16.0240444108463,-15.809482071613344,-15.59755717873956,-15.38826973222495,-15.181619732069514,-14.977607178273256,-14.77623207083617,-14.577494409758263,-14.381394195039526,-14.187931426679969,-14.0,-14.0,-14.0,-14.0,-14.0,-14.0,-14.0,-14.0,-14.0,-14.0,-14.0,-14.0,-14.0,-14.0,-14.0,-14.0,-14.0,-14.0,-14.0,-14.0,-14.0,-14.0,-14.0,-14.0,-14.0,-14.0,-14.0,-14.0,-14.0,-14.0,-14.0,-14.0,-14.0,-14.0,-14.0,-14.0,-14.0,False,False,True,False,False,False,False
9200,0.145395613296594,-15.993935806321788,-15.780236015919936,-15.569163069241762,-15.360716966287265,-15.154897707056442,-14.951705291549303,-14.751139719765838,-14.553200991706056,-14.35788910736995,-14.165204066757523,-14.0,-14.0,-14.0,-14.0,-14.0,-14.0,-14.0,-14.0,-14.0,-14.0,-14.0,-14.0,-14.0,-14.0,-14.0,-14.0,-14.0,-14.0,-14.0,-14.0,-14.0,-14.0,-14.0,-14.0,-14.0,-14.0,-14.0,-14.0,-14.0,-14.0,-14.0,-14.0,-14.0,-14.0,-14.0,-14.0,-14.0,False,False,True,False,False,False,False
9250,0.145395613296594,-15.96414760901356,-15.751301042590585,-15.541070831878876,-15.333456976878436,-15.12845947758926,-14.926078334011356,-14.726313546144718,-14.529165113989352,-14.334633037545249,-14.14271731681242,-14.0,-14.0,-14.0,-14.0,-14.0,-14.0,-14.0,-14.0,-14.0,-14.0,-14.0,-14.0,-14.0,-14.0,-14.0,-14.0,-14.0,-14.0,-14.0,-14.0,-14.0,-14.0,-14.0,-14.0,-14.0,-14.0,-14.0,-14.0,-14.0,-14.0,-14.0,-14.0,-14.0,-14.0,-14.0,-14.0,-14.0,False,False,True,False,False,False,False
9300,0.145395613296594,-15.93467466882958,-15.722672151934095,-15.513275615511796,-15.30648505956268,-15.102300484086745,-14.900721889084,-14.701749274554437,-14.505382640498063,-14.311621986914869,-14.120467313804864,-14.0,-14.0,-14.0,-14.0,-14.0,-14.0,-14.0,-14.0,-14.0,-14.0,-14.0,-14.0,-14.0,-14.0,-14.0,-14.0,-14.0,-14.0,-14.0,-14.0,-14.0,-14.0,-14.0,-14.0,-14.0,-14.0,-14.0,-14.0,-14.0,-14.0,-14.0,-14.0,-14.0,-14.0,-14.0,-14.0,-14.0,False,False,True,False,False,False,False
9350,0.145395613296594,-15.905511945674316,-15.69434445103865,-15.485772672603197,-15.27979661036796,-15.076416264332932,-14.875631634498125,-14.67744272086353,-14.481849523429151,-14.288852042194986,-14.098450277161037,-14.0,-14.0,-14.0,-14.0,-14.0,-14.0,-14.0,-14.0,-14.0,-14.0,-14.0,-14.0,-14.0,-14.0,-14.0,-14.0,-14.0,-14.0,-14.0,-14.0,-14.0,-14.0,-14.0,-14.0,-14.0,-14.0,-14.0,-14.0,-14.0,-14.0,-14.0,-14.0,-14.0,-14.0,-14.0,-14.0,-14.0,False,False,True,False,False,False,False
9400,0.145395613296594,-15.876654506526643,-15.666313150935265,-15.458557356465523,-15.253387123117419,-15.05080245089095,-14.850803339786124,-14.653389789802931,-14.45856180094138,-14.266319373201464,-14.076662506583189,-14.0,-14.0,-14.0,-14.0,-14.0,-14.0,-14.0,-14.0,-14.0,-14.0,-14.0,-14.0,-14.0,-14.0,-14.0,-14.0,-14.0,-14.0,-14.0,-14.0,-14.0,-14.0,-14.0,-14.0,-14.0,-14.0,-14.0,-14.0,-14.0,-14.0,-14.0,-14.0,-14.0,-14.0,-14.0,-14.0,-14.0,False,False,True,False,False,False,False
9450,0.145395613296594,-15.848097522610468,-15.638573563851267,-15.431625118596278,-15.227252186845497,-15.025454768598923,-14.826232863856562,-14.62958647261841,-14.435515594884471,-14.244020230654739,-14.055100379929222,-14.0,-14.0,-14.0,-14.0,-14.0,-14.0,-14.0,-14.0,-14.0,-14.0,-14.0,-14.0,-14.0,-14.0,-14.0,-14.0,-14.0,-14.0,-14.0,-14.0,-14.0,-14.0,-14.0,-14.0,-14.0,-14.0,-14.0,-14.0,-14.0,-14.0,-14.0,-14.0,-14.0,-14.0,-14.0,-14.0,-14.0,False,False,True,False,False,False,False
9500,0.145395613296594,-15.819836266654676,-15.611121100550474,-15.404971506097446,-15.201387483295596,-15.000369032144919,-14.801916152645422,-14.606028844797098,-14.412707108599955,-14.221950944053983,-14.033760351159193,-14.0,-14.0,-14.0,-14.0,-14.0,-14.0,-14.0,-14.0,-14.0,-14.0,-14.0,-14.0,-14.0,-14.0,-14.0,-14.0,-14.0,-14.0,-14.0,-14.0,-14.0,-14.0,-14.0,-14.0,-14.0,-14.0,-14.0,-14.0,-14.0,-14.0,-14.0,-14.0,-14.0,-14.0,-14.0,-14.0,-14.0,False,False,True,False,False,False,False
9550,0.145395613296594,-15.791866110239113,-15.583951267756873,-15.378592159175948,-15.175788784496337,-14.97554114371804,-14.77784923684106,-14.582713063865395,-14.390132624791049,-14.200107919618013,-14.012638948346298,-14.0,-14.0,-14.0,-14.0,-14.0,-14.0,-14.0,-14.0,-14.0,-14.0,-14.0,-14.0,-14.0,-14.0,-14.0,-14.0,-14.0,-14.0,-14.0,-14.0,-14.0,-14.0,-14.0,-14.0,-14.0,-14.0,-14.0,-14.0,-14.0,-14.0,-14.0,-14.0,-14.0,-14.0,-14.0,-14.0,-14.0,False,False,True,False,False,False,False
9600,0.145395613296594,-15.764182521223473,-15.557059665658798,-15.352482808722138,-15.150451950413496,-14.950967090732863,-14.754028229680253,-14.559635367255655,-14.367788503459076,-14.178487638290509,-14.0,-14.0,-14.0,-14.0,-14.0,-14.0,-14.0,-14.0,-14.0,-14.0,-14.0,-14.0,-14.0,-14.0,-14.0,-14.0,-14.0,-14.0,-14.0,-14.0,-14.0,-14.0,-14.0,-14.0,-14.0,-14.0,-14.0,-14.0,-14.0,-14.0,-14.0,-14.0,-14.0,-14.0,-14.0,-14.0,-14.0,-14.0,False,False,True,False,False,False,False
9650,0.145395613296594,-15.736781061256064,-15.53044198549064,-15.326639273963591,-15.125372926674919,-14.926642943624621,-14.730449324812707,-14.536792070239164,-14.345671179904004,-14.157086653807216,-14.0,-14.0,-14.0,-14.0,-14.0,-14.0,-14.0,-14.0,-14.0,-14.0,-14.0,-14.0,-14.0,-14.0,-14.0,-14.0,-14.0,-14.0,-14.0,-14.0,-14.0,-14.0,-14.0,-14.0,-14.0,-14.0,-14.0,-14.0,-14.0,-14.0,-14.0,-14.0,-14.0,-14.0,-14.0,-14.0,-14.0,-14.0,False,False,True,False,False,False,False
9700,0.145395613296594,-15.709657383359614,-15.504094007189323,-15.301057460191373,-15.100547742365768,-14.902564853712502,-14.707108794231582,-14.514179563923005,-14.323777162786772,-14.135901590822881,-14.0,-14.0,-14.0,-14.0,-14.0,-14.0,-14.0,-14.0,-14.0,-14.0,-14.0,-14.0,-14.0,-14.0,-14.0,-14.0,-14.0,-14.0,-14.0,-14.0,-14.0,-14.0,-14.0,-14.0,-14.0,-14.0,-14.0,-14.0,-14.0,-14.0,-14.0,-14.0,-14.0,-14.0,-14.0,-14.0,-14.0,-14.0,False,False,True,False,False,False,False
9750,0.145395613296594,-15.682807229591301,-15.47801159712286,-15.275733356556275,-15.07597250789155,-14.878729051128678,-14.68400298626767,-14.491794313308516,-14.302103032251225,-14.114929143095788,-14.0,-14.0,-14.0,-14.0,-14.0,-14.0,-14.0,-14.0,-14.0,-14.0,-14.0,-14.0,-14.0,-14.0,-14.0,-14.0,-14.0,-14.0,-14.0,-14.0,-14.0,-14.0,-14.0,-14.0,-14.0,-14.0,-14.0,-14.0,-14.0,-14.0,-14.0,-14.0,-14.0,-14.0,-14.0,-14.0,-14.0,-14.0,False,False,True,False,False,False,False
9800,0.145395613296594,-15.656226428774389,-15.45219070588839,-15.250663033932442,-15.051643412906547,-14.855131842810698,-14.661128323644908,-14.469632855409165,-14.280645438103477,-14.094166071727837,-14.0,-14.0,-14.0,-14.0,-14.0,-14.0,-14.0,-14.0,-14.0,-14.0,-14.0,-14.0,-14.0,-14.0,-14.0,-14.0,-14.0,-14.0,-14.0,-14.0,-14.0,-14.0,-14.0,-14.0,-14.0,-14.0,-14.0,-14.0,-14.0,-14.0,-14.0,-14.0,-14.0,-14.0,-14.0,-14.0,-14.0,-14.0,False,False,True,False,False,False,False
9850,0.145395613296594,-15.629910894298916,-15.426627366177266,-15.22584264284606,-15.027556724305299,-14.831769610554984,-14.638481301595117,-14.447691797425694,-14.259401098046721,-14.073609203458192,-14.0,-14.0,-14.0,-14.0,-14.0,-14.0,-14.0,-14.0,-14.0,-14.0,-14.0,-14.0,-14.0,-14.0,-14.0,-14.0,-14.0,-14.0,-14.0,-14.0,-14.0,-14.0,-14.0,-14.0,-14.0,-14.0,-14.0,-14.0,-14.0,-14.0,-14.0,-14.0,-14.0,-14.0,-14.0,-14.0,-14.0,-14.0,False,False,True,False,False,False,False
9900,0.145395613296594,-15.603856621988996,-15.40131769070478,-15.201268411466753,-15.003708784274915,-14.808638809129265,-14.61605848602981,-14.425967814976543,-14.23836679596947,-14.053255429008583,-14.0,-14.0,-14.0,-14.0,-14.0,-14.0,-14.0,-14.0,-14.0,-14.0,-14.0,-14.0,-14.0,-14.0,-14.0,-14.0,-14.0,-14.0,-14.0,-14.0,-14.0,-14.0,-14.0,-14.0,-14.0,-14.0,-14.0,-14.0,-14.0,-14.0,-14.0,-14.0,-14.0,-14.0,-14.0,-14.0,-14.0,-14.0,False,False,True,False,False,False,False
9950,0.145395613296594,-15.578059688034378,-15.376257870202295,-15.176936643659525,-14.980096008406068,-14.785735964441924,-14.593856511767097,-14.404457650381582,-14.217539380285384,-14.033101701478497,-14.0,-14.0,-14.0,-14.0,-14.0,-14.0,-14.0,-14.0,-14.0,-14.0,-14.0,-14.0,-14.0,-14.0,-14.0,-14.0,-14.0,-14.0,-14.0,-14.0,-14.0,-14.0,-14.0,-14.0,-14.0,-14.0,-14.0,-14.0,-14.0,-14.0,-14.0,-14.0,-14.0,-14.0,-14.0,-14.0,-14.0,-14.0,False,False,True,False,False,False,False
10000,0.145395613296594,-15.552516246984032,-15.351444171469563,-15.152843717095097,-14.95671488386064,-14.763057671766184,-14.571872080811739,-14.383158110997297,-14.196915762322865,-14.013145034788437,-14.0,-14.0,-14.0,-14.0,-14.0,-14.0,-14.0,-14.0,-14.0,-14.0,-14.0,-14.0,-14.0,-14.0,-14.0,-14.0,-14.0,-14.0,-14.0,-14.0,-14.0,-14.0,-14.0,-14.0,-14.0,-14.0,-14.0,-14.0,-14.0,-14.0,-14.0,-14.0,-14.0,-14.0,-14.0,-14.0,-14.0,-14.0,False,False,True,False,False,False,False
1000,0.145395613296594,-70.0,-70.0,-69.82902141481118,-67.94037339107196,-66.07552616349571,-64.23447973208255,-62.41723409683237,-60.623789257745244,-58.85414521482112,-57.108301968060054,-55.38625951746198,-53.6880178630269,-52.013577004754886,-50.36293694264586,-48.73609767669989,-47.13305920691691,-45.55382153329693,-43.99838465584001,-42.466748574546145,-40.95891328941528,-39.4748788004474,-38.014645107642586,-36.57821221100076,-35.16558011052194,-33.776748806206164,-32.41171829805345,-31.07048858606373,-29.753059670237004,-28.459431550573335,-27.189604227072664,-25.94357769973499,-24.721351968560366,-23.522927033548804,-22.348302894700243,-21.19747955201467,-20.070457005492145,-18.967235255132632,-17.887814300936178,-16.832194142902704,-15.800374781032218,-14.792356215324798,-14.0,-14.0,-14.0,-14.0,-14.0,-14.0,False,True,False,False,False,False,False
1050,0.145395613296594,-70.0,-68.71425603082679,-66.89287620234845,-65.09416379878728,-63.31811882014324,-61.56474126641641,-59.834031137606715,-58.12598843371422,-56.44061315473886,-54.77790530068071,-53.13786487153968,-51.5204918673158,-49.925786288009114,-48.35374813361956,-46.80437740414721,-45.277674099592,-43.77363821995392,-42.292269765233044,-40.83356873542936,-39.39753513054282,-37.98416895057341,-36.59347019552121,-35.22543886538614,-33.88007496016821,-32.557378479867474,-31.25734942448394,-29.979987794017536,-28.725293588468276,-27.493266807836214,-26.283907452121284,-25.097215521323502,-23.933191015442905,-22.791833934479513,-21.673144278433263,-20.577122047304147,-19.503767241092223,-18.453079859797448,-17.425059903419864,-16.419707371959415,-15.437022265416099,-14.47700458378998,-14.0,-14.0,-14.0,-14.0,-14.0,-14.0,False,True,False,False,False,False,False
1100,0.145395613296594,-67.7234640727779,-65.9632371490822,-64.22464731280742,-62.50769456395358,-60.812378902520635,-59.13870032850866,-57.48665884191759,-55.856254442747485,-54.24748713099828,-52.66035690667004,-51.094863769762696,-49.55100772027626,-48.02878875821079,-46.52820688356622,-45.04926209634261,-43.591954396539904,-42.156283784158106,-40.74225025919726,-39.34985382165739,-37.97909447153842,-36.62997220884034,-35.30248703356324,-33.99663894570704,-32.71242794527174,-31.4498540322574,-30.20891720666403,-28.989617468491552,-27.791954817739988,-26.615929254409384,-25.46154077849968,-24.328789390010883,-23.217675088943043,-22.128197875296166,-21.060357749070203,-20.01415471026514,-18.989588758881023,-17.986659894917832,-17.005368118375593,-16.04571342925426,-15.10769582755382,-14.19131531327435,-14.0,-14.0,-14.0,-14.0,-14.0,-14.0,False,True,False,False,False,False,False
1150,0.145395613296594,-65.13601216393613,-63.4523168456185,-61.78931787179045,-60.14701524245199,-58.52540895760309,-56.92449901724381,-55.34428542137409,-53.78476816999399,-52.245947263103446,-50.72782270070252,-49.23039448279115,-47.753662609369336,-46.297627080437145,-44.86228789599451,-43.4476450560415,-42.05369856057804,-40.680448409604146,-39.327894603119866,-37.9960371411252,-36.6848760236201,-35.394411250604556,-34.12464282207863,-32.87557073804226,-31.647194998495454,-30.439515603438256,-29.252532552870683,-28.08624584679266,-26.940655485204214,-25.815761468105368,-24.711563795496087,-23.628062467376367,-22.565257483746265,-21.523148844605775,-20.50173654995485,-19.501020599793485,-18.52100099412172,-17.56167773293954,-16.623050816246963,-15.705120244043947,-14.807886016330489,-14.0,-14.0,-14.0,-14.0,-14.0,-14.0,-14.0,False,True,False,False,False,False,False
1200,0.145395613296594,-62.764963183065895,-61.15142183634484,-59.5577144864263,-57.98384113331027,-56.42980177699674,-54.89559641748576,-53.38122505477728,-51.88668768887135,-50.41198431976791,-48.95711494746702,-47.522079571968625,-46.10687819327273,-44.71151081137938,-43.33597742628852,-41.980278038000215,-40.644412646514404,-39.32838125183108,-38.032183853950315,-36.7558204528721,-35.499291048596376,-34.26259564112314,-33.04573423045246,-31.84870681658428,-30.671513399518588,-29.514153979255443,-28.376628555794852,-27.258937129136747,-26.161079699281146,-25.08305626622809,-24.024866829977533,-22.98651139052947,-21.967989947883947,-20.96930250204098,-19.990449053000507,-19.031429600762532,-18.092244145327093,-17.17289268669417,-16.273375224863784,-15.39369175983589,-14.533842291610492,-14.0,-14.0,-14.0,-14.0,-14.0,-14.0,-14.0,False,True,False,False,False,False,False
1250,0.145395613296594,-60.58429640021493,-59.03529670736272,-57.50533765144092,-55.99441923244953,-54.50254145038854,-53.02970430525801,-51.57590779705786,-50.141151925788165,-48.72543669144886,-47.32876209404001,-45.951128133561554,-44.59253481001349,-43.252982123395874,-41.93247007370866,-40.63099866095188,-39.3485678851255,-38.08517774622951,-36.840828244263975,-35.615519379228886,-34.40925115112419,-33.22202355994989,-32.05383660570604,-30.904690288392576,-29.774584608009516,-28.663519564556896,-27.571495158034725,-26.49851138844295,-25.444568255781572,-24.409665760050636,-23.3938039012501,-22.396982679379956,-21.419202094440262,-20.46046214643101,-19.52076283535216,-18.600104161203703,-17.698486123985685,-16.815908723698072,-15.952371960340907,-15.107875833914125,-14.282420344417742,-14.0,-14.0,-14.0,-14.0,-14.0,-14.0,-14.0,False,True,False,False,False,False,False
1300,0.145395613296594,-58.57199943865077,-57.0825766570621,-55.61146218021422,-54.158656008107116,-52.724158140740776,-51.307968578115265,-49.91008732023051,-48.530514367086575,-47.169249718683396,-45.82629337502104,-44.50164533609944,-43.19530560191861,-41.907274172478594,-40.63755104777935,-39.38613622782091,-38.153029712603235,-36.93823150212633,-35.741741596390234,-34.563559995394954,-33.403686699140444,-32.26212170762669,-31.138865020853753,-30.033916638821584,-28.947276561530177,-27.87894478897958,-26.828921321169805,-25.79720615810079,-24.78379929977254,-23.788700746185103,-22.81191049733843,-21.85342855323253,-20.913254913867434,-19.991389579243155,-19.087832549359643,-18.202583824216898,-17.335643403814952,-16.487011288153788,-15.656687477233435,-14.844671971053845,-14.050964769615014,-14.0,-14.0,-14.0,-14.0,-14.0,-14.0,-14.0,False,True,False,False,False,False,False
1350,0.145395613296594,-56.7093253691643,-55.275066394301135,-53.85843763881798,-52.459439102714846,-51.07807078599171,-49.71433268864862,-48.368224810685525,-47.03974715210247,-45.72889971289942,-44.435682493076406,-43.16009549263339,-41.902138711570366,-40.66181214988739,-39.43911580758441,-38.234049684661464,-37.04661378111852,-35.87680809695557,-34.724632632172664,-33.59008738676981,-32.47317236074694,-31.37388755410407,-30.292232966841244,-29.22820859895841,-28.181814450455573,-27.15305052133278,-26.14191681159003,-25.14841332122727,-24.172540050244518,-23.2142969986418,-22.273684166419077,-21.350701553576357,-20.445349160113675,-19.557626986031035,-18.687535031328395,-17.83507329600575,-17.00024178006314,-16.183040483500537,-15.383469406317975,-14.6015285485154,-14.0,-14.0,-14.0,-14.0,-14.0,-14.0,-14.0,-14.0,False,True,False,False,False,False,False
1400,0.145395613296594,-54.98020908041704,-53.59717364037042,-52.231138769011665,-50.88210446634079,-49.55007073235776,-48.23503756706264,-46.93700497045537,-45.655972942535996,-44.39194148330448,-43.14491059276086,-41.914880270905094,-40.70185051773718,-39.50582133325717,-38.326792717465004,-37.16476467036074,-36.01973719194433,-34.89171028221577,-33.78068394117511,-32.686658168822355,-31.60963296515745,-30.54960833018039,-29.506584263891238,-28.480560766289937,-27.471537837376488,-26.479515477150933,-25.504493685613287,-24.546472462763482,-23.605451808601536,-22.681431723127492,-21.774412206341296,-20.88439325824295,-20.01137487883251,-19.15535706810997,-18.316339826075275,-17.49432315272844,-16.689307048069498,-15.901291512098416,-15.13027654481523,-14.376262146219888,-14.0,-14.0,-14.0,-14.0,-14.0,-14.0,-14.0,-14.0,False,True,False,False,False,False,False
1450,0.145395613296594,-53.370804468164614,-52.03545990536098,-50.71652968473874,-49.41401380629789,-48.127912270038415,-46.85822507596036,-45.60495222406369,-44.36809371434844,-43.147649546814556,-41.9436197214621,-40.75600423829101,-39.584803097301304,-38.430016298493015,-37.2916438418661,-36.16968572742061,-35.06414195515648,-33.97501252507374,-32.902297437172415,-31.845996691452505,-30.806110287913974,-29.78263822655682,-28.775580507381083,-27.784937130386723,-26.810708095573737,-25.852893402942172,-24.911493052492027,-23.98650704422325,-23.077935378135855,-22.185778054229882,-21.31003507250528,-20.45070643296205,-19.607792135600242,-18.781292180419854,-17.971206567420847,-17.177535296603214,-16.400278367966987,-15.63943578151215,-14.895007537238731,-14.166993635146682,-14.0,-14.0,-14.0,-14.0,-14.0,-14.0,-14.0,-14.0,False,True,False,False,False,False,False
1500,0.145395613296594,-51.869114242873174,-50.57828116549633,-49.303315285561496,-48.04421660306867,-46.80098511801785,-45.57362083040906,-44.36212374024228,-43.166493847517536,-41.98673115223478,-40.82283565439407,-39.674807353995355,-38.54264625103864,-37.42635234552395,-36.32592563745127,-35.24136612682063,-34.172673813631974,-33.119848697885324,-32.08289077958071,-31.06180005871813,-30.056576535297552,-29.067220209318968,-28.093731080782423,-27.136109149687876,-26.19435441603532,-25.268466879824807,-24.358446541056335,-23.464293399729854,-22.58600745584537,-21.723588709402925,-20.877037160402477,-20.046352808844023,-19.23153565472761,-18.432585698053234,-17.64950293882086,-16.88228737703048,-16.130939012682127,-15.395457845775784,-14.675843876311484,-14.0,-14.0,-14.0,-14.0,-14.0,-14.0,-14.0,-14.0,-14.0,False,True,False,False,False,False,False
1550,0.145395613296594,-50.46469143405388,-49.21549813336661,-47.98166018504258,-46.763177589081785,-45.56005034548421,-44.3722784542499,-43.19986191537882,-42.042800728871,-40.901094894726405,-39.77474441294507,-38.66374928352696,-37.56810950647207,-36.48782508178044,-35.42289600945204,-34.3733222894869,-33.33910392188498,-32.32024090664628,-31.316733243770848,-30.32858093325868,-29.35578397510973,-28.398342369324006,-27.456256115901542,-26.5295252148423,-25.618149666146284,-24.722129469813527,-23.841464625844036,-22.976155134237764,-22.12620099499472,-21.29160220811493,-20.472358773598366,-19.668470691445027,-18.879937961654953,-18.106760584228137,-17.348938559164544,-16.606471886464178,-15.879360566127067,-15.167604598153188,-14.47120398254257,-14.0,-14.0,-14.0,-14.0,-14.0,-14.0,-14.0,-14.0,-14.0,False,True,False,False,False,False,False
1600,0.145395613296594,-49.14839690114688,-47.93824089110609,-46.742960378667185,-45.562555363830164,-44.397025846595014,-43.246371826961784,-42.11059330493042,-40.98969028050097,-39.88366275367339,-38.79251072444772,-37.71623419282393,-36.654833158802006,-35.60830762238199,-34.57665758356385,-33.55988304234762,-32.55798399873326,-31.570960452720772,-30.5988124043102,-29.641539853501534,-28.69914280029474,-27.77162124468982,-26.858975186686806,-25.961204626285667,-25.0783095634864,-24.210289998289042,-23.357145930693598,-22.51887736070002,-21.69548428830832,-20.886966713518525,-20.093324636330607,-19.31455805674456,-18.55066697476042,-17.801651390378197,-17.06751130359784,-16.34824671441936,-15.64385762284278,-14.954344028868084,-14.279705932495297,-14.0,-14.0,-14.0,-14.0,-14.0,-14.0,-14.0,-14.0,-14.0,False,True,False,False,False,False,False
1650,0.145395613296594,-47.912200965386255,-46.73871634958912,-45.57965645873927,-44.43502129283671,-43.30481085188141,-42.18902513587343,-41.08766414481271,-40.00072787869931,-38.92821633753317,-37.87012952131435,-36.82646743004278,-35.797230063718494,-34.78241742234151,-33.7820295059118,-32.796066314429396,-31.82452784789426,-30.867414106306388,-29.92472508966583,-28.99646079797258,-28.0826212312266,-27.183206389427887,-26.298216272576482,-25.42765088067235,-24.571510213715484,-23.729794271705924,-22.902503054643674,-22.089636562528693,-21.29119479536098,-20.507177753140574,-19.73758543586744,-18.98241784354158,-18.241674976163022,-17.51535683373177,-16.803463416247794,-16.10599472371108,-15.42295075612167,-14.75433151347954,-14.100136995784721,-14.0,-14.0,-14.0,-14.0,-14.0,-14.0,-14.0,-14.0,-14.0,False,True,False,False,False,False,False
1700,0.145395613296594,-46.749020074456986,-45.61004971206565,-44.48507981800551,-43.37411039227655,-42.27714143487876,-41.194172945812184,-40.12520492507679,-39.0702373726726,-38.029270288599584,-37.002303672857785,-35.98933752544715,-34.990371846367694,-34.005406635619444,-33.03444189320237,-32.07747761911651,-31.134513813361814,-30.205550475938296,-29.290587606845992,-28.389625206084897,-27.502663273654974,-26.62970180955622,-25.77074081378868,-24.925780286352317,-24.094820227247123,-23.27786063647314,-22.474901514030368,-21.685942859918768,-20.91098467413834,-20.150026956689125,-19.403069707571085,-18.670112926784213,-17.95115661432855,-17.24620077020411,-16.555245394410832,-15.878290486948734,-15.215336047817837,-14.566382077018122,-14.0,-14.0,-14.0,-14.0,-14.0,-14.0,-14.0,-14.0,-14.0,-14.0,False,True,False,False,False,False,False
1750,0.145395613296594,-45.65258148970173,-44.54615313766443,-43.453325240577435,-42.37409779844073,-41.30847081125431,-40.25644427901821,-39.21801820173239,-38.1931925793969,-37.18196741201169,-36.18434269957679,-35.200318442092176,-34.22989463955784,-33.273071291973835,-32.3298483993401,-31.40022596165669,-30.484203978923563,-29.581782451140718,-28.69296137830819,-27.817740760425984,-26.95612059749406,-26.108100889512414,-25.27368163648109,-24.452862838400048,-23.64564449526929,-22.85202660708885,-22.072009173858728,-21.305592195578885,-20.55277567224933,-19.813559603870093,-19.087943990441136,-18.375928831962465,-17.67751412843411,-16.992699879856072,-16.321486086228322,-15.663872747550851,-15.019859863823697,-14.389447435046831,-14.0,-14.0,-14.0,-14.0,-14.0,-14.0,-14.0,-14.0,-14.0,-14.0,False,True,False,False,False,False,False
1800,0.145395613296594,-44.617310544002756,-43.54161631285538,-42.47914474624302,-41.42989584416567,-40.39386960662331,-39.371066033615996,-38.36148512514367,-37.365126881206386,-36.3819913018041,-35.412078386936834,-34.455388136604576,-33.51192055080731,-32.581675629545074,-31.66465337281784,-30.76085378062563,-29.870276852968423,-28.99292258984621,-28.128790991259034,-27.277882057206888,-26.44019578768974,-25.615732182707585,-24.804491242260465,-24.00647296634834,-23.221677354971213,-22.450104408129118,-21.691754125822058,-20.946626508049984,-20.214721554812918,-19.496039266110884,-18.790579641943843,-18.098342682311802,-17.41932838721479,-16.75353675665281,-16.100967790625827,-15.461621489133844,-14.835497852176886,-14.222596879754933,-14.0,-14.0,-14.0,-14.0,-14.0,-14.0,-14.0,-14.0,-14.0,-14.0,False,True,False,False,False,False,False
1850,0.145395613296594,-43.63823619769219,-42.59161478360285,-41.55785866473677,-40.53696784109394,-39.52894231267435,-38.533782079478044,-37.55148714150498,-36.582057498755184,-35.625493151228625,-34.681794098925344,-33.75096034184531,-32.832991879988505,-31.92788871335498,-31.035650841944697,-30.156278265757688,-29.28977098479392,-28.436128999053388,-27.595352308536132,-26.767440913242154,-25.952394813171413,-25.150214008323914,-24.360898498699687,-23.584448284298702,-22.820863365120957,-22.070143741166483,-21.33228941243529,-20.60730037892733,-19.895176640642617,-19.195918197581175,-18.509525049742976,-17.835997197128016,-17.175334639736324,-16.527537377567914,-15.892605410622746,-15.270538738900816,-14.661337362402149,-14.065001281126737,-14.0,-14.0,-14.0,-14.0,-14.0,-14.0,-14.0,-14.0,-14.0,-14.0,False,True,False,False,False,False,False
1900,0.145395613296594,-42.71091151971418,-41.691832774416675,-40.685280763941805,-39.69125548828958,-38.70975694745998,-37.740785141453046,-36.78434007026874,-35.8404217339071,-34.90903013236809,-33.99016526565173,-33.083827133758014,-32.19001573668692,-31.308731074438487,-30.439973147012683,-29.58374195440954,-28.74003749662903,-27.908859773671143,-27.09020878553592,-26.28408453222336,-25.49048701373343,-24.709416230066125,-23.940872181221486,-23.184854867199473,-22.44136428800009,-21.710400443623367,-20.99196333406931,-20.286052959337876,-19.592669319429078,-18.911812414342936,-18.243482244079424,-17.587678808638543,-16.94440210802032,-16.31365214222476,-15.695428911251833,-15.089732415101533,-14.496562653773887,-14.0,-14.0,-14.0,-14.0,-14.0,-14.0,-14.0,-14.0,-14.0,-14.0,-14.0,False,True,False,False,False,False,False
1950,0.145395613296594,-41.83134641341628,-40.838397892357165,-39.85765490779191,-38.88911745972051,-37.93278554814295,-36.988659173059276,-36.056738334469436,-35.137023032373484,-34.22951326677136,-33.33420903766312,-32.451110345048725,-31.580217188928177,-30.7215295693015,-29.875047486168665,-29.040770939529708,-28.218699929384588,-27.408834455733317,-26.611174518575922,-25.825720117912404,-25.052471253742727,-24.29142792606689,-23.542590134884936,-22.80595788019682,-22.081531162002552,-21.369309980302155,-20.669294335095636,-19.981484226382957,-19.305879654164126,-18.642480618439166,-17.991287119208053,-17.35229915647078,-16.725516730227387,-16.11093984047787,-15.508568487222194,-14.918402670460363,-14.340442390192406,-14.0,-14.0,-14.0,-14.0,-14.0,-14.0,-14.0,-14.0,-14.0,-14.0,-14.0,False,True,False,False,False,False,False
2000,0.145395613296594,-40.995950442720805,-40.02782563468817,-39.071601224737044,-38.127277212867426,-37.19485359907931,-36.27433038337272,-35.365707565747634,-34.468985146204076,-33.58416312474201,-32.71124150136148,-31.85022027606244,-31.0010994488449,-30.163879019708894,-29.338558988654377,-28.525139355681393,-27.723620120789906,-26.934001283979917,-26.156282845251457,-25.390464804604523,-24.63654716203909,-23.89452991755515,-23.164413071152744,-22.44619662283183,-21.73988057259242,-21.045464920434533,-20.362949666358176,-19.692334810363313,-19.033620352449955,-18.386806292618118,-17.751892630867783,-17.128879367198945,-16.517766501611636,-15.918554034105853,-15.331241964681572,-14.755830293338786,-14.192319020077523,-14.0,-14.0,-14.0,-14.0,-14.0,-14.0,-14.0,-14.0,-14.0,-14.0,-14.0,False,True,False,False,False,False,False
2050,0.145395613296594,-40.20148403302253,-39.25697202518581,-38.32407016181886,-37.40277844292167,-36.49309686849424,-35.595025438536595,-34.708564153048705,-33.8337130120306,-32.970472015482244,-32.11884116340367,-31.278820455794857,-30.450409892655795,-29.633609473986517,-28.828419199786993,-28.034839070057252,-27.252869084797265,-26.482509244007026,-25.72375954768658,-24.976619995835915,-24.241090588455002,-23.517171325543842,-22.80486220710247,-22.104163233130848,-21.41507440362898,-20.737595718596896,-20.0717271780346,-19.417468781942052,-18.77482053031926,-18.14378242316625,-17.524354460482996,-16.916536642269495,-16.32032896852578,-15.735731439251845,-15.162744054447668,-14.601366814113241,-14.051599718248596,-14.0,-14.0,-14.0,-14.0,-14.0,-14.0,-14.0,-14.0,-14.0,-14.0,-14.0,False,True,False,False,False,False,False
2100,0.145395613296594,-39.44501665002452,-38.52299302332678,-37.612303109087605,-36.71294690730702,-35.824924417985,-34.948235641121585,-34.08288057671674,-33.228859224770495,-32.38617158528281,-31.554817658253736,-30.734797443683224,-29.92611094157128,-29.12875815191794,-28.342739074723163,-27.568053709986987,-26.80470205770938,-26.05268411789034,-25.3119998905299,-24.582649375628062,-23.864632573184792,-23.15794948320009,-22.46260010567399,-21.77858444060645,-21.105902487997486,-20.44455424784712,-19.794539720155353,-19.155858904922148,-18.52851180214752,-17.91249841183149,-17.307818733974024,-16.71447276857513,-16.132460515634833,-15.561781975153139,-15.002437147130012,-14.454426031565456,-14.0,-14.0,-14.0,-14.0,-14.0,-14.0,-14.0,-14.0,-14.0,-14.0,-14.0,-14.0,False,True,False,False,False,False,False
2150,0.145395613296594,-38.723890819731544,-37.823309602957,-36.9337985239327,-36.05535758265864,-35.1879867791348,-34.331686113361236,-33.4864555853379,-32.652295195064816,-31.82920494254197,-31.01718482776938,-30.21623485074702,-29.426355011474893,-28.64754530995302,-27.87980574618138,-27.12313632016,-26.37753703188885,-25.643007881367925,-24.919548868597268,-24.207159993576866,-23.50584125630669,-22.81559265678675,-22.136414195017068,-21.468305870997614,-20.811267684728392,-20.16529963620943,-19.530401725440726,-18.90657395242225,-18.293816317154008,-17.692128819636025,-17.10151145986827,-16.521964237850746,-15.953487153583477,-15.396080207066474,-14.849743398299697,-14.314476727283154,-14.0,-14.0,-14.0,-14.0,-14.0,-14.0,-14.0,-14.0,-14.0,-14.0,-14.0,-14.0,False,True,False,False,False,False,False
2200,0.145395613296594,-38.03569105962404,-37.155577597776194,-36.2862826796388,-35.42780630521188,-34.58014847449541,-33.74330918748942,-32.917288444193886,-32.102086244608834,-31.29770258873423,-30.504137476570108,-29.72139090811644,-28.949462883373222,-28.188353402340486,-27.4380624650182,-26.698590071406397,-25.969936221505044,-25.25210091531414,-24.545084152833724,-23.848885934063787,-23.1635062590043,-22.488945127655263,-21.82520254001671,-21.172278496088612,-20.530172995870963,-19.89888603936379,-19.278417626567105,-18.668767757480868,-18.069936432105084,-17.481923650439782,-16.90472941248493,-16.338353718240533,-15.782796567706612,-15.238057960883175,-14.704137897770194,-14.18103637836766,-14.0,-14.0,-14.0,-14.0,-14.0,-14.0,-14.0,-14.0,-14.0,-14.0,-14.0,-14.0,False,True,False,False,False,False,False
2250,0.145395613296594,-37.37821695646109,-36.517661571543194,-35.6676843182533,-34.82828519659142,-33.99946420655753,-33.18122134815168,-32.37355662137382,-31.576470026223994,-30.78996156270216,-30.014031230808353,-29.248679030542544,-28.49390496190473,-27.749709024894944,-27.016091219513154,-26.29305154575939,-25.580590003633624,-24.878706593135853,-24.18740131426611,-23.506674167024393,-22.836525151410672,-22.176954267424954,-21.527961515067258,-20.889546894337556,-20.261710405235856,-19.64445204776218,-19.03777182191653,-18.441669727698876,-17.856145765109222,-17.28119993414759,-16.71683223481396,-16.16304266710832,-15.619831231030714,-15.087197926581132,-14.565142753759547,-14.05366571256596,-14.0,-14.0,-14.0,-14.0,-14.0,-14.0,-14.0,-14.0,-14.0,-14.0,-14.0,-14.0,False,True,False,False,False,False,False
2300,0.145395613296594,-36.74945975920611,-35.907612100047295,-35.076112613133276,-34.254961298464046,-33.44415815603959,-32.64370318585995,-31.85359638792509,-31.07383776223504,-30.30442730878977,-29.545365027589305,-28.79665091863362,-28.058284981922718,-27.33026721745662,-26.612597625235306,-25.905276205258797,-25.208302957527067,-24.52167788204012,-23.84540097879798,-23.179472247800646,-22.523891689048096,-21.878659302540324,-21.243775088277363,-20.619239046259178,-20.005051176485775,-19.401211478957176,-18.807719953673388,-18.22457660063438,-17.65178141984015,-17.089334411290732,-16.53723557498609,-15.995484910926232,-15.464082419111179,-14.943028099540934,-14.432321952215473,-14.0,-14.0,-14.0,-14.0,-14.0,-14.0,-14.0,-14.0,-14.0,-14.0,-14.0,-14.0,-14.0,False,True,False,False,False,False,False
2350,0.145395613296594,-36.1475819631263,-35.323645956290015,-34.50983794782097,-33.70615793771917,-32.9126059259846,-32.1291819126173,-31.35588589761722,-30.592717880984402,-29.83967786271882,-29.096765842820492,-28.363981821289396,-27.641325798125532,-26.928797773328927,-26.226397746899554,-25.534125718837444,-24.85198168914256,-24.179965657814908,-23.518077624854513,-22.86631759026138,-22.22468555403548,-21.59318151617681,-20.9718054766854,-20.360557435561216,-19.75943739280427,-19.16844534841458,-18.58758130239215,-18.016845254736946,-17.45623720544898,-16.90575715452827,-16.365405101974794,-15.835181047788547,-15.315084991969561,-14.805116934517832,-14.305276875433336,-14.0,-14.0,-14.0,-14.0,-14.0,-14.0,-14.0,-14.0,-14.0,-14.0,-14.0,-14.0,-14.0,False,True,False,False,False,False,False
2400,0.145395613296594,-35.5708994484969,-34.76412877513638,-33.967275100177105,-33.18033842361909,-32.40331874546233,-31.636216065706837,-30.879030384352596,-30.13176170139963,-29.39441001684791,-28.66697533069747,-27.949457642948268,-27.24185695360032,-26.544173262653644,-25.856406570108216,-25.178556875964066,-24.510624180221157,-23.8526084828795,-23.204509783939116,-22.566328083400006,-21.938063381262143,-21.319715677525526,-20.711284972190185,-20.112771265256097,-19.52417455672325,-18.94549484659168,-18.37673213486138,-17.81788642153233,-17.268957706604528,-16.729945990078,-16.200851271952722,-15.68167355222869,-15.17241283090593,-14.673069107984444,-14.18364238346421,-14.0,-14.0,-14.0,-14.0,-14.0,-14.0,-14.0,-14.0,-14.0,-14.0,-14.0,-14.0,-14.0,False,True,False,False,False,False,False
2450,0.145395613296594,-35.017865808664695,-34.22755984292377,-33.446968487861625,-32.67609174347827,-31.91492960977368,-31.163482086747894,-30.421749174400883,-29.68973087273267,-28.967427181743233,-28.254838101432593,-27.551963631800728,-26.858803772847633,-26.17535852457334,-25.50162788697782,-24.8376118600611,-24.183310443823146,-23.53872363826397,-22.903851443383594,-22.278693859182017,-21.663250885659213,-21.057522522815184,-20.461508770649953,-19.875209629163493,-19.29862509835581,-18.731755178226923,-18.174599868776838,-17.62715917000552,-17.089433081912983,-16.56142160449924,-16.04312473776427,-15.534542481708076,-15.035674836330681,-14.546521801632084,-14.067083377612262,-14.0,-14.0,-14.0,-14.0,-14.0,-14.0,-14.0,-14.0,-14.0,-14.0,-14.0,-14.0,-14.0,False,True,False,False,False,False,False
2500,0.145395613296594,-34.48705856070308,-33.71255871427697,-32.94757918631607,-32.19211997682038,-31.446181085789885,-30.709762513224614,-29.982864259124543,-29.265486323489696,-28.557628706320045,-27.85929140761562,-27.17047442737639,-26.49117776560236,-25.82140142229355,-25.16114539744994,-24.51040969107155,-23.869194303158363,-23.23749923371037,-22.6153244827276,-22.002670050210057,-21.399535936157708,-20.80592214057056,-20.22182866344863,-19.6472555047919,-19.08220266460037,-18.52667014287406,-17.980657939612975,-17.44416605481709,-16.9171944884864,-16.399743240620932,-15.891812311220662,-15.39340170028559,-14.904511407815745,-14.425141433811117,-14.0,-14.0,-14.0,-14.0,-14.0,-14.0,-14.0,-14.0,-14.0,-14.0,-14.0,-14.0,-14.0,-14.0,False,True,False,False,False,False,False
2550,0.145395613296594,-33.97716698004455,-33.21785340511699,-32.46787347574356,-31.727227191924253,-30.995914553659063,-30.27393556094801,-29.56129021379108,-28.85797851218829,-28.16400045613961,-27.479356045645076,-26.804045280704656,-26.138068161318348,-25.481424687486182,-24.834114859208135,-24.196138676484225,-23.567496139314432,-22.94818724769875,-22.338212001637213,-21.73757040112982,-21.146262446176536,-20.564288136777368,-19.991647472932343,-19.42834045464143,-18.874367081904634,-18.329727354721978,-17.794421273093462,-17.26844883701906,-16.751810046498782,-16.244504901532636,-15.746533402120608,-15.257895548262697,-14.778591339958922,-14.30862077720929,-14.0,-14.0,-14.0,-14.0,-14.0,-14.0,-14.0,-14.0,-14.0,-14.0,-14.0,-14.0,-14.0,-14.0,False,True,False,False,False,False,False
2600,0.145395613296594,-33.48698134029038,-32.74226994949604,-32.0067127110721,-31.280309625018546,-30.56306069133538,-29.85496591002262,-29.156025281080243,-28.466238804508276,-27.785606480306686,-27.114128308475507,-26.45180428901471,-25.798634421924294,-25.15461870720429,-24.519757144854662,-23.894049734875445,-23.277496477266606,-22.670097372028152,-22.071852419160106,-21.48276161866247,-20.90282497053521,-20.332042474778333,-19.770414131391867,-19.217939940375782,-18.67461990173008,-18.14045401545478,-17.615442281549893,-17.099584700015384,-16.592881270851258,-16.095331994057542,-15.606936869634204,-15.127695897581253,-14.657609077898707,-14.196676410586567,-14.0,-14.0,-14.0,-14.0,-14.0,-14.0,-14.0,-14.0,-14.0,-14.0,-14.0,-14.0,-14.0,-14.0,False,True,False,False,False,False,False
2650,0.145395613296594,-33.01538337244737,-32.284723139969906,-31.56304434000679,-30.850346972558025,-30.146631037623596,-29.45189653520353,-28.7661434652978,-28.089371827906437,-27.421581623029407,-26.762772850666742,-26.112945510818413,-25.47209960348442,-24.84023512866479,-24.217352086359497,-23.603450476568565,-22.998530299291968,-22.402591554529714,-21.81563424228182,-21.237658362548284,-20.668663915329088,-20.10865090062423,-19.557619318433733,-19.015569168757573,-18.48250045159575,-17.95841316694829,-17.443307314815193,-16.93718289519643,-16.440039908092004,-15.951878353501941,-15.472698231426216,-15.00249954186483,-14.5412822848178,-14.089046460285138,-14.0,-14.0,-14.0,-14.0,-14.0,-14.0,-14.0,-14.0,-14.0,-14.0,-14.0,-14.0,-14.0,-14.0,False,True,False,False,False,False,False
2700,0.145395613296594,-32.56133778537946,-31.844208297947876,-31.1358939202063,-30.436394652154732,-29.745710493793162,-29.063841445121618,-28.39078750614007,-27.726548676848545,-27.07112495724702,-26.424516347335512,-25.786722847114003,-25.157744456582492,-24.537581175741003,-23.92623300458951,-23.32369994312804,-22.72998199135657,-22.145079149275094,-21.56899141688364,-21.00171879418221,-20.443261281170777,-19.89361887784934,-19.35279158421793,-18.820779400276514,-18.297582326025093,-17.7832003614637,-17.277633506592323,-16.780881761410942,-16.292945125919566,-15.813823600118209,-15.343517184006847,-14.882025877585487,-14.429349680854145,-14.0,-14.0,-14.0,-14.0,-14.0,-14.0,-14.0,-14.0,-14.0,-14.0,-14.0,-14.0,-14.0,-14.0,-14.0,False,True,False,False,False,False,False
2750,0.145395613296594,-32.12388471229154,-31.419793942813264,-30.724358008303355,-30.037576908761817,-29.35945064418864,-28.68997921458385,-28.02916261994742,-27.377000860279377,-26.733493935579695,-26.098641845848398,-25.472444591085463,-24.854902171290888,-24.2460145864647,-23.645781836606872,-23.05420392171743,-22.471280841796347,-21.897012596843627,-21.33139918685929,-20.774440611843342,-20.226136871795752,-19.686487966716523,-19.155493896605684,-18.6331546614632,-18.119470261289084,-17.61444069608335,-17.118065965845997,-16.630346070577005,-16.15128101027638,-15.680870784944139,-15.219115394580257,-14.766014839184738,-14.321569118757603,-14.0,-14.0,-14.0,-14.0,-14.0,-14.0,-14.0,-14.0,-14.0,-14.0,-14.0,-14.0,-14.0,-14.0,-14.0,False,True,False,False,False,False,False
2800,0.145395613296594,-31.70213296738876,-31.010615247365447,-30.327597811686072,-29.653080660350632,-28.98706379335912,-28.329547210711556,-27.680530912407924,-27.040014898448238,-26.40799916883248,-25.78448372356067,-25.169468562632787,-24.56295368604883,-23.96493909380882,-23.37542478591274,-22.79441076236061,-22.2218970231524,-21.657883568288124,-21.102370397767796,-20.555357511591417,-20.016844909758962,-19.486832592270435,-18.965320559125857,-18.452308810325206,-17.947797345868484,-17.451786165755706,-16.96427526998688,-16.48526465856198,-16.014754331481008,-15.552744288743986,-15.099234530350888,-14.654225056301716,-14.217715866596492,-14.0,-14.0,-14.0,-14.0,-14.0,-14.0,-14.0,-14.0,-14.0,-14.0,-14.0,-14.0,-14.0,-14.0,-14.0,False,True,False,False,False,False,False
2850,0.145395613296594,-31.29525401312715,-30.615868182928807,-29.944833509278897,-29.282149992177413,-28.627817631624346,-27.981836427619722,-27.34420638016352,-26.71492748925576,-26.093999754896416,-25.481423177085517,-24.877197755823037,-24.28132349110897,-23.69380038294335,-23.11462843132615,-22.543807636257387,-21.981337997737047,-21.42721951576512,-20.88145219034164,-20.344036021466604,-19.81497100913998,-19.29425715336178,-18.78189445413202,-18.27788291145068,-17.782222525317756,-17.294913295733274,-16.815955222697234,-16.345348306209612,-15.883092546270412,-15.429187942879652,-14.983634496037311,-14.546432205743388,-14.11758107199791,-14.0,-14.0,-14.0,-14.0,-14.0,-14.0,-14.0,-14.0,-14.0,-14.0,-14.0,-14.0,-14.0,-14.0,-14.0,False,True,False,False,False,False,False
2900,0.145395613296594,-30.902476552217756,-30.23480427081594,-29.575339160504818,-28.924081221284396,-28.281030453154656,-27.646186856115634,-27.019550430167296,-26.40112117530967,-25.79089909154273,-25.1888841788665,-24.595076437280955,-24.0094758667861,-23.432082467381957,-22.862896239068498,-22.301917181845752,-21.74914529571369,-21.204580580672317,-20.668223036721656,-20.1400726638617,-19.620129462092436,-19.10839343141386,-18.604864571825992,-18.10954288332881,-17.622428365922318,-17.143521019606535,-16.672820844381462,-16.210327840247075,-15.756042007203376,-15.30996334525039,-14.872091854388088,-14.442427534616476,-14.02097038593557,-14.0,-14.0,-14.0,-14.0,-14.0,-14.0,-14.0,-14.0,-14.0,-14.0,-14.0,-14.0,-14.0,-14.0,-14.0,False,True,False,False,False,False,False
2950,0.145395613296594,-30.523081670193978,-29.866725868137955,-29.21843813257787,-28.578218463513725,-27.946066860945507,-27.321983324873248,-26.705967855296915,-26.098020452216534,-25.498141115632087,-24.90632984554359,-24.322586641951023,-23.746911504854385,-23.1793044342537,-22.619765430148945,-22.068294492540144,-21.52489162142727,-20.989556816810325,-20.462290078689335,-19.943091407064298,-19.43196080193519,-18.92889826330201,-18.433903791164784,-17.94697738552349,-17.468119046378124,-16.99732877372871,-16.53460656757525,-16.079952427917714,-15.633366354756115,-15.194848348090465,-14.764398407920744,-14.342016534246957,-14.0,-14.0,-14.0,-14.0,-14.0,-14.0,-14.0,-14.0,-14.0,-14.0,-14.0,-14.0,-14.0,-14.0,-14.0,-14.0,False,True,False,False,False,False,False
3000,0.145395613296594,-30.156398464251584,-29.51098192556316,-28.873498985595745,-28.243949644349332,-27.62233390182392,-27.00865175801953,-26.40290321293614,-25.805088266573765,-25.215206918932388,-24.633259170012032,-24.059245019812675,-23.493164468334317,-22.935017515576977,-22.384804161540632,-21.842524406225312,-21.308178249630984,-20.78176569175766,-20.26328673260535,-19.752741372174064,-19.250129610463773,-18.75545144747448,-18.26870688320621,-17.789895917658935,-17.31901855083266,-16.8560747827274,-16.401064613343166,-15.953988042679924,-15.514845070737682,-15.08363569751646,-14.660359923016237,-14.24501774723701,-14.0,-14.0,-14.0,-14.0,-14.0,-14.0,-14.0,-14.0,-14.0,-14.0,-14.0,-14.0,-14.0,-14.0,-14.0,-14.0,False,True,False,False,False,False,False
3050,0.145395613296594,-29.801800102508917,-29.166964162815386,-28.539931762847434,-27.920702902605065,-27.309277582088264,-26.70565580129706,-26.10983756023143,-25.52182285889139,-24.941611697276922,-24.369204075388048,-23.804599993224745,-23.247799450787014,-22.698802448074876,-22.15760898508831,-21.624219061827336,-21.098632678291935,-20.580849834482105,-20.07087053039787,-19.568694766039226,-19.074322541406154,-18.58775385649865,-18.108988711316744,-17.63802710586041,-17.174869040129646,-16.719514514124477,-16.2719635278449,-15.832216081290891,-15.400272174462456,-14.976131807359616,-14.559794979982346,-14.151261692330648,-14.0,-14.0,-14.0,-14.0,-14.0,-14.0,-14.0,-14.0,-14.0,-14.0,-14.0,-14.0,-14.0,-14.0,-14.0,-14.0,False,True,False,False,False,False,False
3100,0.145395613296594,-29.458700265047142,-28.834103614703505,-28.21718464054149,-27.607943342561093,-27.006379720762304,-26.41249377514515,-25.82628550570961,-25.2477549124557,-24.676901995383403,-24.11372675449274,-23.55822918978368,-23.010409301256235,-22.470267088910422,-21.93780255274622,-21.41301569276365,-20.89590650896269,-20.386475001343342,-19.884721169905625,-19.39064501464954,-18.904246535575066,-18.425525732682203,-17.95448260597097,-17.49111715544135,-17.035429381093344,-16.587419282926962,-16.14708686094222,-15.714432115139083,-15.28945504551756,-14.872155652077666,-14.462533934819383,-14.060589893742714,-14.0,-14.0,-14.0,-14.0,-14.0,-14.0,-14.0,-14.0,-14.0,-14.0,-14.0,-14.0,-14.0,-14.0,-14.0,-14.0,False,True,False,False,False,False,False
3150,0.145395613296594,-29.126549924271657,-28.51186750647316,-27.904740896980382,-27.305170095793326,-26.71315510291198,-26.12869591833637,-25.55179254206647,-24.982444974102307,-24.420653214443853,-23.866417263091133,-23.319737120044127,-22.780612785302832,-22.24904425886727,-21.72503154073742,-21.2085746309133,-20.699673529394897,-20.198328236182206,-19.704538751275248,-19.21830507467402,-18.739627206378504,-18.268505146388705,-17.804938894704634,-17.34892845132628,-16.900473816253633,-16.459574989486722,-16.026231971025545,-15.600444760870076,-15.182213359020324,-14.771537765476303,-14.368417980237993,-14.0,-14.0,-14.0,-14.0,-14.0,-14.0,-14.0,-14.0,-14.0,-14.0,-14.0,-14.0,-14.0,-14.0,-14.0,-14.0,-14.0,False,True,False,False,False,False,False
3200,0.145395613296594,-28.80483442744746,-28.199756422427065,-27.602116166207608,-27.0119136587891,-26.429148900171526,-25.853821890354908,-25.28593262933923,-24.725481117124506,-24.172467353710715,-23.62689133909788,-23.088753073285982,-22.558052556275022,-22.034789788065016,-21.518964768655945,-21.01057749804783,-20.509627976240647,-20.016116203234404,-19.530042179029117,-19.051405903624786,-18.580207377021388,-18.11644659921893,-17.660123570217422,-17.21123829001685,-16.76979075861722,-16.33578097601854,-15.909208942220816,-15.490074657224028,-15.078378121028178,-14.674119333633282,-14.277298295039321,-14.0,-14.0,-14.0,-14.0,-14.0,-14.0,-14.0,-14.0,-14.0,-14.0,-14.0,-14.0,-14.0,-14.0,-14.0,-14.0,-14.0,False,True,False,False,False,False,False
3250,0.145395613296594,-28.493070848836656,-27.89730173620119,-27.308855945462035,-26.727733476619193,-26.15393432967266,-25.587458504622454,-25.02830600146855,-24.476476820210976,-23.931970960849707,-23.394788423384764,-22.864929207816125,-22.342393314143795,-21.827180742367787,-21.319291492488087,-20.818725564504714,-20.32548295841764,-19.839563674226877,-19.360967711932442,-18.88969507153433,-18.425745753032523,-17.969119756427023,-17.51981708171785,-17.07783772890498,-16.643181697988418,-16.21584898896818,-15.79583960184427,-15.383153536616662,-14.977790793285365,-14.579751371850389,-14.189035272311722,-14.0,-14.0,-14.0,-14.0,-14.0,-14.0,-14.0,-14.0,-14.0,-14.0,-14.0,-14.0,-14.0,-14.0,-14.0,-14.0,-14.0,False,True,False,False,False,False,False
3300,0.145395613296594,-28.1908055828177,-27.60406327491913,-27.024533329494208,-26.452215746542926,-25.88711052606528,-25.329217668061286,-24.77853717253093,-24.235069039474226,-23.698813268891158,-23.169769860781745,-22.647938815145963,-22.13332013198382,-21.625913811295327,-21.125719853080472,-20.63273825733927,-20.1469690240717,-19.668412153277767,-19.197067644957485,-18.732935499110862,-18.276015715737874,-17.826308294838515,-17.383813236412813,-16.948530540460744,-16.520460206982314,-16.09960223597753,-15.685956627446409,-15.279523381388918,-14.880302497805062,-14.488293976694859,-14.10349781805829,-14.0,-14.0,-14.0,-14.0,-14.0,-14.0,-14.0,-14.0,-14.0,-14.0,-14.0,-14.0,-14.0,-14.0,-14.0,-14.0,-14.0,False,True,False,False,False,False,False
3350,0.145395613296594,-27.897612152785857,-27.319627192766372,-26.748746948019434,-26.184971418545036,-25.628300604343174,-25.07873450541387,-24.536273121757098,-24.000916453372884,-23.472664500261207,-22.95151726242208,-22.437474739855492,-21.930536932561438,-21.43070384053994,-20.937975463790977,-20.45235180231457,-19.973832856110697,-19.502418625179356,-19.038109109520576,-18.580904309134347,-18.130804224020654,-17.687808854179497,-17.251918199610895,-16.82313226031483,-16.4014510362913,-15.986874527540323,-15.579402734061901,-15.179035655856012,-14.785773292922663,-14.399615645261868,-14.020562712873607,-14.0,-14.0,-14.0,-14.0,-14.0,-14.0,-14.0,-14.0,-14.0,-14.0,-14.0,-14.0,-14.0,-14.0,-14.0,-14.0,-14.0,False,True,False,False,False,False,False
3400,0.145395613296594,-27.613089213601658,-27.04360403240599,-26.481119085375916,-25.925634372511436,-25.377149893812543,-24.835665649279257,-24.301181638911558,-23.77369786270946,-23.253214320672956,-22.739731012802054,-22.23324793909674,-21.733765099557008,-21.241282494182887,-20.755800122974346,-20.277317985931415,-19.80583608305407,-19.341354414342312,-18.88387297979616,-18.43339177941561,-17.989910813200648,-17.553430081151273,-17.123949583267503,-16.70146931954932,-16.285989289996724,-15.877509494609733,-15.476029933388347,-15.081550606332545,-14.694071513442333,-14.313592654717725,-14.0,-14.0,-14.0,-14.0,-14.0,-14.0,-14.0,-14.0,-14.0,-14.0,-14.0,-14.0,-14.0,-14.0,-14.0,-14.0,-14.0,-14.0,False,True,False,False,False,False,False
3450,0.145395613296594,-27.33685872793378,-26.77562695516124,-26.221293963885223,-25.673859754105738,-25.13332432582277,-24.599687679036343,-24.072949813746437,-23.55311072995307,-23.04017042765622,-22.534128906855912,-22.034986167552123,-21.54274220974485,-21.05739703343412,-20.57895063861991,-20.10740302530224,-19.642754193481085,-19.185004143156455,-18.734152874328363,-18.290200386996805,-17.85314668116177,-17.422991756823258,-16.99973561398128,-16.583378252635825,-16.17391967278689,-15.771359874434491,-15.375698857578634,-14.986936622219293,-14.605073168356475,-14.230108495990196,-14.0,-14.0,-14.0,-14.0,-14.0,-14.0,-14.0,-14.0,-14.0,-14.0,-14.0,-14.0,-14.0,-14.0,-14.0,-14.0,-14.0,-14.0,False,True,False,False,False,False,False
3500,0.145395613296594,-27.06856429909088,-26.51535012307223,-25.968936174528732,-25.42932245346038,-24.89650895986717,-24.37049569374912,-23.85128265510621,-23.338869843938465,-22.833257260245855,-22.33444490402841,-21.842432775286102,-21.357220874018935,-20.878809200226932,-20.407197753910065,-19.942386535068362,-19.4843755437018,-19.033164779810374,-18.58875424339411,-18.151143934453007,-17.720333852987043,-17.296323998996222,-16.879114372480558,-16.468704973440037,-16.06509580187466,-15.66828685778444,-15.278278141169377,-14.895069652029457,-14.518661390364679,-14.149053356175061,-14.0,-14.0,-14.0,-14.0,-14.0,-14.0,-14.0,-14.0,-14.0,-14.0,-14.0,-14.0,-14.0,-14.0,-14.0,-14.0,-14.0,-14.0,False,True,False,False,False,False,False
3550,0.145395613296594,-26.807869644899526,-26.262447217838886,-25.72372924040163,-25.191715712587765,-24.666406634397276,-24.147802005830183,-23.63590182688647,-23.130706097566158,-22.63221481786922,-22.14042798779568,-21.65534560734552,-21.176967676518736,-20.70529419531535,-20.240325163735342,-19.782060581778733,-19.3305004494455,-18.885644766735645,-18.447493533649187,-18.016046750186128,-17.591304416346446,-17.173266532130143,-16.761933097537238,-16.35730411256771,-15.959379577221561,-15.56815949149881,-15.183643855399453,-14.805832668923475,-14.434725932070878,-14.070323644841675,-14.0,-14.0,-14.0,-14.0,-14.0,-14.0,-14.0,-14.0,-14.0,-14.0,-14.0,-14.0,-14.0,-14.0,-14.0,-14.0,-14.0,-14.0,False,True,False,False,False,False,False
3600,0.145395613296594,-26.554457198902632,-26.016610083328946,-25.485374300022766,-24.96074984898409,-24.442736730212914,-23.931334943709256,-23.426544489473095,-22.92836536750445,-22.436797577803304,-21.951841120369675,-21.473495995203542,-21.00176220230491,-20.536639741673792,-20.078128613310174,-19.626228817214074,-19.180940353385466,-18.742263221824363,-18.310197422530774,-17.884742955504702,-17.465899820746124,-17.05366801825505,-16.64804754803149,-16.249038410075425,-15.856640604386863,-15.470854130965815,-15.091678989812284,-14.719115180926249,-14.353162704307715,-14.0,-14.0,-14.0,-14.0,-14.0,-14.0,-14.0,-14.0,-14.0,-14.0,-14.0,-14.0,-14.0,-14.0,-14.0,-14.0,-14.0,-14.0,-14.0,False,True,False,False,False,False,False
3650,0.145395613296594,-26.308026826658292,-25.777547479791096,-25.253588898995957,-24.73615108427288,-24.225234035621856,-23.720837753042904,-23.222962236536006,-22.73160748610118,-22.246773501738407,-21.768460283447702,-21.29666783122905,-20.831396145082454,-20.37264522500793,-19.920415071005454,-19.474705683075054,-19.035517061216705,-18.602849205430406,-18.176702115716182,-17.75707579207403,-17.343970234503928,-16.93738544300588,-16.537321417579903,-16.143778158225977,-15.756755664944107,-15.376253937734306,-15.002272976596577,-14.634812781530899,-14.273873352537276,-14.0,-14.0,-14.0,-14.0,-14.0,-14.0,-14.0,-14.0,-14.0,-14.0,-14.0,-14.0,-14.0,-14.0,-14.0,-14.0,-14.0,-14.0,-14.0,False,True,False,False,False,False,False
3700,0.145395613296594,-26.06829464624089,-25.544983939196225,-25.028105879763185,-24.51766046794177,-24.013647703731976,-23.516067587133822,-23.024920118147286,-22.54020529677239,-22.061923123009112,-21.590073596857472,-21.124656718317453,-20.665672487389052,-20.21312090407229,-19.767001968367147,-19.327315680273642,-18.89406203979176,-18.46724104692149,-18.046852701662864,-17.632897004015877,-17.225373953980505,-16.824283551556757,-16.42962579674464,-16.04140068954415,-15.659608229955277,-15.284248417978041,-14.915321253612444,-14.552826736858464,-14.196764867716107,-14.0,-14.0,-14.0,-14.0,-14.0,-14.0,-14.0,-14.0,-14.0,-14.0,-14.0,-14.0,-14.0,-14.0,-14.0,-14.0,-14.0,-14.0,-14.0,False,True,False,False,False,False,False
3750,0.145395613296594,-25.834991943209943,-25.318658712259204,-24.80867236028527,-24.305032887288142,-23.807740293267813,-23.3167945782243,-22.832195742157587,-22.35394378506769,-21.88203870695459,-21.416480507818303,-20.957269187658817,-20.50440474647613,-20.057887184270257,-19.617716501041183,-19.183892696788927,-18.756415771513463,-18.335285725214803,-17.92050255789296,-17.51206626954793,-17.109976860179696,-16.714234329788262,-16.324838678373645,-15.941789905935824,-15.565088012474805,-15.194732997990599,-14.830724862483208,-14.473063605952616,-14.121749228398823,-14.0,-14.0,-14.0,-14.0,-14.0,-14.0,-14.0,-14.0,-14.0,-14.0,-14.0,-14.0,-14.0,-14.0,-14.0,-14.0,-14.0,-14.0,-14.0,False,True,False,False,False,False,False
3800,0.145395613296594,-25.607864171337468,-25.09832479868871,-24.595048793451276,-24.098036155625163,-23.607286885210364,-23.122800982206897,-22.644578446614744,-22.172619278433924,-21.706923477664418,-21.247491044306244,-20.79432197835938,-20.347416279823836,-19.90677394869962,-19.472394984986718,-19.044279388685148,-18.62242715979489,-18.206838298315947,-17.797512804248335,-17.394450677592054,-16.997651918347092,-16.60711652651344,-16.222844502091117,-15.844835845080112,-15.473090555480422,-15.10760863329206,-14.748390078515031,-14.395434891149314,-14.048743071194913,-14.0,-14.0,-14.0,-14.0,-14.0,-14.0,-14.0,-14.0,-14.0,-14.0,-14.0,-14.0,-14.0,-14.0,-14.0,-14.0,-14.0,-14.0,-14.0,False,True,False,False,False,False,False
3850,0.145395613296594,-25.3866700312904,-24.88374805309163,-24.387008099870265,-23.89645017162631,-23.412074268359753,-22.93388039007062,-22.461868536758885,-21.996038708424567,-21.536390905067652,-21.082925126688153,-20.635641373286056,-20.19453964486136,-19.759619941414083,-19.330882262944204,-18.90832660945175,-18.491952980936688,-18.08176137739903,-17.67775179883879,-17.27992424525597,-16.88827871665055,-16.50281521302253,-16.12353373437193,-15.750434280698727,-15.383516852002927,-15.022781448284544,-14.668228069543582,-14.319856715780016,-14.0,-14.0,-14.0,-14.0,-14.0,-14.0,-14.0,-14.0,-14.0,-14.0,-14.0,-14.0,-14.0,-14.0,-14.0,-14.0,-14.0,-14.0,-14.0,-14.0,False,True,False,False,False,False,False
3900,0.145395613296594,-25.1711806202655,-24.674706359735943,-24.184334867453313,-23.700066143417615,-23.221900187628833,-22.749837000086995,-22.28387658079208,-21.8240189297441,-21.370264046943042,-20.92261193238892,-20.481062586081723,-20.045616008021447,-19.616272198208108,-19.19303115664169,-18.77589288332221,-18.364857378249653,-17.959924641424017,-17.56109467284532,-17.168367472513562,-16.781743040428722,-16.401221376590804,-16.026802480999827,-15.65848635365577,-15.296272994558633,-14.940162403708436,-14.590154581105176,-14.246249526748837,-14.0,-14.0,-14.0,-14.0,-14.0,-14.0,-14.0,-14.0,-14.0,-14.0,-14.0,-14.0,-14.0,-14.0,-14.0,-14.0,-14.0,-14.0,-14.0,-14.0,False,True,False,False,False,False,False
3950,0.145395613296594,-24.96117864628384,-24.470988870064783,-23.98682461186168,-23.508685871674537,-23.036572649503338,-22.570484945348102,-22.110422759208817,-21.656386091085498,-21.20837494097812,-20.766389308886712,-20.330429194811252,-19.900494598751738,-19.476585520708188,-19.058701960680587,-18.64684391866895,-18.241011394673258,-17.841204388693516,-17.447422900729737,-17.059666930781926,-16.67793647885006,-16.302231544934145,-15.932552129034189,-15.568898231150182,-15.211269851282125,-14.85966698943003,-14.514089645593902,-14.174537819773718,-14.0,-14.0,-14.0,-14.0,-14.0,-14.0,-14.0,-14.0,-14.0,-14.0,-14.0,-14.0,-14.0,-14.0,-14.0,-14.0,-14.0,-14.0,-14.0,-14.0,False,True,False,False,False,False,False
4000,0.145395613296594,-24.756457701481906,-24.27239529746559,-23.794283092490026,-23.322121086555217,-22.85590927966116,-22.395647671807865,-21.94133626299532,-21.492975053223542,-21.05056404249251,-20.614103230802243,-20.183592618152726,-19.759032204543956,-19.34042198997595,-18.927761974448693,-18.521052157962203,-18.120292540516456,-17.725483122111463,-17.33662390274723,-16.953714882423768,-16.576756061141047,-16.20574743889908,-15.840689015697876,-15.48158079153742,-15.128422766417714,-14.781214940338769,-14.439957313300592,-14.10464988530316,-14.0,-14.0,-14.0,-14.0,-14.0,-14.0,-14.0,-14.0,-14.0,-14.0,-14.0,-14.0,-14.0,-14.0,-14.0,-14.0,-14.0,-14.0,-14.0,-14.0,False,True,False,False,False,False,False
4050,0.145395613296594,-24.55682158929591,-24.078735264341525,-23.606525679180475,-23.140192833812762,-22.67973672823838,-22.225157362457352,-21.776454736469653,-21.333628850275304,-20.896679703874284,-20.465607297266615,-20.040411630452276,-19.621092703431266,-19.207650516203607,-18.80008506876928,-18.398396361128302,-18.002584393280653,-17.612649165226337,-17.228590676965368,-16.85040892849775,-16.47810391982346,-16.1116756509425,-15.751124121854893,-15.396449332560616,-15.04765128305967,-14.704729973352071,-14.367685403437823,-14.036517573316903,-14.0,-14.0,-14.0,-14.0,-14.0,-14.0,-14.0,-14.0,-14.0,-14.0,-14.0,-14.0,-14.0,-14.0,-14.0,-14.0,-14.0,-14.0,-14.0,-14.0,False,True,False,False,False,False,False
4100,0.145395613296594,-24.36208370093437,-23.88982769701601,-23.423376765332534,-22.96273090588394,-22.507890118670225,-22.058854403691402,-21.615623760947457,-21.178198190438405,-20.746577692164227,-20.32076226612494,-19.900751912320533,-19.486546630751004,-19.078146421416363,-18.6755512843166,-18.27876121945173,-17.887776226821735,-17.502596306426618,-17.123221458266393,-16.74965168234106,-16.381886978650606,-16.019927347195026,-15.66377278797434,-15.313423300988529,-14.968878886237595,-14.630139543721553,-14.297205273440404,-14.0,-14.0,-14.0,-14.0,-14.0,-14.0,-14.0,-14.0,-14.0,-14.0,-14.0,-14.0,-14.0,-14.0,-14.0,-14.0,-14.0,-14.0,-14.0,-14.0,-14.0,False,True,False,False,False,False,False
4150,0.145395613296594,-24.172066436978092,-23.705500264432242,-23.244669223491943,-22.789573314157188,-22.340212536427973,-21.896586890304317,-21.458696375786204,-21.026540992873645,-20.600120741566627,-20.179435621865164,-19.764485633769244,-19.35527077727886,-18.95179105239404,-18.554046459114755,-18.162036997441028,-17.775762667372838,-17.395223468910192,-17.020419402053104,-16.65135046680157,-16.28801666315558,-15.930417991115126,-15.578554450680231,-15.232426041850875,-14.892032764627062,-14.557374619008804,-14.228451604996103,-14.0,-14.0,-14.0,-14.0,-14.0,-14.0,-14.0,-14.0,-14.0,-14.0,-14.0,-14.0,-14.0,-14.0,-14.0,-14.0,-14.0,-14.0,-14.0,-14.0,-14.0,False,True,False,False,False,False,False
4200,0.145395613296594,-23.98660067034337,-23.525588856994496,-23.070243899874914,-22.62056579898462,-22.176554554323612,-21.738210165891903,-21.30553263368948,-20.87852195771636,-20.457178137972516,-20.041501174457977,-19.63149106717272,-19.22714781611675,-18.82847142129008,-18.435461882692692,-18.048119200324606,-17.6664433741858,-17.29043440427628,-16.920092290596063,-16.555417033145144,-16.196408631923507,-15.843067086931155,-15.495392398168104,-15.153384565634337,-14.817043589329854,-14.486369469254669,-14.161362205408787,-14.0,-14.0,-14.0,-14.0,-14.0,-14.0,-14.0,-14.0,-14.0,-14.0,-14.0,-14.0,-14.0,-14.0,-14.0,-14.0,-14.0,-14.0,-14.0,-14.0,-14.0,False,True,False,False,False,False,False
4250,0.145395613296594,-23.805525247198737,-23.349937102242205,-22.899949144618144,-22.45556137432656,-22.016773791367445,-21.583586395740816,-21.155999187446657,-20.734012166484984,-20.317625332855776,-19.906838686559055,-19.501652227594803,-19.10206595596302,-18.70807987166372,-18.31969397469689,-17.936908265062545,-17.55972274276067,-17.18813740779126,-16.82215226015434,-16.4617672998499,-16.106982526877932,-15.75779794123843,-15.414213542931416,-15.076229331956869,-14.743845308314791,-14.417061472005198,-14.095877823028088,-14.0,-14.0,-14.0,-14.0,-14.0,-14.0,-14.0,-14.0,-14.0,-14.0,-14.0,-14.0,-14.0,-14.0,-14.0,-14.0,-14.0,-14.0,-14.0,-14.0,-14.0,False,True,False,False,False,False,False
4300,0.145395613296594,-23.628686522743003,-23.17839591435573,-22.733640374843578,-22.29441990420655,-21.860734502444632,-21.43258416955785,-21.00996890554618,-20.59288871040964,-20.181343584148216,-19.77533352676192,-19.37485853825074,-18.979918618614676,-18.59051376785374,-18.206643985967922,-17.82830927295723,-17.455509628821655,-17.088245053561195,-16.726515547175865,-16.370321109665664,-16.01966174103058,-15.674537441270605,-15.334948210385765,-15.000894048376038,-14.672374955241427,-14.349390930981945,-14.031941975597594,-14.0,-14.0,-14.0,-14.0,-14.0,-14.0,-14.0,-14.0,-14.0,-14.0,-14.0,-14.0,-14.0,-14.0,-14.0,-14.0,-14.0,-14.0,-14.0,-14.0,-14.0,False,True,False,False,False,False,False
4350,0.145395613296594,-23.455937929036974,-23.010823074769096,-22.571179667895017,-22.137007708414732,-21.708307196328242,-21.285078131635558,-20.867320514336665,-20.45503434443158,-20.04821962192029,-19.646876346802802,-19.251004519079107,-18.860604138749203,-18.475675205813108,-18.0962177202708,-17.722231682122302,-17.353717091367596,-16.99067394800668,-16.633102252039574,-16.28100200346627,-15.93437320228676,-15.593215848501043,-15.25752994210913,-14.92731548311101,-14.602572471506683,-14.283300907296159,-14.0,-14.0,-14.0,-14.0,-14.0,-14.0,-14.0,-14.0,-14.0,-14.0,-14.0,-14.0,-14.0,-14.0,-14.0,-14.0,-14.0,-14.0,-14.0,-14.0,-14.0,-14.0,False,True,False,False,False,False,False
4400,0.145395613296594,-23.287139572336624,-22.847082841412696,-22.412435382344004,-21.983197195130543,-21.559368279772308,-21.140948636269314,-20.727938264621546,-20.320337164829017,-19.918145336891715,-19.521362780809657,-19.12998949658282,-18.744025484211214,-18.363470743694844,-17.988325275033702,-17.6185890782278,-17.254262153277125,-16.89534450018167,-16.541836118941465,-16.193737009556497,-15.851047172026751,-15.513766606352235,-15.181895312532959,-14.855433290568907,-14.534380540460084,-14.218737062206497,-14.0,-14.0,-14.0,-14.0,-14.0,-14.0,-14.0,-14.0,-14.0,-14.0,-14.0,-14.0,-14.0,-14.0,-14.0,-14.0,-14.0,-14.0,-14.0,-14.0,-14.0,-14.0,False,True,False,False,False,False,False
4450,0.145395613296594,-23.122157857605067,-22.687045584331972,-22.257281804578657,-21.83286651834512,-21.41379972563136,-21.00008142643739,-20.591711620763192,-20.188690308608784,-19.79101748997415,-19.398693164859303,-19.01171733326423,-18.630089995188932,-18.25381115063342,-17.882880799597686,-17.517298942081737,-17.15706557808556,-16.80218070760916,-16.45264433065255,-16.108456447215726,-15.769617057298676,-15.436126160901402,-15.107983758023915,-14.785189848666201,-14.467744432828262,-14.155647510510112,-14.0,-14.0,-14.0,-14.0,-14.0,-14.0,-14.0,-14.0,-14.0,-14.0,-14.0,-14.0,-14.0,-14.0,-14.0,-14.0,-14.0,-14.0,-14.0,-14.0,-14.0,-14.0,False,True,False,False,False,False,False
4500,0.145395613296594,-22.96086513808741,-22.530587445628463,-22.105598818983516,-21.685899258152578,-21.271488763135636,-20.862367333932706,-20.45853497054378,-20.059991672968863,-19.666737441207946,-19.278772275261044,-18.89609617512814,-18.518709140809232,-18.14661117230434,-17.779802269613445,-17.41828243273656,-17.062051661673678,-16.711109956424792,-16.36545731698992,-16.025093743369062,-15.690019235562204,-15.360233793569343,-15.035737417390495,-14.716530107025644,-14.402611862474794,-14.093982683737956,-14.0,-14.0,-14.0,-14.0,-14.0,-14.0,-14.0,-14.0,-14.0,-14.0,-14.0,-14.0,-14.0,-14.0,-14.0,-14.0,-14.0,-14.0,-14.0,-14.0,-14.0,-14.0,False,True,False,False,False,False,False
4550,0.145395613296594,-22.80313938801858,-22.377590021850388,-21.957271599893847,-21.54218412214896,-21.132327588615723,-20.727701999294148,-20.32830735418422,-19.93414365328595,-19.54521089659933,-19.16150908412437,-18.783038215861055,-18.40979829180939,-18.041789311969385,-17.67901127634103,-17.32146418492433,-16.969148037719282,-16.622062834725877,-16.280208575944137,-15.943585261374059,-15.612192891015626,-15.28603146486884,-14.965100982933714,-14.649401445210238,-14.338932851698408,-14.033695202398237,-14.0,-14.0,-14.0,-14.0,-14.0,-14.0,-14.0,-14.0,-14.0,-14.0,-14.0,-14.0,-14.0,-14.0,-14.0,-14.0,-14.0,-14.0,-14.0,-14.0,-14.0,-14.0,False,True,False,False,False,False,False
4600,0.145395613296594,-22.648863896702316,-22.22794006712291,-21.8121903236659,-21.401614666331284,-20.996213095119057,-20.59598561002924,-20.200932211061808,-19.811052898216783,-19.426347671494145,-19.046816530893913,-18.672459476416073,-18.30327650806062,-17.939267625827572,-17.580432829716916,-17.22677211972866,-16.878285495862794,-16.534972958119322,-16.196834506498252,-15.863870140999586,-15.536079861623309,-15.213463668369425,-14.896021561237943,-14.58375354022885,-14.276659605342148,-14.0,-14.0,-14.0,-14.0,-14.0,-14.0,-14.0,-14.0,-14.0,-14.0,-14.0,-14.0,-14.0,-14.0,-14.0,-14.0,-14.0,-14.0,-14.0,-14.0,-14.0,-14.0,-14.0,False,True,False,False,False,False,False
4650,0.145395613296594,-22.49792698235112,-22.081529215455365,-21.670249899347354,-21.26408903402709,-20.863046619494565,-20.467122655749797,-20.07631714279277,-19.690630080623496,-19.310061469241965,-18.934611308648186,-18.56427959884215,-18.19906633982385,-17.83897153159331,-17.48399517415051,-17.13413726749546,-16.789397811628156,-16.449776806548588,-16.11527425225678,-15.785890148752722,-15.461624496036407,-15.142477294107831,-14.82844854296701,-14.51953824261393,-14.215746393048592,-14.0,-14.0,-14.0,-14.0,-14.0,-14.0,-14.0,-14.0,-14.0,-14.0,-14.0,-14.0,-14.0,-14.0,-14.0,-14.0,-14.0,-14.0,-14.0,-14.0,-14.0,-14.0,-14.0,False,True,False,False,False,False,False
4700,0.145395613296594,-22.35022172421408,-21.938253720795938,-21.53134971656142,-21.12950971151052,-20.732733705643234,-20.34102169895958,-19.95437369145954,-19.57278968314313,-19.196269674010342,-18.82481366406118,-18.45842165329563,-18.0970936417137,-17.740829629315396,-17.38962961610071,-17.043493602069653,-16.70242158722221,-16.366413571558386,-16.035469555078187,-15.709589537781623,-15.388773519668671,-15.073021500739335,-14.76233348099363,-14.45670946043154,-14.156149439053067,-14.0,-14.0,-14.0,-14.0,-14.0,-14.0,-14.0,-14.0,-14.0,-14.0,-14.0,-14.0,-14.0,-14.0,-14.0,-14.0,-14.0,-14.0,-14.0,-14.0,-14.0,-14.0,-14.0,False,True,False,False,False,False,False
4750,0.145395613296594,-22.205645711643708,-21.798014213524706,-21.39539340933476,-20.997783299073866,-20.605183882742026,-20.217595160339254,-19.83501713186553,-19.457449797320876,-19.08489315670527,-18.71734721001873,-18.35481195726124,-17.997287398432803,-17.64477353353343,-17.297270362563108,-16.954777885521853,-16.617296102409647,-16.28482501322649,-15.957364617972404,-15.63491491664738,-15.317475909251408,-15.005047595784486,-14.697629976246631,-14.395223050637826,-14.097826818958072,-14.0,-14.0,-14.0,-14.0,-14.0,-14.0,-14.0,-14.0,-14.0,-14.0,-14.0,-14.0,-14.0,-14.0,-14.0,-14.0,-14.0,-14.0,-14.0,-14.0,-14.0,-14.0,-14.0,False,True,False,False,False,False,False
4800,0.145395613296594,-22.06410080886541,-21.660715472185142,-21.262288634705506,-20.868820296426502,-20.480310457348118,-20.096759117470373,-19.718166276793255,-19.34453193531677,-18.97585609304091,-18.612138749965688,-18.25337990609109,-17.899579561417116,-17.55073771594378,-17.206854369671063,-16.86792952259899,-16.533963174727532,-16.204955326056705,-15.880905976586511,-15.561815126316958,-15.247682775248027,-14.938508923379718,-14.634293570712048,-14.335036717245004,-14.04073836297858,-14.0,-14.0,-14.0,-14.0,-14.0,-14.0,-14.0,-14.0,-14.0,-14.0,-14.0,-14.0,-14.0,-14.0,-14.0,-14.0,-14.0,-14.0,-14.0,-14.0,-14.0,-14.0,-14.0,False,True,False,False,False,False,False
4850,0.145395613296594,-21.925492934315184,-21.52626620935327,-21.13194686504353,-20.742534901385955,-20.358030318380546,-19.978433116027315,-19.603743294326247,-19.233960853277356,-18.86908579288063,-18.50911811313608,-18.154057814043693,-17.803904895603473,-17.458659357815428,-17.118321200679546,-16.78289042419584,-16.452367028364296,-16.126751013184922,-15.80604237865772,-15.490241124782697,-15.179347251559838,-14.873360758989142,-14.572281647070621,-14.276109915804268,-14.0,-14.0,-14.0,-14.0,-14.0,-14.0,-14.0,-14.0,-14.0,-14.0,-14.0,-14.0,-14.0,-14.0,-14.0,-14.0,-14.0,-14.0,-14.0,-14.0,-14.0,-14.0,-14.0,-14.0,False,True,False,False,False,False,False
4900,0.145395613296594,-21.789731853503966,-21.394578870633502,-21.00428319310243,-20.61884482091075,-20.238263754058455,-19.862539992545564,-19.49167353637206,-19.125664385537952,-18.76451254004323,-18.408217999887913,-18.05678076507198,-17.710200835595433,-17.368478211458285,-17.031612892660526,-16.699604879202166,-16.37245417108319,-16.050160768303602,-15.732724670863414,-15.420145878762625,-15.112424392001223,-14.809560210579209,-14.511553334496593,-14.218403763753363,-14.0,-14.0,-14.0,-14.0,-14.0,-14.0,-14.0,-14.0,-14.0,-14.0,-14.0,-14.0,-14.0,-14.0,-14.0,-14.0,-14.0,-14.0,-14.0,-14.0,-14.0,-14.0,-14.0,-14.0,False,True,False,False,False,False,False
4950,0.145395613296594,-21.65673098445111,-21.265569445852066,-20.879216148902117,-20.49767109360126,-20.120934279949495,-19.749005707946836,-19.381885377593264,-19.019573288888793,-18.662069441833417,-18.309373836427138,-17.961486472669954,-17.618407350561856,-17.280136470102864,-16.94667383129296,-16.618019434132158,-16.294173278620445,-15.97513536475782,-15.660905692544302,-15.351484261979886,-15.046871073064558,-14.74706612579832,-14.452069420181186,-14.16188095621314,-14.0,-14.0,-14.0,-14.0,-14.0,-14.0,-14.0,-14.0,-14.0,-14.0,-14.0,-14.0,-14.0,-14.0,-14.0,-14.0,-14.0,-14.0,-14.0,-14.0,-14.0,-14.0,-14.0,-14.0,False,True,False,False,False,False,False
5000,0.145395613296594,-21.526407214806323,-21.13915729159327,-20.75666752761282,-20.378937922864974,-20.005968477349725,-19.63775919106709,-19.274310064017055,-18.915621096199633,-18.561692287614807,-18.212523638262592,-17.86811514814298,-17.528466817255964,-17.19357864560156,-16.863450633179752,-16.53808277999056,-16.217475086033964,-15.901627551309968,-15.590540175818584,-15.284212959559811,-14.982645902533637,-14.685839004740064,-14.3937922661791,-14.106505686850735,-14.0,-14.0,-14.0,-14.0,-14.0,-14.0,-14.0,-14.0,-14.0,-14.0,-14.0,-14.0,-14.0,-14.0,-14.0,-14.0,-14.0,-14.0,-14.0,-14.0,-14.0,-14.0,-14.0,-14.0,False,True,False,False,False,False,False
5050,0.145395613296594,-21.39868072984906,-21.01526496429158,-20.636562227677274,-20.262572520006138,-19.89329584127817,-19.528732191493383,-19.168881570651763,-18.813743978753326,-18.46331941579805,-18.11760788178596,-17.776609376717033,-17.440323900591277,-17.108751453408697,-16.781892035169285,-16.459745645873056,-16.142312285519992,-15.829591954110093,-15.521584651643376,-15.218290378119839,-14.919709133539468,-14.625840917902266,-14.336685731208243,-14.052243573457387,-14.0,-14.0,-14.0,-14.0,-14.0,-14.0,-14.0,-14.0,-14.0,-14.0,-14.0,-14.0,-14.0,-14.0,-14.0,-14.0,-14.0,-14.0,-14.0,-14.0,-14.0,-14.0,-14.0,-14.0,False,True,False,False,False,False,False
5100,0.145395613296594,-21.273474850618104,-20.893818063154328,-20.518828098467612,-20.148504956557957,-19.782848637425364,-19.421859141069838,-19.06553646749137,-18.713880616689977,-18.366891588665638,-18.02456938341837,-17.68691400094816,-17.353925441255004,-17.025603704338923,-16.7019487901999,-16.382960698837945,-16.068639430253047,-15.758984984445208,-15.453997361414439,-15.15367656116074,-14.858022583684098,-14.567035428984514,-14.280715097062002,-14.0,-14.0,-14.0,-14.0,-14.0,-14.0,-14.0,-14.0,-14.0,-14.0,-14.0,-14.0,-14.0,-14.0,-14.0,-14.0,-14.0,-14.0,-14.0,-14.0,-14.0,-14.0,-14.0,-14.0,-14.0,False,True,False,False,False,False,False
5150,0.145395613296594,-21.15071588148218,-20.77474508224621,-20.403395796828296,-20.036668025228444,-19.67456176744665,-19.317077023482927,-18.96421379333726,-18.615972077009665,-18.272351874500128,-17.93335318580866,-17.598976010935246,-17.26922034987989,-16.944086202642605,-16.623573569223378,-16.307682449622217,-15.996412843839115,-15.68976475187407,-15.387738173727096,-15.090333109398191,-14.797549558887342,-14.509387522194551,-14.22584699931983,-14.0,-14.0,-14.0,-14.0,-14.0,-14.0,-14.0,-14.0,-14.0,-14.0,-14.0,-14.0,-14.0,-14.0,-14.0,-14.0,-14.0,-14.0,-14.0,-14.0,-14.0,-14.0,-14.0,-14.0,-14.0,False,True,False,False,False,False,False
5200,0.145395613296594,-21.03033296651542,-20.657977271118252,-20.29019865190628,-19.926997108879505,-19.56837264203792,-19.214325251381542,-18.864854936910355,-18.51996169862437,-18.179645536523577,-17.843906450607985,-17.512744440877587,-17.18615950733238,-16.864151649972378,-16.546720868797564,-16.233867163807954,-15.925590535003536,-15.621890982384308,-15.322768505950286,-15.028223105701466,-14.738254781637837,-14.4528635337594,-14.172049362066165,-14.0,-14.0,-14.0,-14.0,-14.0,-14.0,-14.0,-14.0,-14.0,-14.0,-14.0,-14.0,-14.0,-14.0,-14.0,-14.0,-14.0,-14.0,-14.0,-14.0,-14.0,-14.0,-14.0,-14.0,-14.0,False,True,False,False,False,False,False
5250,0.145395613296594,-20.912257954090048,-20.54344850341095,-20.179172537715285,-19.81943005700305,-19.46422106127424,-19.113545550528876,-18.767403524766937,-18.42579498398844,-18.088719928193367,-17.756178357381735,-17.42817027155353,-17.104695670708754,-16.785754554847415,-16.471346923969506,-16.161472778075037,-15.856132117163993,-15.555324941236378,-15.259051250292202,-14.967311044331467,-14.680104323354158,-14.397431087360278,-14.119291336349836,-14.0,-14.0,-14.0,-14.0,-14.0,-14.0,-14.0,-14.0,-14.0,-14.0,-14.0,-14.0,-14.0,-14.0,-14.0,-14.0,-14.0,-14.0,-14.0,-14.0,-14.0,-14.0,-14.0,-14.0,-14.0,False,True,False,False,False,False,False
5300,0.145395613296594,-20.796425269143153,-20.431095152904422,-20.070255752922865,-19.71390706919848,-19.362049101731266,-19.014681850521235,-18.67180531556837,-18.33341949687269,-17.999524394434175,-17.67012000825284,-17.345206338328676,-17.02478338466168,-16.708851147251867,-16.39740962609922,-16.090458821203754,-15.787998732565455,-15.490029360184327,-15.19655070406038,-14.907562764193614,-14.623065540584015,-14.343059033231587,-14.067543242136338,-14.0,-14.0,-14.0,-14.0,-14.0,-14.0,-14.0,-14.0,-14.0,-14.0,-14.0,-14.0,-14.0,-14.0,-14.0,-14.0,-14.0,-14.0,-14.0,-14.0,-14.0,-14.0,-14.0,-14.0,-14.0,False,True,False,False,False,False,False
5350,0.145395613296594,-20.6827717926148,-20.320855976527834,-19.963388907387227,-19.610370585192978,-19.261801009945085,-18.917680181643558,-18.578008100288383,-18.242784765879577,-17.912010178417123,-17.585684337901036,-17.263807244331304,-16.946378897707923,-16.63339929803091,-16.32486844530025,-16.020786339515958,-15.721152980678019,-15.425968368786434,-15.135232503841214,-14.848945385842361,-14.567107014789862,-14.289717390683718,-14.016776513523938,-14.0,-14.0,-14.0,-14.0,-14.0,-14.0,-14.0,-14.0,-14.0,-14.0,-14.0,-14.0,-14.0,-14.0,-14.0,-14.0,-14.0,-14.0,-14.0,-14.0,-14.0,-14.0,-14.0,-14.0,-14.0,False,True,False,False,False,False,False
5400,0.145395613296594,-20.571236747592337,-20.21267200387655,-19.85851481500576,-19.508765180979978,-19.163423101799193,-18.822488577463417,-18.485961607972644,-18.15384219332688,-17.82613033352612,-17.502826028570365,-17.183929278459612,-16.869440083193854,-16.55935844277311,-16.253684357197365,-15.95241782646663,-15.655558850580894,-15.363107429540158,-15.07506356334443,-14.791427251993715,-14.512198495487999,-14.237377293827281,-14.0,-14.0,-14.0,-14.0,-14.0,-14.0,-14.0,-14.0,-14.0,-14.0,-14.0,-14.0,-14.0,-14.0,-14.0,-14.0,-14.0,-14.0,-14.0,-14.0,-14.0,-14.0,-14.0,-14.0,-14.0,-14.0,False,True,False,False,False,False,False
5450,0.145395613296594,-20.461761591729587,-20.106486432818528,-19.75557839246949,-19.409037470682478,-19.06686366745748,-18.729056982794514,-18.39561741669356,-18.06654496915464,-17.741839640177737,-17.421501429762863,-17.105530337910004,-16.793926364619164,-16.486689509890354,-16.18381977372356,-15.885317156118795,-15.591181657076048,-15.301413276595317,-15.016012014676615,-14.734977871319943,-14.458310846525288,-14.18601094029265,-14.0,-14.0,-14.0,-14.0,-14.0,-14.0,-14.0,-14.0,-14.0,-14.0,-14.0,-14.0,-14.0,-14.0,-14.0,-14.0,-14.0,-14.0,-14.0,-14.0,-14.0,-14.0,-14.0,-14.0,-14.0,-14.0,False,True,False,False,False,False,False
5500,0.145395613296594,-20.35428991554133,-20.002244530802187,-19.654526563547233,-19.311136013776466,-18.972072881489876,-18.63733716668748,-18.306928869369266,-17.980847989535246,-17.659094527185406,-17.341668482319754,-17.02856985493829,-16.719798645041003,-16.415354852627907,-16.11523847769899,-15.81944952025427,-15.52798798029373,-15.240853857817369,-14.958047152825202,-14.679567865317228,-14.405415995293433,-14.135591542753819,-14.0,-14.0,-14.0,-14.0,-14.0,-14.0,-14.0,-14.0,-14.0,-14.0,-14.0,-14.0,-14.0,-14.0,-14.0,-14.0,-14.0,-14.0,-14.0,-14.0,-14.0,-14.0,-14.0,-14.0,-14.0,-14.0,False,True,False,False,False,False,False
5550,0.145395613296594,-20.248767346202012,-19.899893541505566,-19.555308168550205,-19.215011227335932,-18.879002717862736,-18.547282640130632,-18.21985099413961,-17.896707779889677,-17.577852997380827,-17.263286646613064,-16.953008727586386,-16.647019240300786,-16.345318184756277,-16.04790556095285,-15.754781368890514,-15.465945608569257,-15.181398279989079,-14.901139383149994,-14.625168918052003,-14.353486884695089,-14.086093283079254,-14.0,-14.0,-14.0,-14.0,-14.0,-14.0,-14.0,-14.0,-14.0,-14.0,-14.0,-14.0,-14.0,-14.0,-14.0,-14.0,-14.0,-14.0,-14.0,-14.0,-14.0,-14.0,-14.0,-14.0,-14.0,-14.0,False,True,False,False,False,False,False
5600,0.145395613296594,-20.145141456504412,-19.799382596492755,-19.457873878653068,-19.12061530298535,-18.787606869489593,-18.458848578165814,-18.134340429013996,-17.81408242203415,-17.49807455722627,-17.186316834590368,-16.878809254126427,-16.575551815834448,-16.276544519714445,-15.981787365766403,-15.691280353990338,-15.405023484386234,-15.123016756954096,-14.84526017169393,-14.571753728605742,-14.302497427689515,-14.037491268945251,-14.0,-14.0,-14.0,-14.0,-14.0,-14.0,-14.0,-14.0,-14.0,-14.0,-14.0,-14.0,-14.0,-14.0,-14.0,-14.0,-14.0,-14.0,-14.0,-14.0,-14.0,-14.0,-14.0,-14.0,-14.0,-14.0,False,True,False,False,False,False,False
5650,0.145395613296594,-20.043361678658158,-19.70066263156696,-19.3621761147701,-19.02790212826758,-18.6978406720594,-18.37199174614556,-18.05035535052606,-17.732931485200908,-17.41972015017009,-17.110721345433618,-16.80593507099148,-16.50536132684368,-16.209000112990225,-15.916851429431103,-15.628915276166332,-15.345191653195894,-15.06568056051979,-14.790381998138034,-14.519295966050624,-14.25242246425755,-14.0,-14.0,-14.0,-14.0,-14.0,-14.0,-14.0,-14.0,-14.0,-14.0,-14.0,-14.0,-14.0,-14.0,-14.0,-14.0,-14.0,-14.0,-14.0,-14.0,-14.0,-14.0,-14.0,-14.0,-14.0,-14.0,-14.0,False,True,False,False,False,False,False
5700,0.145395613296594,-19.943379222630654,-19.603686307531483,-19.26816897070653,-18.936827212155784,-18.609661031879252,-18.286670429876942,-17.96785540614884,-17.65321596069496,-17.342752093515287,-17.036463804609838,-16.7343510939786,-16.436413961621565,-16.142652407538755,-15.853066431730154,-15.567656034195775,-15.286421214935602,-15.009361973949641,-14.736478311237901,-14.467770226800381,-14.20323772063707,-14.0,-14.0,-14.0,-14.0,-14.0,-14.0,-14.0,-14.0,-14.0,-14.0,-14.0,-14.0,-14.0,-14.0,-14.0,-14.0,-14.0,-14.0,-14.0,-14.0,-14.0,-14.0,-14.0,-14.0,-14.0,-14.0,-14.0,False,True,False,False,False,False,False
5750,0.145395613296594,-19.845146998753584,-19.50840793509006,-19.17580814032445,-18.847347614456755,-18.523026357486977,-18.20284436941512,-17.886801650241175,-17.574898199965155,-17.267134018587047,-16.963509106106862,-16.664023462524586,-16.368677087840226,-16.07746998205379,-15.790402145165261,-15.507473577174657,-15.228684278081966,-14.954034247887186,-14.683523486590332,-14.417151994191398,-14.154919770690377,-14.0,-14.0,-14.0,-14.0,-14.0,-14.0,-14.0,-14.0,-14.0,-14.0,-14.0,-14.0,-14.0,-14.0,-14.0,-14.0,-14.0,-14.0,-14.0,-14.0,-14.0,-14.0,-14.0,-14.0,-14.0,-14.0,-14.0,False,True,False,False,False,False,False
5800,0.145395613296594,-19.7486195443373,-19.414783403636388,-19.08505084848083,-18.759421878870615,-18.43789649480575,-18.120474696286234,-17.807156483312067,-17.49794185588325,-17.192830813999784,-16.891823357661668,-16.594919486868896,-16.30211920162147,-16.013422501919397,-15.728829387762667,-15.448339859151295,-15.171953916085263,-14.899671558564577,-14.631492786589247,-14.36741760015927,-14.107445999274637,-14.0,-14.0,-14.0,-14.0,-14.0,-14.0,-14.0,-14.0,-14.0,-14.0,-14.0,-14.0,-14.0,-14.0,-14.0,-14.0,-14.0,-14.0,-14.0,-14.0,-14.0,-14.0,-14.0,-14.0,-14.0,-14.0,-14.0,False,True,False,False,False,False,False
5850,0.145395613296594,-19.653752954053033,-19.322770113699995,-18.995855785511576,-18.673009969487776,-18.35423266562859,-18.039523873934034,-17.72888359440409,-17.42231182703877,-17.119808571838064,-16.82137382880198,-16.527007597930517,-16.236709879223667,-15.95048067268144,-15.66831997830383,-15.390227796090842,-15.11620412604247,-14.846248968158713,-14.580362322439582,-14.318544188885076,-14.060794567495183,-14.0,-14.0,-14.0,-14.0,-14.0,-14.0,-14.0,-14.0,-14.0,-14.0,-14.0,-14.0,-14.0,-14.0,-14.0,-14.0,-14.0,-14.0,-14.0,-14.0,-14.0,-14.0,-14.0,-14.0,-14.0,-14.0,-14.0,False,True,False,False,False,False,False
5900,0.145395613296594,-19.560504813859204,-19.232326912831194,-18.90818304505115,-18.588073210519077,-18.27199740923497,-17.95995564119884,-17.651947906410673,-17.347974204870482,-17.048034536578257,-16.75212890153401,-16.460257299737727,-16.172419731189407,-15.888616195889064,-15.608846693836687,-15.333111225032285,-15.06140978947585,-14.793742387167377,-14.530109018106883,-14.270509682294364,-14.01494437972981,-14.0,-14.0,-14.0,-14.0,-14.0,-14.0,-14.0,-14.0,-14.0,-14.0,-14.0,-14.0,-14.0,-14.0,-14.0,-14.0,-14.0,-14.0,-14.0,-14.0,-14.0,-14.0,-14.0,-14.0,-14.0,-14.0,-14.0,False,True,False,False,False,False,False
5950,0.145395613296594,-19.468834138263034,-19.143414034722653,-18.821994064991184,-18.504574229068623,-18.19115452695497,-17.881734958650235,-17.576315524154406,-17.274896223467497,-16.977477056589493,-16.684058023520404,-16.394639124260223,-16.10922035880895,-15.827801727166595,-15.550383229333145,-15.276964865308612,-15.007546635092986,-14.742128538686266,-14.480710576088464,-14.22329274729958,-14.0,-14.0,-14.0,-14.0,-14.0,-14.0,-14.0,-14.0,-14.0,-14.0,-14.0,-14.0,-14.0,-14.0,-14.0,-14.0,-14.0,-14.0,-14.0,-14.0,-14.0,-14.0,-14.0,-14.0,-14.0,-14.0,-14.0,-14.0,False,True,False,False,False,False,False
6000,0.145395613296594,-19.378701310722786,-19.055993041378574,-18.737251571394864,-18.42247690077166,-18.111669029508953,-17.804827957606758,-17.50195368506506,-17.203046211883876,-16.90810553806319,-16.61713166360301,-16.33012458850333,-16.047084312764152,-15.768010836385482,-15.49290415936731,-15.22176428170965,-14.954591203412486,-14.691384924475823,-14.43214544489967,-14.176872764684026,-14.0,-14.0,-14.0,-14.0,-14.0,-14.0,-14.0,-14.0,-14.0,-14.0,-14.0,-14.0,-14.0,-14.0,-14.0,-14.0,-14.0,-14.0,-14.0,-14.0,-14.0,-14.0,-14.0,-14.0,-14.0,-14.0,-14.0,-14.0,False,True,False,False,False,False,False
6050,0.145395613296594,-19.290068027008644,-18.97002676815488,-18.653919525195832,-18.341746298131493,-18.03350708696187,-17.729201891686966,-17.42883071230677,-17.132393548821295,-16.83989040123053,-16.551321269534487,-16.266686153733154,-15.985985053826528,-15.709217969814624,-15.436384901697428,-15.167485849474955,-14.90252081314719,-14.641489792714136,-14.384392788175802,-14.131229799532187,-14.0,-14.0,-14.0,-14.0,-14.0,-14.0,-14.0,-14.0,-14.0,-14.0,-14.0,-14.0,-14.0,-14.0,-14.0,-14.0,-14.0,-14.0,-14.0,-14.0,-14.0,-14.0,-14.0,-14.0,-14.0,-14.0,-14.0,-14.0,False,True,False,False,False,False,False
6100,0.145395613296594,-19.202897241352375,-18.88547927150561,-18.571963071521633,-18.262348641400447,-17.956635981142046,-17.654825090746446,-17.35691597021363,-17.06290861954361,-16.772803038736377,-16.486599227791938,-16.20429718671029,-15.925896915491423,-15.651398414135354,-15.38080168264207,-15.114106721011584,-14.851313529243882,-14.592422107338967,-14.337432455296849,-14.086344573117529,-14.0,-14.0,-14.0,-14.0,-14.0,-14.0,-14.0,-14.0,-14.0,-14.0,-14.0,-14.0,-14.0,-14.0,-14.0,-14.0,-14.0,-14.0,-14.0,-14.0,-14.0,-14.0,-14.0,-14.0,-14.0,-14.0,-14.0,-14.0,False,True,False,False,False,False,False
6150,0.145395613296594,-19.117153115226795,-18.802315779281223,-18.49134849149224,-18.184251251859845,-17.881024060384032,-17.58166691706482,-17.286179821902188,-16.994562774896153,-16.7068157760467,-16.422938825353846,-16.14293192281757,-15.866795068437884,-15.594528262214792,-15.326131504148284,-15.06160479423837,-14.80094813248504,-14.544161518888295,-14.291244953448146,-14.042198436164592,-14.0,-14.0,-14.0,-14.0,-14.0,-14.0,-14.0,-14.0,-14.0,-14.0,-14.0,-14.0,-14.0,-14.0,-14.0,-14.0,-14.0,-14.0,-14.0,-14.0,-14.0,-14.0,-14.0,-14.0,-14.0,-14.0,-14.0,-14.0,False,True,False,False,False,False,False
6200,0.145395613296594,-19.032800968606495,-18.720502643434674,-18.41204315635367,-18.10742250736347,-17.806640696464076,-17.5096977236555,-17.216593588937727,-16.927328292310776,-16.641901833774625,-16.360314213329293,-16.082565430974764,-15.808655486711041,-15.538584380538135,-15.272352112456034,-15.009958682464749,-14.751404090564268,-14.496688336754593,-14.245811421035736,-14.0,-14.0,-14.0,-14.0,-14.0,-14.0,-14.0,-14.0,-14.0,-14.0,-14.0,-14.0,-14.0,-14.0,-14.0,-14.0,-14.0,-14.0,-14.0,-14.0,-14.0,-14.0,-14.0,-14.0,-14.0,-14.0,-14.0,-14.0,-14.0,False,True,False,False,False,False,False
6250,0.145395613296594,-18.949807233570642,-18.6400072950002,-18.33401548381584,-18.03183180001756,-17.733456243605364,-17.438888814579258,-17.148129512939228,-16.86117833868529,-16.57803529181743,-16.29870037233566,-16.023173580239966,-15.751454915530354,-15.48354437820683,-15.219441968269386,-14.959147685718031,-14.702661530552755,-14.449983502773557,-14.20111360238045,-14.0,-14.0,-14.0,-14.0,-14.0,-14.0,-14.0,-14.0,-14.0,-14.0,-14.0,-14.0,-14.0,-14.0,-14.0,-14.0,-14.0,-14.0,-14.0,-14.0,-14.0,-14.0,-14.0,-14.0,-14.0,-14.0,-14.0,-14.0,-14.0,False,True,False,False,False,False,False
6300,0.145395613296594,-18.868139410117696,-18.560798201218446,-18.25723489647206,-17.957449495878528,-17.661441999437855,-17.36921240715005,-17.080760719015103,-16.79608693503302,-16.515191055203793,-16.238073079527435,-15.96473300800393,-15.695170840633283,-15.429386577415501,-15.167380218350578,-14.909151763438519,-14.654701212679315,-14.40402856607297,-14.15713382361949,-14.0,-14.0,-14.0,-14.0,-14.0,-14.0,-14.0,-14.0,-14.0,-14.0,-14.0,-14.0,-14.0,-14.0,-14.0,-14.0,-14.0,-14.0,-14.0,-14.0,-14.0,-14.0,-14.0,-14.0,-14.0,-14.0,-14.0,-14.0,-14.0,False,True,False,False,False,False,False
6350,0.145395613296594,-18.787766024069875,-18.48284482468952,-18.181671782185227,-17.884246896557002,-17.590570167804838,-17.30064159592875,-17.01446118092872,-16.732028922804762,-16.45334482155687,-16.17840887718505,-15.907221089689289,-15.63978145906959,-15.376089985325965,-15.116146668458402,-14.859951508466912,-14.607504505351482,-14.358805659112114,-14.11385496974882,-14.0,-14.0,-14.0,-14.0,-14.0,-14.0,-14.0,-14.0,-14.0,-14.0,-14.0,-14.0,-14.0,-14.0,-14.0,-14.0,-14.0,-14.0,-14.0,-14.0,-14.0,-14.0,-14.0,-14.0,-14.0,-14.0,-14.0,-14.0,-14.0,False,True,False,False,False,False,False
6400,0.145395613296594,-18.708656586953055,-18.406117584442857,-18.10729745633313,-17.812196202623873,-17.520813823315088,-17.23315031840678,-16.94920568789894,-16.668979931791576,-16.392473050084682,-16.119685042778265,-15.850615909872316,-15.585265651366834,-15.32363426726183,-15.065721757557295,-14.811528122253238,-14.561053361349648,-14.314297474846525,-14.071260462743883,-14.0,-14.0,-14.0,-14.0,-14.0,-14.0,-14.0,-14.0,-14.0,-14.0,-14.0,-14.0,-14.0,-14.0,-14.0,-14.0,-14.0,-14.0,-14.0,-14.0,-14.0,-14.0,-14.0,-14.0,-14.0,-14.0,-14.0,-14.0,-14.0,False,True,False,False,False,False,False
6450,0.145395613296594,-18.630781557744733,-18.330587818819886,-18.034084125811784,-17.74127047872043,-17.452146877545818,-17.166713322287965,-16.88496981294685,-16.60691634952249,-16.332552932014874,-16.06187956042401,-15.794896234749892,-15.531602954992515,-15.271999721151891,-15.01608653322801,-14.763863391220886,-14.5153302951305,-14.270487244956861,-14.029334240699974,-14.0,-14.0,-14.0,-14.0,-14.0,-14.0,-14.0,-14.0,-14.0,-14.0,-14.0,-14.0,-14.0,-14.0,-14.0,-14.0,-14.0,-14.0,-14.0,-14.0,-14.0,-14.0,-14.0,-14.0,-14.0,-14.0,-14.0,-14.0,-14.0,False,True,False,False,False,False,False
6500,0.145395613296594,-18.5541123063894,-18.256227750071663,-17.962004854702087,-17.671443620280666,-17.3845440468074,-17.101306134282297,-16.821729882705345,-16.545815292076558,-16.273562362395925,-16.00497109366345,-15.740041485879132,-15.478773539042967,-15.221167253154963,-14.967222628215113,-14.716939664223426,-14.47031836117989,-14.227358719084508,-14.0,-14.0,-14.0,-14.0,-14.0,-14.0,-14.0,-14.0,-14.0,-14.0,-14.0,-14.0,-14.0,-14.0,-14.0,-14.0,-14.0,-14.0,-14.0,-14.0,-14.0,-14.0,-14.0,-14.0,-14.0,-14.0,-14.0,-14.0,-14.0,-14.0,False,True,False,False,False,False,False
6550,0.145395613296594,-18.478621078986713,-18.1830104505798,-17.891033531510754,-17.602690321779573,-17.317980821386254,-17.03690503033081,-16.759462948613226,-16.48565457623351,-16.21547991319166,-15.94893895948768,-15.686031715121564,-15.426758180093307,-15.171118354402921,-14.919112238050399,-14.670739831035748,-14.426001133358957,-14.184896145020028,-14.0,-14.0,-14.0,-14.0,-14.0,-14.0,-14.0,-14.0,-14.0,-14.0,-14.0,-14.0,-14.0,-14.0,-14.0,-14.0,-14.0,-14.0,-14.0,-14.0,-14.0,-14.0,-14.0,-14.0,-14.0,-14.0,-14.0,-14.0,-14.0,-14.0,False,True,False,False,False,False,False
6600,0.145395613296594,-18.404280964563753,-18.11090981061447,-17.821144837902008,-17.53498604642637,-17.252433436187545,-16.973487007185547,-16.698146759420368,-16.42641269289202,-16.158284807600484,-15.893763103545776,-15.632847580727887,-15.375538239146815,-15.121835078802569,-14.87173809969514,-14.625247301824539,-14.382362685190754,-14.143084249793787,-14.0,-14.0,-14.0,-14.0,-14.0,-14.0,-14.0,-14.0,-14.0,-14.0,-14.0,-14.0,-14.0,-14.0,-14.0,-14.0,-14.0,-14.0,-14.0,-14.0,-14.0,-14.0,-14.0,-14.0,-14.0,-14.0,-14.0,-14.0,-14.0,-14.0,False,True,False,False,False,False,False
6650,0.145395613296594,-18.331065863347813,-18.039900507548527,-17.75231421884142,-17.4683069972265,-17.187878842703757,-16.911029755273205,-16.637759734934832,-16.36806878168865,-16.101956895534645,-15.83942407647283,-15.580470324503194,-15.325095639625738,-15.073300021840472,-14.825083471147385,-14.580445987546488,-14.33938757103777,-14.101908221621231,-14.0,-14.0,-14.0,-14.0,-14.0,-14.0,-14.0,-14.0,-14.0,-14.0,-14.0,-14.0,-14.0,-14.0,-14.0,-14.0,-14.0,-14.0,-14.0,-14.0,-14.0,-14.0,-14.0,-14.0,-14.0,-14.0,-14.0,-14.0,-14.0,-14.0,False,True,False,False,False,False,False
6700,0.145395613296594,-18.258950456461314,-17.96995797645157,-17.684517854078102,-17.402630089340903,-17.12429468223997,-16.849511632775318,-16.578280940946932,-16.310602606754827,-16.046476630198985,-15.785903011279425,-15.52888174999613,-15.275412846349102,-15.025496300338354,-14.779132111963872,-14.536320281225668,-14.297060808123732,-14.061353692658061,-14.0,-14.0,-14.0,-14.0,-14.0,-14.0,-14.0,-14.0,-14.0,-14.0,-14.0,-14.0,-14.0,-14.0,-14.0,-14.0,-14.0,-14.0,-14.0,-14.0,-14.0,-14.0,-14.0,-14.0,-14.0,-14.0,-14.0,-14.0,-14.0,-14.0,False,True,False,False,False,False,False
6750,0.145395613296594,-18.187910176964973,-17.90105838199234,-17.61773263089571,-17.337932923675083,-17.061659260330455,-16.788911640861837,-16.51969006526922,-16.253994533552607,-15.991825045711996,-15.733181601747395,-15.47806420165879,-15.226472845446187,-14.978407533109591,-14.733868264648995,-14.492855040064407,-14.255367859355818,-14.021406722523228,-14.0,-14.0,-14.0,-14.0,-14.0,-14.0,-14.0,-14.0,-14.0,-14.0,-14.0,-14.0,-14.0,-14.0,-14.0,-14.0,-14.0,-14.0,-14.0,-14.0,-14.0,-14.0,-14.0,-14.0,-14.0,-14.0,-14.0,-14.0,-14.0,-14.0,False,True,False,False,False,False,False
6800,0.145395613296594,-18.11792118217983,-17.833178591581998,-17.55193611806696,-17.27419376163472,-16.999951522285272,-16.72920940001863,-16.46196739483478,-16.198225506733735,-15.93798373571548,-15.681242081780029,-15.428000544927372,-15.178259125157506,-14.932017822470444,-14.689276636866175,-14.45003556834471,-14.214294616906038,-14.0,-14.0,-14.0,-14.0,-14.0,-14.0,-14.0,-14.0,-14.0,-14.0,-14.0,-14.0,-14.0,-14.0,-14.0,-14.0,-14.0,-14.0,-14.0,-14.0,-14.0,-14.0,-14.0,-14.0,-14.0,-14.0,-14.0,-14.0,-14.0,-14.0,-14.0,False,True,False,False,False,False,False
6850,0.145395613296594,-18.048960327222645,-17.766296149694867,-17.487106540950013,-17.211391500988082,-16.939151029809068,-16.670385127412985,-16.40509379379982,-16.143277028969585,-15.884934832922267,-15.630067205657877,-15.378674147176408,-15.130755657477856,-14.886311736562233,-14.645342384429528,-14.407847601079752,-14.173827386512894,-14.0,-14.0,-14.0,-14.0,-14.0,-14.0,-14.0,-14.0,-14.0,-14.0,-14.0,-14.0,-14.0,-14.0,-14.0,-14.0,-14.0,-14.0,-14.0,-14.0,-14.0,-14.0,-14.0,-14.0,-14.0,-14.0,-14.0,-14.0,-14.0,-14.0,-14.0,False,True,False,False,False,False,False
6900,0.145395613296594,-17.981005139693078,-17.700389253306806,-17.4232227576688,-17.149505652779055,-16.87923793863757,-16.61241961524436,-16.349050682599405,-16.089131140702722,-15.832660989554297,-15.579640229154142,-15.330068859502248,-15.083946880598612,-14.841274292443247,-14.602051095036142,-14.366277288377306,-14.13395287246673,-14.0,-14.0,-14.0,-14.0,-14.0,-14.0,-14.0,-14.0,-14.0,-14.0,-14.0,-14.0,-14.0,-14.0,-14.0,-14.0,-14.0,-14.0,-14.0,-14.0,-14.0,-14.0,-14.0,-14.0,-14.0,-14.0,-14.0,-14.0,-14.0,-14.0,-14.0,False,True,False,False,False,False,False
6950,0.145395613296594,-17.914033795454618,-17.63543672839487,-17.360264236322603,-17.08851631923782,-16.82019297714052,-16.55529421003071,-16.293820017908384,-16.035770400773547,-15.78114535862619,-15.529944891466323,-15.282168999293939,-15.037817682109036,-14.796890939911622,-14.559388772701691,-14.325311180479249,-14.094658163244288,-14.0,-14.0,-14.0,-14.0,-14.0,-14.0,-14.0,-14.0,-14.0,-14.0,-14.0,-14.0,-14.0,-14.0,-14.0,-14.0,-14.0,-14.0,-14.0,-14.0,-14.0,-14.0,-14.0,-14.0,-14.0,-14.0,-14.0,-14.0,-14.0,-14.0,-14.0,False,True,False,False,False,False,False
7000,0.145395613296594,-17.848025095454496,-17.57141800744517,-17.29821103317342,-17.028404172639245,-16.761997425842637,-16.498990792783612,-16.23938427346216,-15.983177867878286,-15.730371576031983,-15.480965397923258,-15.234959333552105,-14.992353382918521,-14.75314754602252,-14.517341822864086,-14.284936213443235,-14.055930717759953,-14.0,-14.0,-14.0,-14.0,-14.0,-14.0,-14.0,-14.0,-14.0,-14.0,-14.0,-14.0,-14.0,-14.0,-14.0,-14.0,-14.0,-14.0,-14.0,-14.0,-14.0,-14.0,-14.0,-14.0,-14.0,-14.0,-14.0,-14.0,-14.0,-14.0,-14.0,False,True,False,False,False,False,False
7050,0.145395613296594,-17.78295844353091,-17.508313107918813,-17.237043771762465,-16.969150435061866,-16.70463309781701,-16.443491760027907,-16.185726421694547,-15.931337082816942,-15.68032374339508,-15.43268640342897,-15.188425062918606,-14.947539721863984,-14.710030380265117,-14.475897038121992,-14.24513969543462,-14.017758352202993,-14.0,-14.0,-14.0,-14.0,-14.0,-14.0,-14.0,-14.0,-14.0,-14.0,-14.0,-14.0,-14.0,-14.0,-14.0,-14.0,-14.0,-14.0,-14.0,-14.0,-14.0,-14.0,-14.0,-14.0,-14.0,-14.0,-14.0,-14.0,-14.0,-14.0,-14.0,False,True,False,False,False,False,False
7100,0.145395613296594,-17.71881382515892,-17.446102611628604,-17.176743622909974,-16.91073685900304,-16.648082319907797,-16.388780005624252,-16.132829916152396,-15.880232051492237,-15.63098641164377,-15.385092996606998,-15.142551806381919,-14.903362840968526,-14.667526100366834,-14.43504158457683,-14.205909293598525,-14.0,-14.0,-14.0,-14.0,-14.0,-14.0,-14.0,-14.0,-14.0,-14.0,-14.0,-14.0,-14.0,-14.0,-14.0,-14.0,-14.0,-14.0,-14.0,-14.0,-14.0,-14.0,-14.0,-14.0,-14.0,-14.0,-14.0,-14.0,-14.0,-14.0,-14.0,-14.0,False,True,False,False,False,False,False
7150,0.145395613296594,-17.655571787088974,-17.38476764498194,-17.117292285555056,-16.85314570880831,-16.592327914741702,-16.334838903355244,-16.080678674648926,-15.829847228622755,-15.582344565276724,-15.33817068461084,-15.097325586625097,-14.859809271319492,-14.625621738694033,-14.394762988748715,-14.167233021483545,-14.0,-14.0,-14.0,-14.0,-14.0,-14.0,-14.0,-14.0,-14.0,-14.0,-14.0,-14.0,-14.0,-14.0,-14.0,-14.0,-14.0,-14.0,-14.0,-14.0,-14.0,-14.0,-14.0,-14.0,-14.0,-14.0,-14.0,-14.0,-14.0,-14.0,-14.0,-14.0,False,True,False,False,False,False,False
7200,0.145395613296594,-17.593213417834587,-17.324289860047745,-17.058671968394655,-16.796359742875318,-16.537353183489728,-16.2816522902379,-16.029257063119818,-15.780167502135496,-15.534383607284925,-15.29190537856811,-15.052732815985044,-14.816865919535728,-14.584304689220168,-14.35504912503836,-14.129099226990308,-14.0,-14.0,-14.0,-14.0,-14.0,-14.0,-14.0,-14.0,-14.0,-14.0,-14.0,-14.0,-14.0,-14.0,-14.0,-14.0,-14.0,-14.0,-14.0,-14.0,-14.0,-14.0,-14.0,-14.0,-14.0,-14.0,-14.0,-14.0,-14.0,-14.0,-14.0,-14.0,False,True,False,False,False,False,False
7250,0.145395613296594,-17.531720328968255,-17.26465141640753,-17.00086537228308,-16.740362196594912,-16.483141889343017,-16.229204450527405,-15.978549880148071,-15.73117817820502,-15.487089344698244,-15.246283379627753,-15.008760282993537,-14.774520054795595,-14.543562695033936,-14.315888203708553,-14.091496580819454,-14.0,-14.0,-14.0,-14.0,-14.0,-14.0,-14.0,-14.0,-14.0,-14.0,-14.0,-14.0,-14.0,-14.0,-14.0,-14.0,-14.0,-14.0,-14.0,-14.0,-14.0,-14.0,-14.0,-14.0,-14.0,-14.0,-14.0,-14.0,-14.0,-14.0,-14.0,-14.0,False,True,False,False,False,False,False
7300,0.145395613296594,-17.47107463718669,-17.20583496375309,-16.94385567335552,-16.685136765993985,-16.42967824166847,-16.177480100378997,-15.928542342125546,-15.682864966908133,-15.440447974726746,-15.201291365581394,-14.965395139472069,-14.73275929639877,-14.503383836361508,-14.27726875936027,-14.05441406539507,-14.0,-14.0,-14.0,-14.0,-14.0,-14.0,-14.0,-14.0,-14.0,-14.0,-14.0,-14.0,-14.0,-14.0,-14.0,-14.0,-14.0,-14.0,-14.0,-14.0,-14.0,-14.0,-14.0,-14.0,-14.0,-14.0,-14.0,-14.0,-14.0,-14.0,-14.0,-14.0,False,True,False,False,False,False,False
7350,0.145395613296594,-17.411258947108784,-17.14782362519514,-16.887626506841094,-16.630667592046642,-16.37694688081178,-16.126464373136518,-15.879220069020846,-15.635213968464775,-15.394446071468296,-15.156916378031417,-14.922624888154127,-14.69157160183643,-14.46375651907833,-14.239179639879824,-14.017840964240916,-14.0,-14.0,-14.0,-14.0,-14.0,-14.0,-14.0,-14.0,-14.0,-14.0,-14.0,-14.0,-14.0,-14.0,-14.0,-14.0,-14.0,-14.0,-14.0,-14.0,-14.0,-14.0,-14.0,-14.0,-14.0,-14.0,-14.0,-14.0,-14.0,-14.0,-14.0,-14.0,False,True,False,False,False,False,False
7400,0.145395613296594,-17.352256334771603,-17.09060098124927,-16.83216195153275,-16.576939245622043,-16.324932863517144,-16.07614280521807,-15.8305690707248,-15.588211660037352,-15.349070573155712,-15.113145810079894,-14.880437370809883,-14.650945255345684,-14.424669463687302,-14.201609995834731,-14.0,-14.0,-14.0,-14.0,-14.0,-14.0,-14.0,-14.0,-14.0,-14.0,-14.0,-14.0,-14.0,-14.0,-14.0,-14.0,-14.0,-14.0,-14.0,-14.0,-14.0,-14.0,-14.0,-14.0,-14.0,-14.0,-14.0,-14.0,-14.0,-14.0,-14.0,-14.0,-14.0,False,True,False,False,False,False,False
7450,0.145395613296594,-17.294050331791556,-17.034151054467358,-16.777446514883163,-16.52393671303897,-16.27362164893478,-16.026501322570592,-15.782575733946409,-15.541844883062232,-15.304308769918054,-15.069967394513883,-14.838820756849714,-14.610868856925542,-14.386111694741377,-14.164549270297213,-14.0,-14.0,-14.0,-14.0,-14.0,-14.0,-14.0,-14.0,-14.0,-14.0,-14.0,-14.0,-14.0,-14.0,-14.0,-14.0,-14.0,-14.0,-14.0,-14.0,-14.0,-14.0,-14.0,-14.0,-14.0,-14.0,-14.0,-14.0,-14.0,-14.0,-14.0,-14.0,-14.0,False,True,False,False,False,False,False
7500,0.145395613296594,-17.236624910159687,-16.978458294684316,-16.72346511869735,-16.471645382198787,-16.222999085188622,-15.977526227666864,-15.735226809633508,-15.496100831088558,-15.260148292032008,-15.027369192463865,-14.797763532384122,-14.571331311792779,-14.348072530689842,-14.127987189075306,-14.0,-14.0,-14.0,-14.0,-14.0,-14.0,-14.0,-14.0,-14.0,-14.0,-14.0,-14.0,-14.0,-14.0,-14.0,-14.0,-14.0,-14.0,-14.0,-14.0,-14.0,-14.0,-14.0,-14.0,-14.0,-14.0,-14.0,-14.0,-14.0,-14.0,-14.0,-14.0,-14.0,False,True,False,False,False,False,False
7550,0.145395613296594,-17.179964467641685,-16.923507564851583,-16.67020308539433,-16.420051029269928,-16.173051396478375,-15.929204187019677,-15.688509400893825,-15.45096703810083,-15.21657709864068,-14.985339582513387,-14.757254489718939,-14.532321820257339,-14.310541574128596,-14.091913751332697,-14.0,-14.0,-14.0,-14.0,-14.0,-14.0,-14.0,-14.0,-14.0,-14.0,-14.0,-14.0,-14.0,-14.0,-14.0,-14.0,-14.0,-14.0,-14.0,-14.0,-14.0,-14.0,-14.0,-14.0,-14.0,-14.0,-14.0,-14.0,-14.0,-14.0,-14.0,-14.0,-14.0,False,True,False,False,False,False,False
7600,0.145395613296594,-17.124053813754706,-16.86928412743033,-16.617646124811614,-16.369139805898556,-16.123765170691154,-15.881522219189423,-15.642410951393346,-15.406431367302936,-15.173583466918183,-14.943867250239096,-14.717282717265665,-14.493829867997892,-14.273508702435784,-14.056319220579333,-14.0,-14.0,-14.0,-14.0,-14.0,-14.0,-14.0,-14.0,-14.0,-14.0,-14.0,-14.0,-14.0,-14.0,-14.0,-14.0,-14.0,-14.0,-14.0,-14.0,-14.0,-14.0,-14.0,-14.0,-14.0,-14.0,-14.0,-14.0,-14.0,-14.0,-14.0,-14.0,-14.0,False,True,False,False,False,False,False
7650,0.145395613296594,-17.068878156294616,-16.815773631318763,-16.56578032152762,-16.318898226921185,-16.075127347499453,-15.834467683262437,-15.596919234210127,-15.362482000342528,-15.131155981659637,-14.902941178161457,-14.677837589847984,-14.455845216719215,-14.236964058775161,-14.021194116015812,-14.0,-14.0,-14.0,-14.0,-14.0,-14.0,-14.0,-14.0,-14.0,-14.0,-14.0,-14.0,-14.0,-14.0,-14.0,-14.0,-14.0,-14.0,-14.0,-14.0,-14.0,-14.0,-14.0,-14.0,-14.0,-14.0,-14.0,-14.0,-14.0,-14.0,-14.0,-14.0,-14.0,False,True,False,False,False,False,False
7700,0.145395613296594,-17.014423088388583,-16.762962099289197,-16.514592122678515,-16.26931315855654,-16.02712520692326,-15.788028267778692,-15.552022341122825,-15.319107426955666,-15.089283525277208,-14.862550636087459,-14.63890875938641,-14.418357895174063,-14.200898043450424,-14.0,-14.0,-14.0,-14.0,-14.0,-14.0,-14.0,-14.0,-14.0,-14.0,-14.0,-14.0,-14.0,-14.0,-14.0,-14.0,-14.0,-14.0,-14.0,-14.0,-14.0,-14.0,-14.0,-14.0,-14.0,-14.0,-14.0,-14.0,-14.0,-14.0,-14.0,-14.0,-14.0,-14.0,False,True,False,False,False,False,False
7750,0.145395613296594,-16.960674576049335,-16.710835915911883,-16.464068326247073,-16.220371807054917,-15.979746358335401,-15.74219198008854,-15.507708672314324,-15.27629643501276,-15.047955268183841,-14.822685171827574,-14.600486145943952,-14.381358190532973,-14.165301305594648,-14.0,-14.0,-14.0,-14.0,-14.0,-14.0,-14.0,-14.0,-14.0,-14.0,-14.0,-14.0,-14.0,-14.0,-14.0,-14.0,-14.0,-14.0,-14.0,-14.0,-14.0,-14.0,-14.0,-14.0,-14.0,-14.0,-14.0,-14.0,-14.0,-14.0,-14.0,-14.0,-14.0,-14.0,False,True,False,False,False,False,False
7800,0.145395613296594,-16.907618946208473,-16.659381815943693,-16.41419606980238,-16.17206170778453,-15.93297872989014,-15.69694713611922,-15.463966926471763,-15.234038100947773,-15.007160659547244,-14.783334602270184,-14.562559929116585,-14.344836640086447,-14.130164735179777,-14.0,-14.0,-14.0,-14.0,-14.0,-14.0,-14.0,-14.0,-14.0,-14.0,-14.0,-14.0,-14.0,-14.0,-14.0,-14.0,-14.0,-14.0,-14.0,-14.0,-14.0,-14.0,-14.0,-14.0,-14.0,-14.0,-14.0,-14.0,-14.0,-14.0,-14.0,-14.0,-14.0,-14.0,False,True,False,False,False,False,False
7850,0.145395613296594,-16.85524287520752,-16.608586873160988,-16.364962819670254,-16.12437071473532,-15.886810558356181,-15.652282350532849,-15.42078609126531,-15.192321780553574,-14.966889418397635,-14.744489004797499,-14.525120539753159,-14.308784023264613,-14.095479455331871,-14.0,-14.0,-14.0,-14.0,-14.0,-14.0,-14.0,-14.0,-14.0,-14.0,-14.0,-14.0,-14.0,-14.0,-14.0,-14.0,-14.0,-14.0,-14.0,-14.0,-14.0,-14.0,-14.0,-14.0,-14.0,-14.0,-14.0,-14.0,-14.0,-14.0,-14.0,-14.0,-14.0,-14.0,False,True,False,False,False,False,False
7900,0.145395613296594,-16.803533377726385,-16.558438489616858,-16.316356360515304,-16.077286990421733,-15.841230379336132,-15.608186527258516,-15.378155434188873,-15.151137100127212,-14.927131525073525,-14.70613870902782,-14.48815865199009,-14.273191353960334,-14.061236814938558,-14.0,-14.0,-14.0,-14.0,-14.0,-14.0,-14.0,-14.0,-14.0,-14.0,-14.0,-14.0,-14.0,-14.0,-14.0,-14.0,-14.0,-14.0,-14.0,-14.0,-14.0,-14.0,-14.0,-14.0,-14.0,-14.0,-14.0,-14.0,-14.0,-14.0,-14.0,-14.0,-14.0,-14.0,False,True,False,False,False,False,False
7950,0.145395613296594,-16.752477796129988,-16.508924385304166,-16.26836478531646,-16.030798996166872,-15.796227017855397,-15.564648850382042,-15.336064493746798,-15.110473947949677,-14.887877212990668,-14.66827428886978,-14.451665175587003,-14.238049873142339,-14.027428381535795,-14.0,-14.0,-14.0,-14.0,-14.0,-14.0,-14.0,-14.0,-14.0,-14.0,-14.0,-14.0,-14.0,-14.0,-14.0,-14.0,-14.0,-14.0,-14.0,-14.0,-14.0,-14.0,-14.0,-14.0,-14.0,-14.0,-14.0,-14.0,-14.0,-14.0,-14.0,-14.0,-14.0,-14.0,False,True,False,False,False,False,False
8000,0.145395613296594,-16.702063790214698,-16.460032588206538,-16.220976485718758,-15.984895482751353,-15.751789579304324,-15.521658775377677,-15.294503070971405,-15.070322466085516,-14.84911696072,-14.630886554874866,-14.415631248550108,-14.203351041745723,-14.0,-14.0,-14.0,-14.0,-14.0,-14.0,-14.0,-14.0,-14.0,-14.0,-14.0,-14.0,-14.0,-14.0,-14.0,-14.0,-14.0,-14.0,-14.0,-14.0,-14.0,-14.0,-14.0,-14.0,-14.0,-14.0,-14.0,-14.0,-14.0,-14.0,-14.0,-14.0,-14.0,-14.0,-14.0,False,True,False,False,False,False,False
8050,0.145395613296594,-16.652279327337236,-16.411751424720432,-16.174180142744998,-15.939565481410932,-15.70790744071823,-15.479206020666906,-15.253461221256945,-15.03067304248836,-14.810841484361138,-14.593966546875292,-14.38004823003081,-14.169086533827695,-14.0,-14.0,-14.0,-14.0,-14.0,-14.0,-14.0,-14.0,-14.0,-14.0,-14.0,-14.0,-14.0,-14.0,-14.0,-14.0,-14.0,-14.0,-14.0,-14.0,-14.0,-14.0,-14.0,-14.0,-14.0,-14.0,-14.0,-14.0,-14.0,-14.0,-14.0,-14.0,-14.0,-14.0,-14.0,False,True,False,False,False,False,False
8100,0.145395613296594,-16.60311267290946,-16.36406951043227,-16.127964717851743,-15.894798295167888,-15.664570242380698,-15.437280559490183,-15.212929246496333,-14.991516303399159,-14.77304173019865,-14.557505526894813,-14.344907693487643,-14.13524822997714,-14.0,-14.0,-14.0,-14.0,-14.0,-14.0,-14.0,-14.0,-14.0,-14.0,-14.0,-14.0,-14.0,-14.0,-14.0,-14.0,-14.0,-14.0,-14.0,-14.0,-14.0,-14.0,-14.0,-14.0,-14.0,-14.0,-14.0,-14.0,-14.0,-14.0,-14.0,-14.0,-14.0,-14.0,-14.0,False,True,False,False,False,False,False
8150,0.145395613296594,-16.554552381243347,-16.31697574123534,-16.082319444314816,-15.850583490481782,-15.62176787973623,-15.395872612078172,-15.172897687507598,-14.952843106024517,-14.735708867628919,-14.521494972320813,-14.31020142010019,-14.101828210967051,-14.0,-14.0,-14.0,-14.0,-14.0,-14.0,-14.0,-14.0,-14.0,-14.0,-14.0,-14.0,-14.0,-14.0,-14.0,-14.0,-14.0,-14.0,-14.0,-14.0,-14.0,-14.0,-14.0,-14.0,-14.0,-14.0,-14.0,-14.0,-14.0,-14.0,-14.0,-14.0,-14.0,-14.0,-14.0,False,True,False,False,False,False,False
8200,0.145395613296594,-16.506587286731158,-16.270459284771977,-16.03723381893024,-15.806910889205943,-15.579490495599083,-15.354972638109672,-15.1333573167377,-14.914644531483173,-14.698834282346084,-14.485926569326443,-14.27592139242424,-14.068818751639473,-14.0,-14.0,-14.0,-14.0,-14.0,-14.0,-14.0,-14.0,-14.0,-14.0,-14.0,-14.0,-14.0,-14.0,-14.0,-14.0,-14.0,-14.0,-14.0,-14.0,-14.0,-14.0,-14.0,-14.0,-14.0,-14.0,-14.0,-14.0,-14.0,-14.0,-14.0,-14.0,-14.0,-14.0,-14.0,False,True,False,False,False,False,False
8250,0.145395613296594,-16.45920649534663,-16.224509572187202,-15.992697594017233,-15.76377056083672,-15.53772847264566,-15.314571329444064,-15.094299131231923,-14.87691187800924,-14.662409569776013,-14.450792206532247,-14.242059788277937,-14.036212315013078,-14.0,-14.0,-14.0,-14.0,-14.0,-14.0,-14.0,-14.0,-14.0,-14.0,-14.0,-14.0,-14.0,-14.0,-14.0,-14.0,-14.0,-14.0,-14.0,-14.0,-14.0,-14.0,-14.0,-14.0,-14.0,-14.0,-14.0,-14.0,-14.0,-14.0,-14.0,-14.0,-14.0,-14.0,-14.0,False,True,False,False,False,False,False
8300,0.145395613296594,-16.412399376453582,-16.17911629018066,-15.948700769710507,-15.72115281504313,-15.496472426178522,-15.274659603116694,-15.055714345857638,-14.839636654401358,-14.62642652874785,-14.416083968897118,-14.208608974849158,-14.004001546603966,-14.0,-14.0,-14.0,-14.0,-14.0,-14.0,-14.0,-14.0,-14.0,-14.0,-14.0,-14.0,-14.0,-14.0,-14.0,-14.0,-14.0,-14.0,-14.0,-14.0,-14.0,-14.0,-14.0,-14.0,-14.0,-14.0,-14.0,-14.0,-14.0,-14.0,-14.0,-14.0,-14.0,-14.0,-14.0,False,True,False,False,False,False,False
8350,0.145395613296594,-16.36615555490906,-16.134269373344356,-15.905233586529716,-15.679048194465139,-15.455713197150619,-15.235228594586166,-15.017594386771774,-14.802810573707449,-14.590877155393182,-14.381794131828983,-14.175561503014842,-14.0,-14.0,-14.0,-14.0,-14.0,-14.0,-14.0,-14.0,-14.0,-14.0,-14.0,-14.0,-14.0,-14.0,-14.0,-14.0,-14.0,-14.0,-14.0,-14.0,-14.0,-14.0,-14.0,-14.0,-14.0,-14.0,-14.0,-14.0,-14.0,-14.0,-14.0,-14.0,-14.0,-14.0,-14.0,-14.0,False,True,False,False,False,False,False
8400,0.145395613296594,-16.320464903448762,-16.089958996774325,-15.862286518214532,-15.637447467769386,-15.415441845438881,-15.196269651223028,-14.979930885121815,-14.766425547135254,-14.555753637263335,-14.347915155506065,-14.142910101863437,-14.0,-14.0,-14.0,-14.0,-14.0,-14.0,-14.0,-14.0,-14.0,-14.0,-14.0,-14.0,-14.0,-14.0,-14.0,-14.0,-14.0,-14.0,-14.0,-14.0,-14.0,-14.0,-14.0,-14.0,-14.0,-14.0,-14.0,-14.0,-14.0,-14.0,-14.0,-14.0,-14.0,-14.0,-14.0,-14.0,False,True,False,False,False,False,False
8450,0.145395613296594,-16.275317535343003,-16.046175568944747,-15.819850264814303,-15.596341622951671,-15.375649643356851,-15.157774326029848,-14.942715670970655,-14.73047367817928,-14.521048347655716,-14.314439679399968,-14.11064767341203,-14.0,-14.0,-14.0,-14.0,-14.0,-14.0,-14.0,-14.0,-14.0,-14.0,-14.0,-14.0,-14.0,-14.0,-14.0,-14.0,-14.0,-14.0,-14.0,-14.0,-14.0,-14.0,-14.0,-14.0,-14.0,-14.0,-14.0,-14.0,-14.0,-14.0,-14.0,-14.0,-14.0,-14.0,-14.0,-14.0,False,True,False,False,False,False,False
8500,0.145395613296594,-16.230703797312117,-16.00290972483385,-15.77791574602182,-15.555721860876028,-15.33632806939647,-15.119734371583156,-14.905940767436077,-14.694947256955238,-14.486753840140636,-14.281360516992276,-14.078767287510148,-14.0,-14.0,-14.0,-14.0,-14.0,-14.0,-14.0,-14.0,-14.0,-14.0,-14.0,-14.0,-14.0,-14.0,-14.0,-14.0,-14.0,-14.0,-14.0,-14.0,-14.0,-14.0,-14.0,-14.0,-14.0,-14.0,-14.0,-14.0,-14.0,-14.0,-14.0,-14.0,-14.0,-14.0,-14.0,-14.0,False,True,False,False,False,False,False
8550,0.145395613296594,-16.186614262690615,-15.960152319291167,-15.736474094741196,-15.515579589040701,-15.297468802189679,-15.082141734188138,-14.86959838503607,-14.659838754733483,-14.45286284328037,-14.248670650676736,-14.047262176922576,-14.0,-14.0,-14.0,-14.0,-14.0,-14.0,-14.0,-14.0,-14.0,-14.0,-14.0,-14.0,-14.0,-14.0,-14.0,-14.0,-14.0,-14.0,-14.0,-14.0,-14.0,-14.0,-14.0,-14.0,-14.0,-14.0,-14.0,-14.0,-14.0,-14.0,-14.0,-14.0,-14.0,-14.0,-14.0,-14.0,False,True,False,False,False,False,False
8600,0.145395613296594,-16.143039724830018,-15.917894420636383,-15.695516650880307,-15.475906415561793,-15.259063714680835,-15.044988548237443,-14.833680916231607,-14.625140818663338,-14.419368255532627,-14.216363226839478,-14.01612573258389,-14.0,-14.0,-14.0,-14.0,-14.0,-14.0,-14.0,-14.0,-14.0,-14.0,-14.0,-14.0,-14.0,-14.0,-14.0,-14.0,-14.0,-14.0,-14.0,-14.0,-14.0,-14.0,-14.0,-14.0,-14.0,-14.0,-14.0,-14.0,-14.0,-14.0,-14.0,-14.0,-14.0,-14.0,-14.0,-14.0,False,True,False,False,False,False,False
8650,0.145395613296594,-16.099971190730688,-15.876127304480367,-15.655034955358719,-15.436694143365743,-15.22110486850144,-15.008267130765812,-14.798180930158855,-14.590846266680575,-14.386263140330966,-14.184431551110034,-14.0,-14.0,-14.0,-14.0,-14.0,-14.0,-14.0,-14.0,-14.0,-14.0,-14.0,-14.0,-14.0,-14.0,-14.0,-14.0,-14.0,-14.0,-14.0,-14.0,-14.0,-14.0,-14.0,-14.0,-14.0,-14.0,-14.0,-14.0,-14.0,-14.0,-14.0,-14.0,-14.0,-14.0,-14.0,-14.0,-14.0,False,True,False,False,False,False,False
8700,0.145395613296594,-16.057399874893385,-15.834842447759446,-15.615020744322406,-15.397934764582265,-15.183584508539019,-14.971969976192677,-14.763091167543232,-14.556948082590688,-14.353540721335042,-14.152869083776299,-14.0,-14.0,-14.0,-14.0,-14.0,-14.0,-14.0,-14.0,-14.0,-14.0,-14.0,-14.0,-14.0,-14.0,-14.0,-14.0,-14.0,-14.0,-14.0,-14.0,-14.0,-14.0,-14.0,-14.0,-14.0,-14.0,-14.0,-14.0,-14.0,-14.0,-14.0,-14.0,-14.0,-14.0,-14.0,-14.0,-14.0,False,True,False,False,False,False,False
8750,0.145395613296594,-16.01531719338186,-15.794031522974402,-15.575465943557,-15.359620455129662,-15.146495057692377,-14.936089751245156,-14.728404535787993,-14.523439411320894,-14.32119437784385,-14.121669435356873,-14.0,-14.0,-14.0,-14.0,-14.0,-14.0,-14.0,-14.0,-14.0,-14.0,-14.0,-14.0,-14.0,-14.0,-14.0,-14.0,-14.0,-14.0,-14.0,-14.0,-14.0,-14.0,-14.0,-14.0,-14.0,-14.0,-14.0,-14.0,-14.0,-14.0,-14.0,-14.0,-14.0,-14.0,-14.0,-14.0,-14.0,False,True,False,False,False,False,False
8800,0.145395613296594,-15.973714758087981,-15.753686392626017,-15.536362663091671,-15.32174356948494,-15.109829111805823,-14.900619290054326,-14.694114104230442,-14.490313554334179,-14.289217640365527,-14.090826362324497,-14.0,-14.0,-14.0,-14.0,-14.0,-14.0,-14.0,-14.0,-14.0,-14.0,-14.0,-14.0,-14.0,-14.0,-14.0,-14.0,-14.0,-14.0,-14.0,-14.0,-14.0,-14.0,-14.0,-14.0,-14.0,-14.0,-14.0,-14.0,-14.0,-14.0,-14.0,-14.0,-14.0,-14.0,-14.0,-14.0,-14.0,False,True,False,False,False,False,False
8850,0.145395613296594,-15.93258437119143,-15.71379910383942,-15.49770319198606,-15.284296635631344,-15.073579434775272,-14.865551589417851,-14.660213099559074,-14.457563965198949,-14.257604186337465,-14.060333762974633,-14.0,-14.0,-14.0,-14.0,-14.0,-14.0,-14.0,-14.0,-14.0,-14.0,-14.0,-14.0,-14.0,-14.0,-14.0,-14.0,-14.0,-14.0,-14.0,-14.0,-14.0,-14.0,-14.0,-14.0,-14.0,-14.0,-14.0,-14.0,-14.0,-14.0,-14.0,-14.0,-14.0,-14.0,-14.0,-14.0,-14.0,False,True,False,False,False,False,False
8900,0.145395613296594,-15.891918019806319,-15.674361883169771,-15.459479993293114,-15.247272350176345,-15.037738953819465,-14.83087980422248,-14.626694901385381,-14.425184245308177,-14.22634783599086,-14.030185673433436,-14.0,-14.0,-14.0,-14.0,-14.0,-14.0,-14.0,-14.0,-14.0,-14.0,-14.0,-14.0,-14.0,-14.0,-14.0,-14.0,-14.0,-14.0,-14.0,-14.0,-14.0,-14.0,-14.0,-14.0,-14.0,-14.0,-14.0,-14.0,-14.0,-14.0,-14.0,-14.0,-14.0,-14.0,-14.0,-14.0,-14.0,False,True,False,False,False,False,False
8950,0.145395613296594,-15.851707870807381,-15.63536713158221,-15.421685699190897,-15.210663573633441,-15.00230075490984,-14.7965972430201,-14.593553037964213,-14.393168139742189,-14.195442548354018,-14.000376263799708,-14.0,-14.0,-14.0,-14.0,-14.0,-14.0,-14.0,-14.0,-14.0,-14.0,-14.0,-14.0,-14.0,-14.0,-14.0,-14.0,-14.0,-14.0,-14.0,-14.0,-14.0,-14.0,-14.0,-14.0,-14.0,-14.0,-14.0,-14.0,-14.0,-14.0,-14.0,-14.0,-14.0,-14.0,-14.0,-14.0,-14.0,False,True,False,False,False,False,False
9000,0.145395613296594,-15.811946265828764,-15.596807419599289,-15.384313106276817,-15.174463325861346,-14.967258078352875,-14.762697363751412,-14.560781182056948,-14.36150953326949,-14.164882417389032,-14.0,-14.0,-14.0,-14.0,-14.0,-14.0,-14.0,-14.0,-14.0,-14.0,-14.0,-14.0,-14.0,-14.0,-14.0,-14.0,-14.0,-14.0,-14.0,-14.0,-14.0,-14.0,-14.0,-14.0,-14.0,-14.0,-14.0,-14.0,-14.0,-14.0,-14.0,-14.0,-14.0,-14.0,-14.0,-14.0,-14.0,-14.0,False,True,False,False,False,False,False
9050,0.145395613296594,-15.772625716428756,-15.55867548260939,-15.34735517101798,-15.13866478165453,-14.932604314519034,-14.729173769611501,-14.528373146931923,-14.330202446480309,-14.134661668256648,-14.0,-14.0,-14.0,-14.0,-14.0,-14.0,-14.0,-14.0,-14.0,-14.0,-14.0,-14.0,-14.0,-14.0,-14.0,-14.0,-14.0,-14.0,-14.0,-14.0,-14.0,-14.0,-14.0,-14.0,-14.0,-14.0,-14.0,-14.0,-14.0,-14.0,-14.0,-14.0,-14.0,-14.0,-14.0,-14.0,-14.0,-14.0,False,True,False,False,False,False,False
9100,0.145395613296594,-15.73373889941404,-15.520964216329945,-15.310805005351677,-15.103261266479233,-14.898332999712613,-14.696020205051825,-14.49632288249686,-14.299241032047727,-14.104774653704416,-14.0,-14.0,-14.0,-14.0,-14.0,-14.0,-14.0,-14.0,-14.0,-14.0,-14.0,-14.0,-14.0,-14.0,-14.0,-14.0,-14.0,-14.0,-14.0,-14.0,-14.0,-14.0,-14.0,-14.0,-14.0,-14.0,-14.0,-14.0,-14.0,-14.0,-14.0,-14.0,-14.0,-14.0,-14.0,-14.0,-14.0,-14.0,False,True,False,False,False,False,False
9150,0.145395613296594,-15.695278652317379,-15.483666672419536,-15.274655872430218,-15.068246252349429,-14.864437812177162,-14.663230551913427,-14.464624471558217,-14.268619571111536,-14.07521585057338,-14.0,-14.0,-14.0,-14.0,-14.0,-14.0,-14.0,-14.0,-14.0,-14.0,-14.0,-14.0,-14.0,-14.0,-14.0,-14.0,-14.0,-14.0,-14.0,-14.0,-14.0,-14.0,-14.0,-14.0,-14.0,-14.0,-14.0,-14.0,-14.0,-14.0,-14.0,-14.0,-14.0,-14.0,-14.0,-14.0,-14.0,-14.0,False,True,False,False,False,False,False
9200,0.145395613296594,-15.657237969022887,-15.446776054233185,-15.238901182504678,-15.03361335383737,-14.830912568231257,-14.630798825686348,-14.433272126202633,-14.23833246978012,-14.045979856418802,-14.0,-14.0,-14.0,-14.0,-14.0,-14.0,-14.0,-14.0,-14.0,-14.0,-14.0,-14.0,-14.0,-14.0,-14.0,-14.0,-14.0,-14.0,-14.0,-14.0,-14.0,-14.0,-14.0,-14.0,-14.0,-14.0,-14.0,-14.0,-14.0,-14.0,-14.0,-14.0,-14.0,-14.0,-14.0,-14.0,-14.0,-14.0,False,True,False,False,False,False,False
9250,0.145395613296594,-15.619609995533313,-15.410285712715446,-15.20353448894223,-14.999356324213664,-14.797751218529747,-14.598719171890485,-14.402260184295871,-14.208374255745913,-14.017061386240602,-14.0,-14.0,-14.0,-14.0,-14.0,-14.0,-14.0,-14.0,-14.0,-14.0,-14.0,-14.0,-14.0,-14.0,-14.0,-14.0,-14.0,-14.0,-14.0,-14.0,-14.0,-14.0,-14.0,-14.0,-14.0,-14.0,-14.0,-14.0,-14.0,-14.0,-14.0,-14.0,-14.0,-14.0,-14.0,-14.0,-14.0,-14.0,False,True,False,False,False,False,False
9300,0.145395613296594,-15.582388025873968,-15.374189142426088,-15.168549484372084,-14.96546905171195,-14.76494784444569,-14.566985862573304,-14.371583106094791,-14.178739575010155,-14.0,-14.0,-14.0,-14.0,-14.0,-14.0,-14.0,-14.0,-14.0,-14.0,-14.0,-14.0,-14.0,-14.0,-14.0,-14.0,-14.0,-14.0,-14.0,-14.0,-14.0,-14.0,-14.0,-14.0,-14.0,-14.0,-14.0,-14.0,-14.0,-14.0,-14.0,-14.0,-14.0,-14.0,-14.0,-14.0,-14.0,-14.0,-14.0,False,True,False,False,False,False,False
9350,0.145395613296594,-15.545565498128186,-15.338479977693398,-15.133939996955188,-14.93194555591356,-14.732496654568507,-14.53559329292004,-14.341235470968149,-14.149423188712843,-14.0,-14.0,-14.0,-14.0,-14.0,-14.0,-14.0,-14.0,-14.0,-14.0,-14.0,-14.0,-14.0,-14.0,-14.0,-14.0,-14.0,-14.0,-14.0,-14.0,-14.0,-14.0,-14.0,-14.0,-14.0,-14.0,-14.0,-14.0,-14.0,-14.0,-14.0,-14.0,-14.0,-14.0,-14.0,-14.0,-14.0,-14.0,-14.0,False,True,False,False,False,False,False
9400,0.145395613296594,-15.509135990599432,-15.30315198889036,-15.0996999867731,-14.89877998424765,-14.700391981314008,-14.50453597797218,-14.31121197422216,-14.120419970063956,-14.0,-14.0,-14.0,-14.0,-14.0,-14.0,-14.0,-14.0,-14.0,-14.0,-14.0,-14.0,-14.0,-14.0,-14.0,-14.0,-14.0,-14.0,-14.0,-14.0,-14.0,-14.0,-14.0,-14.0,-14.0,-14.0,-14.0,-14.0,-14.0,-14.0,-14.0,-14.0,-14.0,-14.0,-14.0,-14.0,-14.0,-14.0,-14.0,False,True,False,False,False,False,False
9450,0.145395613296594,-15.473093218095334,-15.268199078829168,-15.065823542331575,-14.865966608602557,-14.668628277642108,-14.473808549450238,-14.281507424026938,-14.091724901372217,-14.0,-14.0,-14.0,-14.0,-14.0,-14.0,-14.0,-14.0,-14.0,-14.0,-14.0,-14.0,-14.0,-14.0,-14.0,-14.0,-14.0,-14.0,-14.0,-14.0,-14.0,-14.0,-14.0,-14.0,-14.0,-14.0,-14.0,-14.0,-14.0,-14.0,-14.0,-14.0,-14.0,-14.0,-14.0,-14.0,-14.0,-14.0,-14.0,False,True,False,False,False,False,False
9500,0.145395613296594,-15.437431028329177,-15.233615279269676,-15.032304877174703,-14.833499822044256,-14.637200113878336,-14.44340575267695,-14.252116738440089,-14.063333071167762,-14.0,-14.0,-14.0,-14.0,-14.0,-14.0,-14.0,-14.0,-14.0,-14.0,-14.0,-14.0,-14.0,-14.0,-14.0,-14.0,-14.0,-14.0,-14.0,-14.0,-14.0,-14.0,-14.0,-14.0,-14.0,-14.0,-14.0,-14.0,-14.0,-14.0,-14.0,-14.0,-14.0,-14.0,-14.0,-14.0,-14.0,-14.0,-14.0,False,True,False,False,False,False,False
9550,0.145395613296594,-15.402143398434529,-15.19939474753764,-14.999138326605468,-14.80137413563801,-14.606102174635263,-14.413322443597234,-14.223034942523917,-14.035239671415317,-14.0,-14.0,-14.0,-14.0,-14.0,-14.0,-14.0,-14.0,-14.0,-14.0,-14.0,-14.0,-14.0,-14.0,-14.0,-14.0,-14.0,-14.0,-14.0,-14.0,-14.0,-14.0,-14.0,-14.0,-14.0,-14.0,-14.0,-14.0,-14.0,-14.0,-14.0,-14.0,-14.0,-14.0,-14.0,-14.0,-14.0,-14.0,-14.0,False,True,False,False,False,False,False
9600,0.145395613296594,-15.367224431588866,-15.165531763248733,-14.966318344508915,-14.769584175369411,-14.575329255830221,-14.383553585891349,-14.194257165552788,-14.007439994814547,-14.0,-14.0,-14.0,-14.0,-14.0,-14.0,-14.0,-14.0,-14.0,-14.0,-14.0,-14.0,-14.0,-14.0,-14.0,-14.0,-14.0,-14.0,-14.0,-14.0,-14.0,-14.0,-14.0,-14.0,-14.0,-14.0,-14.0,-14.0,-14.0,-14.0,-14.0,-14.0,-14.0,-14.0,-14.0,-14.0,-14.0,-14.0,-14.0,False,True,False,False,False,False,False
9650,0.145395613296594,-15.332668353742283,-15.132020725134483,-14.933839500274146,-14.738124679161272,-14.54487626179586,-14.354094248177914,-14.16577863830743,-14.0,-14.0,-14.0,-14.0,-14.0,-14.0,-14.0,-14.0,-14.0,-14.0,-14.0,-14.0,-14.0,-14.0,-14.0,-14.0,-14.0,-14.0,-14.0,-14.0,-14.0,-14.0,-14.0,-14.0,-14.0,-14.0,-14.0,-14.0,-14.0,-14.0,-14.0,-14.0,-14.0,-14.0,-14.0,-14.0,-14.0,-14.0,-14.0,-14.0,False,True,False,False,False,False,False
9700,0.145395613296594,-15.298469510447438,-15.098856147966481,-14.901696475811612,-14.706990493982824,-14.51473820248012,-14.324939601303504,-14.13759469045297,-14.0,-14.0,-14.0,-14.0,-14.0,-14.0,-14.0,-14.0,-14.0,-14.0,-14.0,-14.0,-14.0,-14.0,-14.0,-14.0,-14.0,-14.0,-14.0,-14.0,-14.0,-14.0,-14.0,-14.0,-14.0,-14.0,-14.0,-14.0,-14.0,-14.0,-14.0,-14.0,-14.0,-14.0,-14.0,-14.0,-14.0,-14.0,-14.0,-14.0,False,True,False,False,False,False,False
9750,0.145395613296594,-15.264622363787131,-15.066032659575308,-14.869884062662257,-14.676176573047977,-14.484910190732466,-14.29608491571573,-14.109700747997762,-14.0,-14.0,-14.0,-14.0,-14.0,-14.0,-14.0,-14.0,-14.0,-14.0,-14.0,-14.0,-14.0,-14.0,-14.0,-14.0,-14.0,-14.0,-14.0,-14.0,-14.0,-14.0,-14.0,-14.0,-14.0,-14.0,-14.0,-14.0,-14.0,-14.0,-14.0,-14.0,-14.0,-14.0,-14.0,-14.0,-14.0,-14.0,-14.0,-14.0,False,True,False,False,False,False,False
9800,0.145395613296594,-15.231121489396026,-15.033544997960794,-14.838397159195258,-14.645677973099419,-14.455387439673272,-14.267525558916827,-14.082092330830074,-14.0,-14.0,-14.0,-14.0,-14.0,-14.0,-14.0,-14.0,-14.0,-14.0,-14.0,-14.0,-14.0,-14.0,-14.0,-14.0,-14.0,-14.0,-14.0,-14.0,-14.0,-14.0,-14.0,-14.0,-14.0,-14.0,-14.0,-14.0,-14.0,-14.0,-14.0,-14.0,-14.0,-14.0,-14.0,-14.0,-14.0,-14.0,-14.0,-14.0,False,True,False,False,False,False,False
9850,0.145395613296594,-15.197961573573155,-15.001388008490387,-14.807230767891173,-14.615489851775516,-14.42616526014341,-14.239256992994864,-14.054765050329872,-14.0,-14.0,-14.0,-14.0,-14.0,-14.0,-14.0,-14.0,-14.0,-14.0,-14.0,-14.0,-14.0,-14.0,-14.0,-14.0,-14.0,-14.0,-14.0,-14.0,-14.0,-14.0,-14.0,-14.0,-14.0,-14.0,-14.0,-14.0,-14.0,-14.0,-14.0,-14.0,-14.0,-14.0,-14.0,-14.0,-14.0,-14.0,-14.0,-14.0,False,True,False,False,False,False,False
9900,0.145395613296594,-15.165137410481996,-14.969556641182475,-14.776379992707499,-14.585607465057072,-14.39723905823119,-14.211274772229858,-14.027714607053072,-14.0,-14.0,-14.0,-14.0,-14.0,-14.0,-14.0,-14.0,-14.0,-14.0,-14.0,-14.0,-14.0,-14.0,-14.0,-14.0,-14.0,-14.0,-14.0,-14.0,-14.0,-14.0,-14.0,-14.0,-14.0,-14.0,-14.0,-14.0,-14.0,-14.0,-14.0,-14.0,-14.0,-14.0,-14.0,-14.0,-14.0,-14.0,-14.0,-14.0,False,True,False,False,False,False,False
9950,0.145395613296594,-15.13264389943506,-14.938045948071716,-14.74584003652375,-14.556026164791165,-14.368604332873955,-14.18357454077213,-14.00093678848568,-14.0,-14.0,-14.0,-14.0,-14.0,-14.0,-14.0,-14.0,-14.0,-14.0,-14.0,-14.0,-14.0,-14.0,-14.0,-14.0,-14.0,-14.0,-14.0,-14.0,-14.0,-14.0,-14.0,-14.0,-14.0,-14.0,-14.0,-14.0,-14.0,-14.0,-14.0,-14.0,-14.0,-14.0,-14.0,-14.0,-14.0,-14.0,-14.0,-14.0,False,True,False,False,False,False,False
10000,0.145395613296594,-15.100476042259993,-14.906851080653466,-14.715606198663242,-14.526741396289317,-14.340256673531695,-14.156152030390377,-14.0,-14.0,-14.0,-14.0,-14.0,-14.0,-14.0,-14.0,-14.0,-14.0,-14.0,-14.0,-14.0,-14.0,-14.0,-14.0,-14.0,-14.0,-14.0,-14.0,-14.0,-14.0,-14.0,-14.0,-14.0,-14.0,-14.0,-14.0,-14.0,-14.0,-14.0,-14.0,-14.0,-14.0,-14.0,-14.0,-14.0,-14.0,-14.0,-14.0,-14.0,False,True,False,False,False,False,False
1000,0.117307957868172,-44.02009397017101,-42.77104878944385,-41.540745444935055,-40.32918393664464,-39.136364264572606,-37.96228642871893,-36.806950429083564,-35.670356265666626,-34.55250393846806,-33.45339344748786,-32.37302479272598,-31.311397974182515,-30.268512991857424,-29.2443698457507,-28.2389685358623,-27.252309062192317,-26.28439142474065,-25.33521562350741,-24.404781658492485,-23.49308952969598,-22.60013923711779,-21.725930780758027,-20.87046416061658,-20.033739376693507,-19.21575642898885,-18.416515317502515,-17.636016042234544,-16.874258603184945,-16.131243000353766,-15.406969233740911,-14.701437303346426,-14.014647209170299,-14.0,-14.0,-14.0,-14.0,-14.0,-14.0,-14.0,-70.0,-70.0,-70.0,-70.0,-70.0,-70.0,-70.0,-70.0,False,False,False,True,False,False,False
1050,0.117307957868172,-42.443809504252684,-41.250164580047695,-40.07443021505828,-38.916606409284434,-37.77669316272618,-36.65469047538348,-35.550598347256305,-34.46441677834475,-33.396145768648765,-32.34578531816835,-31.313335426903457,-30.298796094854193,-29.302167322020495,-28.323449108402365,-27.36264145399976,-26.41974435881278,-25.494757822841315,-24.587681846085477,-23.698516428545158,-22.82726157022046,-21.973917271111286,-21.138483531217734,-20.320960350539707,-19.52134772907724,-18.739645666830405,-17.975854163799088,-17.229973219983343,-16.50200283538317,-15.791943009998619,-15.099793743829586,-14.425555036876133,-14.0,-14.0,-14.0,-14.0,-14.0,-14.0,-14.0,-14.0,-70.0,-70.0,-70.0,-70.0,-70.0,-70.0,-70.0,-70.0,False,False,False,True,False,False,False
1100,0.117307957868172,-41.01128342448143,-39.86798060241,-38.741832959806764,-37.63284049667173,-36.54100321300492,-35.466321108806284,-34.4087941840758,-33.36842243881357,-32.34520587301953,-31.339144486693687,-30.350238279835995,-29.378487252446554,-28.42389140452531,-27.48645073607226,-26.566165247087365,-25.663034937570714,-24.777059807522214,-23.90823985694196,-23.05657508582986,-22.222065494185998,-21.404711082010287,-20.604511849302828,-19.82146779606352,-19.05557892229241,-18.30684522798954,-17.575266713154825,-16.860843377788303,-16.16357522188999,-15.483462245459913,-14.820504448497992,-14.17470183100427,-14.0,-14.0,-14.0,-14.0,-14.0,-14.0,-14.0,-14.0,-70.0,-70.0,-70.0,-70.0,-70.0,-70.0,-70.0,-70.0,False,False,False,True,False,False,False
1150,0.117307957868172,-39.70372973918576,-38.60637120859342,-37.52547846656545,-36.46105151310185,-35.41309034820262,-34.38159497186775,-33.36656538409719,-32.36800158489105,-31.385903574249266,-30.420271352171856,-29.471104918658757,-28.53840427371007,-27.622169417325754,-26.722400349505797,-25.83909707025016,-24.972259579558933,-24.121887877432027,-23.287981963869534,-22.470541838871355,-21.669567502437587,-20.88505895456814,-20.117016195263105,-19.36543922452239,-18.630328042346036,-17.911682648734097,-17.20950304368647,-16.523789227203213,-15.854541199284322,-15.20175895992984,-14.565442509139677,-14.0,-14.0,-14.0,-14.0,-14.0,-14.0,-14.0,-14.0,-14.0,-70.0,-70.0,-70.0,-70.0,-70.0,-70.0,-70.0,-70.0,False,False,False,True,False,False,False
1200,0.117307957868172,-38.50549661780658,-37.45023487053044,-36.410807252507674,-35.387213763738316,-34.37945440422236,-33.387529173959784,-32.41143807295055,-31.451181101194756,-30.506758258692354,-29.578169545443345,-28.66541496144768,-27.76849450670546,-26.887408181216625,-26.02215598498118,-25.172737917999083,-24.339153980270428,-23.521404171795115,-22.71948849257324,-21.933406942604712,-21.163159521889625,-20.40874623042788,-19.670167068219573,-18.94742203526462,-18.24051113156305,-17.54943435711492,-16.874191711920133,-16.214783195978743,-15.571208809290745,-14.943468551856181,-14.331562423674967,-14.0,-14.0,-14.0,-14.0,-14.0,-14.0,-14.0,-14.0,-14.0,-70.0,-70.0,-70.0,-70.0,-70.0,-70.0,-70.0,-70.0,False,False,False,True,False,False,False
1250,0.117307957868172,-37.40343899823037,-36.386888795471364,-35.38559185792793,-34.39954818560006,-33.42875777848778,-32.47322063659105,-31.532936759909852,-30.60790614844426,-29.698128802194244,-28.803604721159793,-27.92433390534087,-27.060316354737555,-26.211552069349814,-25.378041049177636,-24.55978329422099,-23.756778804479953,-22.969027579954442,-22.196529620644547,-21.439284926550172,-20.697293497671414,-19.97055533400818,-19.259070435560556,-18.56283880232846,-17.881860434311935,-17.21613533151102,-16.56566349392563,-15.930444921555809,-15.31047961440156,-14.705767572462923,-14.116308795739808,-14.0,-14.0,-14.0,-14.0,-14.0,-14.0,-14.0,-14.0,-14.0,-70.0,-70.0,-70.0,-70.0,-70.0,-70.0,-70.0,-70.0,False,False,False,True,False,False,False
1300,0.117307957868172,-36.38643606956114,-35.405603338057034,-34.4394879335921,-33.48808985616634,-32.55140910577977,-31.629445682432355,-30.722199586124077,-29.829670816855018,-28.95185937462513,-28.088765259434417,-27.240388471282834,-26.406729010170473,-25.587786876097283,-24.783562069063265,-23.994054589068384,-23.219264436112717,-22.459191610196182,-21.713836111318862,-20.983197939480675,-20.267277094681702,-19.566073576921866,-18.879587386201248,-18.20781852251976,-17.550766985877445,-16.908432776274346,-16.28081589371038,-15.667916338185588,-15.069734109699972,-14.486269208253571,-14.0,-14.0,-14.0,-14.0,-14.0,-14.0,-14.0,-14.0,-14.0,-14.0,-70.0,-70.0,-70.0,-70.0,-70.0,-70.0,-70.0,-70.0,False,False,False,True,False,False,False
1350,0.117307957868172,-35.44501605488648,-34.4972399503006,-33.56368516036203,-32.64435168507078,-31.739239524426853,-30.848348678430234,-29.971679147080884,-29.109230930378892,-28.261004028324216,-27.426998440916854,-26.607214168156762,-25.80165121004403,-25.010309566578613,-24.233189237760506,-23.470290223589675,-22.721612524066202,-21.987156139190002,-21.266921068961157,-20.560907313379584,-19.869114872445365,-19.191543746158427,-18.52819393451884,-17.87906543752653,-17.24415825518153,-16.62347238748389,-16.017007834433524,-15.424764596030467,-14.846742672274733,-14.282942063166347,-14.0,-14.0,-14.0,-14.0,-14.0,-14.0,-14.0,-14.0,-14.0,-14.0,-70.0,-70.0,-70.0,-70.0,-70.0,-70.0,-70.0,-70.0,False,False,False,True,False,False,False
1400,0.117307957868172,-34.571061456764646,-33.65396677272673,-32.75063303075095,-31.86106023083731,-30.985248372985815,-30.123197457196444,-29.27490748346917,-28.44037845180407,-27.619610362201108,-26.81260321466028,-26.019357009181547,-25.23987174576499,-24.474147424410567,-23.722184045118283,-22.983981607888094,-22.259540112720078,-21.548859559614158,-20.851939948570415,-20.168781279588767,-19.499383552669293,-18.84374676781192,-18.201870925016717,-17.57375602428361,-16.959402065612643,-16.35880904900385,-15.771976974457152,-15.198905841972588,-14.639595651550161,-14.094046403189907,-14.0,-14.0,-14.0,-14.0,-14.0,-14.0,-14.0,-14.0,-14.0,-14.0,-70.0,-70.0,-70.0,-70.0,-70.0,-70.0,-70.0,-70.0,False,False,False,True,False,False,False
1450,0.117307957868172,-33.7575753335349,-32.86903311583721,-31.99382341242655,-31.13194622330293,-30.283401548466355,-29.448189387916802,-28.626309741654246,-27.817762609678763,-27.022547991990315,-26.240665888588904,-25.47211629947449,-24.716899224647147,-23.97501466410684,-23.24646261785357,-22.531243085887294,-21.829356068208092,-21.140801564815888,-20.46557957571076,-19.803690100892624,-19.15513314036156,-18.519908694117497,-17.898016762160506,-17.28945734449051,-16.694230441107553,-16.112336052011667,-15.54377417720278,-14.988544816680927,-14.446647970446108,-14.0,-14.0,-14.0,-14.0,-14.0,-14.0,-14.0,-14.0,-14.0,-14.0,-14.0,-70.0,-70.0,-70.0,-70.0,-70.0,-70.0,-70.0,-70.0,False,False,False,True,False,False,False
1500,0.117307957868172,-32.99849435804473,-32.13658908294575,-31.287616636659443,-30.45157701918583,-29.628470230524915,-28.818296270676672,-28.021055139641078,-27.236746837418206,-26.465371364008018,-25.70692871941052,-24.961418903625663,-24.228841916653536,-23.509197758494093,-22.802486429147333,-22.10870792861322,-21.42786225689183,-20.759949413983094,-20.104969399887075,-19.462922214603704,-18.833807858133056,-18.21762633047506,-17.614377631629782,-17.02406176159716,-16.446678720377214,-15.882228507969995,-15.330711124375423,-14.792126569593538,-14.266474843624337,-14.0,-14.0,-14.0,-14.0,-14.0,-14.0,-14.0,-14.0,-14.0,-14.0,-14.0,-70.0,-70.0,-70.0,-70.0,-70.0,-70.0,-70.0,-70.0,False,False,False,True,False,False,False
1550,0.117307957868172,-32.28853808874194,-31.451540134889182,-30.627101277223073,-29.81522151574361,-29.015900850450805,-28.229139281344633,-27.454936808425074,-26.693293431692194,-25.94420915114596,-25.207683966786377,-24.483717878613398,-23.772310886627103,-23.073462990827455,-22.38717419121445,-21.713444487788056,-21.052273880548345,-20.403662369495244,-19.767609954628824,-19.144116635949015,-18.533182413455886,-17.93480728714937,-17.348991257029528,-16.77573432309631,-16.215036485349728,-15.666897743789827,-15.131318098416537,-14.608297549229896,-14.0978360962299,-14.0,-14.0,-14.0,-14.0,-14.0,-14.0,-14.0,-14.0,-14.0,-14.0,-14.0,-70.0,-70.0,-70.0,-70.0,-70.0,-70.0,-70.0,-70.0,False,False,False,True,False,False,False
1600,0.117307957868172,-31.623086526678488,-30.809428948081173,-30.00798024496026,-29.21874041731576,-28.441709465147678,-27.676887388455995,-26.924274187240687,-26.183869861501822,-25.455674411239364,-24.739687836453317,-24.03591013714364,-23.344341313310412,-22.66498136495359,-21.997830292073175,-21.342888094669135,-20.700154772741538,-20.069630326290316,-19.45131475531554,-18.845208059817132,-18.251310239795167,-17.66962129524958,-17.100141226180437,-16.542870032587665,-15.997807714471303,-15.464954271831385,-14.944309704667841,-14.435874012980703,-14.0,-14.0,-14.0,-14.0,-14.0,-14.0,-14.0,-14.0,-14.0,-14.0,-14.0,-14.0,-70.0,-70.0,-70.0,-70.0,-70.0,-70.0,-70.0,-70.0,False,False,False,True,False,False,False
1650,0.117307957868172,-30.998079954405284,-30.20633877243257,-29.426477611926515,-28.658496472887126,-27.90239535531441,-27.15817425920835,-26.42583318456892,-25.705372131396185,-24.996791099690114,-24.30009008945071,-23.615269100677928,-22.94232813337185,-22.28126718753243,-21.632086263159675,-20.99478536025355,-20.369364478814123,-19.755823618841326,-19.154162780335227,-18.56438196329575,-17.986481167722978,-17.420460393616832,-16.866319640977387,-16.32405890980457,-15.793678200098416,-15.27517751185896,-14.768556845086131,-14.273816199779965,-14.0,-14.0,-14.0,-14.0,-14.0,-14.0,-14.0,-14.0,-14.0,-14.0,-14.0,-14.0,-70.0,-70.0,-70.0,-70.0,-70.0,-70.0,-70.0,-70.0,False,False,False,True,False,False,False
1700,0.117307957868172,-30.40993646613978,-29.63881385952548,-28.879261894086092,-28.13128056982162,-27.39486988673207,-26.67002984481742,-25.956760444077652,-25.255061684512828,-24.564933566122917,-23.88637608890792,-23.2193892528678,-22.563973058002627,-21.920127504312365,-21.287852591797016,-20.667148320456548,-20.05801469029102,-19.46045170130038,-18.874459353484678,-18.300037646843858,-17.73718658137798,-17.185906157086983,-16.646196373970934,-16.118057232029766,-15.601488731263503,-15.096490871672192,-14.603063653255758,-14.121207076014235,-14.0,-14.0,-14.0,-14.0,-14.0,-14.0,-14.0,-14.0,-14.0,-14.0,-14.0,-14.0,-70.0,-70.0,-70.0,-70.0,-70.0,-70.0,-70.0,-70.0,False,False,False,True,False,False,False
1750,0.117307957868172,-29.855483648422062,-29.103793544460437,-28.363382498320576,-27.634250510002477,-26.916397579506157,-26.209823706831592,-25.514528891978756,-24.83051313494772,-24.157776435738448,-23.49631879435094,-22.846140210785162,-22.207240685041185,-21.579620217118972,-20.963278807018522,-20.358216454739804,-19.764433160282884,-19.1819289236477,-18.610703744834307,-18.05075762384265,-17.502090560672787,-16.964702555324656,-16.438593607798325,-15.923763718093726,-15.42021288621089,-14.92794111214985,-14.446948395910544,-14.0,-14.0,-14.0,-14.0,-14.0,-14.0,-14.0,-14.0,-14.0,-14.0,-14.0,-14.0,-14.0,-70.0,-70.0,-70.0,-70.0,-70.0,-70.0,-70.0,-70.0,False,False,False,True,False,False,False
1800,0.117307957868172,-29.33190165775224,-28.598557324472637,-27.87621677199942,-27.16488000033259,-26.46454700947216,-25.775217799418108,-25.096892370170412,-24.42957072172913,-23.77325285409424,-23.127938767265736,-22.493628461243585,-21.870321936027857,-21.258019191618512,-20.656720228015555,-20.066425045218953,-19.48713364322877,-18.918846022044946,-18.361562181667537,-17.815282122096484,-17.28000584333185,-16.75573334537357,-16.24246462822171,-15.74019969187621,-15.248938536337093,-14.768681161604393,-14.299427567678052,-14.0,-14.0,-14.0,-14.0,-14.0,-14.0,-14.0,-14.0,-14.0,-14.0,-14.0,-14.0,-14.0,-70.0,-70.0,-70.0,-70.0,-70.0,-70.0,-70.0,-70.0,False,False,False,True,False,False,False
1850,0.117307957868172,-28.836675537401277,-28.12067885222536,-27.415425647600443,-26.720915923526526,-26.037149680003623,-25.364126917031708,-24.70184763461076,-24.050311832740846,-23.40951951142193,-22.779470670654018,-22.16016531043707,-21.551603430771156,-20.953785031656242,-20.366710113092328,-19.79037867507938,-19.224790717617466,-18.669946240706523,-18.12584524434661,-17.592487728537666,-17.06987369327975,-16.558003138572804,-16.05687606441689,-15.56649247081195,-15.086852357758005,-14.617955725255092,-14.159802573303148,-14.0,-14.0,-14.0,-14.0,-14.0,-14.0,-14.0,-14.0,-14.0,-14.0,-14.0,-14.0,-14.0,-70.0,-70.0,-70.0,-70.0,-70.0,-70.0,-70.0,-70.0,False,False,False,True,False,False,False
1900,0.117307957868172,-28.36755507013796,-27.667987200298967,-26.978916297777452,-26.30034236257343,-25.632265394686904,-24.974685394117852,-24.32760236086626,-23.691016294932176,-23.064927196315583,-22.449335065016477,-21.844239901034825,-21.24964170437069,-20.665540475024038,-20.091936212994874,-19.528828918283168,-18.976218590888973,-18.434105230812236,-17.902488838053017,-17.381369412611253,-16.870746954487,-16.37062146368021,-15.880992940190932,-15.401861384019112,-14.933226795164776,-14.475089173627957,-14.02744851940859,-14.0,-14.0,-14.0,-14.0,-14.0,-14.0,-14.0,-14.0,-14.0,-14.0,-14.0,-14.0,-14.0,-70.0,-70.0,-70.0,-70.0,-70.0,-70.0,-70.0,-70.0,False,False,False,True,False,False,False
1950,0.117307957868172,-27.92252081321972,-27.238534090737335,-26.56481054153812,-25.901350165622066,-25.248152962989185,-24.605218933639463,-23.972548077572874,-23.350140394789477,-22.737995885289248,-22.136114549072182,-21.544496386138253,-20.963141396487515,-20.39204958011994,-19.831220937035535,-19.28065546723426,-18.740353170716183,-18.21031404748124,-17.69053809752949,-17.181025320860872,-16.68177571747545,-16.192789287373163,-15.714066030554072,-15.245605947018117,-14.787409036765323,-14.339475299795723,-14.0,-14.0,-14.0,-14.0,-14.0,-14.0,-14.0,-14.0,-14.0,-14.0,-14.0,-14.0,-14.0,-14.0,-70.0,-70.0,-70.0,-70.0,-70.0,-70.0,-70.0,-70.0,False,False,False,True,False,False,False
2000,0.117307957868172,-27.499755232899915,-26.830566044915706,-26.171417994236876,-25.522311080863428,-24.88324530479537,-24.25422066603268,-23.635237164575344,-23.02629480042341,-22.42739357357686,-21.838533484035693,-21.25971453179987,-20.69093671686946,-20.132200039244427,-19.58350449892477,-19.04485009591047,-18.516236830201574,-17.99766470179803,-17.489133710699893,-16.99064385690711,-16.50219514041973,-16.023787561237704,-15.555421119361084,-15.097095814789819,-14.64881164752393,-14.21056861756345,-14.0,-14.0,-14.0,-14.0,-14.0,-14.0,-14.0,-14.0,-14.0,-14.0,-14.0,-14.0,-14.0,-14.0,-70.0,-70.0,-70.0,-70.0,-70.0,-70.0,-70.0,-70.0,False,False,False,True,False,False,False
2050,0.117307957868172,-27.097618067111473,-26.442500612984208,-25.79721315077277,-25.161755680477157,-24.53612820209738,-23.92033071563342,-23.314363221085255,-22.718225718452942,-22.131918207736458,-21.5554406889358,-20.988793162050936,-20.431975627081925,-19.88498808402874,-19.347830532891383,-18.82050297366982,-18.30300540636411,-17.7953378309742,-17.297500247500142,-16.809492655941884,-16.331315056299474,-15.862967448572864,-15.404449832762106,-14.95576220886715,-14.516904576888013,-14.087876936824733,-14.0,-14.0,-14.0,-14.0,-14.0,-14.0,-14.0,-14.0,-14.0,-14.0,-14.0,-14.0,-14.0,-14.0,-70.0,-70.0,-70.0,-70.0,-70.0,-70.0,-70.0,-70.0,False,False,False,True,False,False,False
2100,0.117307957868172,-26.714625211067712,-26.072906002395037,-25.44081574589535,-24.81835444156865,-24.205522089414956,-23.602318689434238,-23.008744241626484,-22.424798745991747,-21.85048220253,-21.28579461124124,-20.730735972125444,-20.185306285182666,-19.64950555041288,-19.123333767816078,-18.60679093739224,-18.099877059141424,-17.602592133063567,-17.114936159158727,-16.636909137426848,-16.168511067867986,-15.709741950482087,-15.260601785269206,-14.821090572229288,-14.391208311362359,-14.0,-14.0,-14.0,-14.0,-14.0,-14.0,-14.0,-14.0,-14.0,-14.0,-14.0,-14.0,-14.0,-14.0,-14.0,-70.0,-70.0,-70.0,-70.0,-70.0,-70.0,-70.0,-70.0,False,False,False,True,False,False,False
2150,0.117307957868172,-26.349430551821712,-25.720483551713752,-25.10097385767601,-24.490901469708497,-23.890266387811213,-23.29906861198414,-22.717308142227267,-22.14498497854064,-21.582099120924237,-21.02865056937806,-20.48463932390207,-19.950065384496334,-19.42492875116082,-18.90922942389553,-18.40296740270043,-17.906142687575585,-17.418755278520933,-16.940805175536532,-16.472292378622324,-16.013216887778363,-15.563578703004602,-15.123377824301087,-14.692614251667772,-14.271287985104676,-14.0,-14.0,-14.0,-14.0,-14.0,-14.0,-14.0,-14.0,-14.0,-14.0,-14.0,-14.0,-14.0,-14.0,-14.0,-70.0,-70.0,-70.0,-70.0,-70.0,-70.0,-70.0,-70.0,False,False,False,True,False,False,False
2200,0.117307957868172,-26.000810282253717,-25.384052596678195,-24.776549317354615,-24.178300444282975,-23.589305977463283,-23.00956591689552,-22.439080262579676,-21.877849014515796,-21.325872172703857,-20.78314973714386,-20.249681707835773,-19.725468084779656,-19.210508867975477,-18.70480405742324,-18.208353653122913,-17.721157655074556,-17.243216063278112,-16.774528877733637,-16.31509609844107,-15.864917725400474,-15.42399375861179,-14.992324198075073,-14.569909043790272,-14.156748295757408,-14.0,-14.0,-14.0,-14.0,-14.0,-14.0,-14.0,-14.0,-14.0,-14.0,-14.0,-14.0,-14.0,-14.0,-14.0,-70.0,-70.0,-70.0,-70.0,-70.0,-70.0,-70.0,-70.0,False,False,False,True,False,False,False
2250,0.117307957868172,-25.667649308486208,-25.062537356066294,-24.466505066480853,-23.879552439729895,-23.30167947581342,-22.732886174731416,-22.173172536483865,-21.622538561070815,-21.080984248492246,-20.548509598748154,-20.02511461183851,-19.510799287763376,-19.005563626522715,-18.509407628116534,-18.022331292544806,-17.54433461980758,-17.075417609904804,-16.615580262836534,-16.164822578602713,-15.723144557203398,-15.290546198638536,-14.867027502908176,-14.452588470012271,-14.04722909995084,-14.0,-14.0,-14.0,-14.0,-14.0,-14.0,-14.0,-14.0,-14.0,-14.0,-14.0,-14.0,-14.0,-14.0,-14.0,-70.0,-70.0,-70.0,-70.0,-70.0,-70.0,-70.0,-70.0,False,False,False,True,False,False,False
2300,0.117307957868172,-25.34892943190352,-24.754955529752827,-24.16989416476561,-23.59374533694187,-23.026509046281618,-22.468185292784835,-21.918774076451506,-21.37827539728168,-20.846689255275333,-20.324015650432464,-19.81025458275305,-19.305406052237135,-18.809470058884703,-18.322446602695745,-17.844335683670245,-17.375137301808245,-16.914851457109698,-16.46347814957466,-16.02101737920307,-15.587469145994982,-15.16283344995035,-14.74711029106922,-14.340299669351545,-14.0,-14.0,-14.0,-14.0,-14.0,-14.0,-14.0,-14.0,-14.0,-14.0,-14.0,-14.0,-14.0,-14.0,-14.0,-14.0,-70.0,-70.0,-70.0,-70.0,-70.0,-70.0,-70.0,-70.0,False,False,False,True,False,False,False
2350,0.117307957868172,-25.043719041258882,-24.460408353734316,-23.885850202578084,-23.32004458779019,-22.76299150937064,-22.21469096731942,-21.675142961636514,-21.144347492321966,-20.622304559375756,-20.109014162797887,-19.604476302588324,-19.108690978747124,-18.62165819127426,-18.14337794016973,-17.67385022543352,-17.213075047065665,-16.761052405066124,-16.317782299434946,-15.883264730172076,-15.457499697277568,-15.040487200751373,-14.632227240593538,-14.23271981680402,-14.0,-14.0,-14.0,-14.0,-14.0,-14.0,-14.0,-14.0,-14.0,-14.0,-14.0,-14.0,-14.0,-14.0,-14.0,-14.0,-70.0,-70.0,-70.0,-70.0,-70.0,-70.0,-70.0,-70.0,False,False,False,True,False,False,False
2400,0.117307957868172,-24.75116409446857,-24.178071899468623,-23.61357891306612,-23.057685135261075,-22.510390566053488,-21.971695205443346,-21.441599053430632,-20.920102110015396,-20.40720437519761,-19.90290584897728,-19.407206531354372,-18.920106422328942,-18.441605521900968,-17.971703830070442,-17.510401346837345,-17.05769807220172,-16.61359400616353,-16.178089148722812,-15.751183499879522,-15.332877059633711,-14.923169827985324,-14.522061804934415,-14.129552990480937,-14.0,-14.0,-14.0,-14.0,-14.0,-14.0,-14.0,-14.0,-14.0,-14.0,-14.0,-14.0,-14.0,-14.0,-14.0,-14.0,-70.0,-70.0,-70.0,-70.0,-70.0,-70.0,-70.0,-70.0,False,False,False,True,False,False,False
2450,0.117307957868172,-24.470480205702014,-23.907189439620193,-23.3523508123754,-22.805964323967633,-22.2680299743969,-21.738547763663185,-21.217517691766478,-20.704939758706818,-20.200813964484187,-19.70514030909858,-19.21791879254998,-18.73914941483843,-18.268832175963908,-17.806967075926412,-17.353554114725917,-16.908593292362475,-16.472084608836038,-16.044028064146648,-15.624423658294264,-15.213271391278928,-14.810571263100597,-14.416323273759318,-14.030527423255043,-14.0,-14.0,-14.0,-14.0,-14.0,-14.0,-14.0,-14.0,-14.0,-14.0,-14.0,-14.0,-14.0,-14.0,-14.0,-14.0,-70.0,-70.0,-70.0,-70.0,-70.0,-70.0,-70.0,-70.0,False,False,False,True,False,False,False
2500,0.117307957868172,-24.200945682899455,-23.64706473078765,-23.10149472390756,-22.564235662259176,-22.03528754584251,-21.51465037465755,-21.002324148704272,-20.498308867982725,-20.002604532492892,-19.51521114223477,-19.036128697208326,-18.565357197413622,-18.102896642850624,-17.64874703351934,-17.202908369419735,-16.76538065055187,-16.336163876915684,-15.915258048511236,-15.50266316533847,-15.098379227397439,-14.702406234688095,-14.314744187210483,-14.0,-14.0,-14.0,-14.0,-14.0,-14.0,-14.0,-14.0,-14.0,-14.0,-14.0,-14.0,-14.0,-14.0,-14.0,-14.0,-14.0,-70.0,-70.0,-70.0,-70.0,-70.0,-70.0,-70.0,-70.0,False,False,False,True,False,False,False
2550,0.117307957868172,-23.94189538515889,-23.397056087246288,-22.860392065171872,-22.33190331893565,-21.811589848537633,-21.299451653977798,-20.795488735256132,-20.299701092372683,-19.812088725327428,-19.332651634120364,-18.861389818751466,-18.398303279220787,-17.9433920155283,-17.496656027674007,-17.05809531565788,-16.627709879479973,-16.20549971914023,-15.79146483463871,-15.385605225975354,-14.987920893150214,-14.598411836163242,-14.21707805501449,-14.0,-14.0,-14.0,-14.0,-14.0,-14.0,-14.0,-14.0,-14.0,-14.0,-14.0,-14.0,-14.0,-14.0,-14.0,-14.0,-14.0,-70.0,-70.0,-70.0,-70.0,-70.0,-70.0,-70.0,-70.0,False,False,False,True,False,False,False
2600,0.117307957868172,-23.692715289533634,-23.156571139131433,-22.628471794482714,-22.108417255587476,-21.596407522445734,-21.092442595057467,-20.59652247342266,-20.10864715754136,-19.628816647413544,-19.157030943039214,-18.69329004441834,-18.237593951550977,-17.789942664437095,-17.3503361830767,-16.918774507469763,-16.495257637616334,-16.079785573516364,-15.672358315169904,-15.272975862576901,-14.881638215737407,-14.498345374651374,-14.123097339318846,-14.0,-14.0,-14.0,-14.0,-14.0,-14.0,-14.0,-14.0,-14.0,-14.0,-14.0,-14.0,-14.0,-14.0,-14.0,-14.0,-14.0,-70.0,-70.0,-70.0,-70.0,-70.0,-70.0,-70.0,-70.0,False,False,False,True,False,False,False
2650,0.117307957868172,-23.452837673465957,-22.925062184586555,-22.405205930275503,-21.893268910532804,-21.389251125358463,-20.893152574752467,-20.4049732587148,-19.924713177245508,-19.452372330344566,-18.98795071801198,-18.53144834024772,-18.082865197051834,-17.642201288424303,-17.20945661436512,-16.78463117487427,-16.36772496995179,-15.958737999597645,-15.557670263811872,-15.164521762594426,-14.779292495945354,-14.401982463864615,-14.032591666352246,-14.0,-14.0,-14.0,-14.0,-14.0,-14.0,-14.0,-14.0,-14.0,-14.0,-14.0,-14.0,-14.0,-14.0,-14.0,-14.0,-14.0,-70.0,-70.0,-70.0,-70.0,-70.0,-70.0,-70.0,-70.0,False,False,False,True,False,False,False
2700,0.117307957868172,-23.2217368329844,-22.70202205881321,-22.190105568745807,-21.6859873627822,-21.189667440922392,-20.70114580316637,-20.220422449514118,-19.747497379965683,-19.28237059452104,-18.825042093180187,-18.375511875943108,-17.933779942809842,-17.49984629378037,-17.07371092885469,-16.65537384803278,-16.244835051314684,-15.842094538700362,-15.447152310189853,-15.060008365783114,-14.68066270548019,-14.309115329281036,-14.0,-14.0,-14.0,-14.0,-14.0,-14.0,-14.0,-14.0,-14.0,-14.0,-14.0,-14.0,-14.0,-14.0,-14.0,-14.0,-14.0,-14.0,-70.0,-70.0,-70.0,-70.0,-70.0,-70.0,-70.0,-70.0,False,False,False,True,False,False,False
2750,0.117307957868172,-22.9989252684176,-22.486980454176784,-21.982717336330452,-21.486135914878613,-20.99723618982127,-20.516018161158406,-20.04248182889001,-19.576627193016122,-19.118454253536726,-18.667963010451817,-18.225153463761377,-17.790025613465446,-17.362579459564003,-16.942815002057046,-16.53073224094456,-16.126331176226582,-15.729611807903071,-15.340574135974071,-14.959218160439535,-14.585543881299511,-14.219551298553956,-14.0,-14.0,-14.0,-14.0,-14.0,-14.0,-14.0,-14.0,-14.0,-14.0,-14.0,-14.0,-14.0,-14.0,-14.0,-14.0,-14.0,-14.0,-70.0,-70.0,-70.0,-70.0,-70.0,-70.0,-70.0,-70.0,False,False,False,True,False,False,False
2800,0.117307957868172,-22.783950279133563,-22.27950063493497,-21.782620222624754,-21.293309042202917,-20.811567093669463,-20.33739437702438,-19.870790892267657,-19.411756639399332,-18.960291618419383,-18.516395829327816,-18.080069272124604,-17.65131194680979,-17.230123853383354,-16.816504991845296,-16.410455362195595,-16.011974964434295,-15.621063798561352,-15.237721864576809,-14.861949162480618,-14.493745692272828,-14.133111453953397,-14.0,-14.0,-14.0,-14.0,-14.0,-14.0,-14.0,-14.0,-14.0,-14.0,-14.0,-14.0,-14.0,-14.0,-14.0,-14.0,-14.0,-14.0,-70.0,-70.0,-70.0,-70.0,-70.0,-70.0,-70.0,-70.0,False,False,False,True,False,False,False
2850,0.117307957868172,-22.576390917027847,-22.079176498081587,-21.589422746971117,-21.10712966369644,-20.632297248257565,-20.164925500654473,-19.705014420887153,-19.25256400895565,-18.807574264859934,-18.370045188600013,-17.939976780175865,-17.51736903958753,-17.102221966834986,-16.694535561918233,-16.294309824837253,-15.901544755592086,-15.516240354182692,-15.138396620609111,-14.768013554871299,-14.405091156969304,-14.049629426903078,-14.0,-14.0,-14.0,-14.0,-14.0,-14.0,-14.0,-14.0,-14.0,-14.0,-14.0,-14.0,-14.0,-14.0,-14.0,-14.0,-14.0,-14.0,-70.0,-70.0,-70.0,-70.0,-70.0,-70.0,-70.0,-70.0,False,False,False,True,False,False,False
2900,0.117307957868172,-22.37585525542317,-21.885629938493466,-21.402760418409034,-20.927246695169877,-20.459088768776,-19.998286639227384,-19.544840306524023,-19.09874977066595,-18.660015031653153,-18.22863608948563,-17.804612944163352,-17.38794559568637,-16.97863404405466,-16.57667828926822,-16.182078331327034,-15.794834170231137,-15.414945805980494,-15.042413238575142,-14.677236468015042,-14.319415494300232,-14.0,-14.0,-14.0,-14.0,-14.0,-14.0,-14.0,-14.0,-14.0,-14.0,-14.0,-14.0,-14.0,-14.0,-14.0,-14.0,-14.0,-14.0,-14.0,-70.0,-70.0,-70.0,-70.0,-70.0,-70.0,-70.0,-70.0,False,False,False,True,False,False,False
2950,0.117307957868172,-22.181977935922937,-21.69850848224128,-21.222293454145902,-20.75333285163681,-20.291626674714,-19.83717492337746,-19.389977597627183,-18.950034697463206,-18.517346222885507,-18.09191217389409,-17.67373255048893,-17.26280735267007,-16.85913658043749,-16.46272023379119,-16.073558312731148,-15.691650817257408,-15.316997747369925,-14.949599103068742,-14.589454884353819,-14.236565091225195,-14.0,-14.0,-14.0,-14.0,-14.0,-14.0,-14.0,-14.0,-14.0,-14.0,-14.0,-14.0,-14.0,-14.0,-14.0,-14.0,-14.0,-14.0,-14.0,-70.0,-70.0,-70.0,-70.0,-70.0,-70.0,-70.0,-70.0,False,False,False,True,False,False,False
3000,0.117307957868172,-21.9944179607586,-21.517483156746778,-21.047704726356624,-20.58508266958814,-20.129616986441334,-19.68130767691619,-19.2401547410127,-18.806158178730897,-18.379317990070763,-17.959634175032303,-17.547106733615486,-17.141735665820367,-16.743520971646912,-16.352462651095127,-15.968560704164997,-15.591815130856553,-15.22222593116976,-14.859793105104657,-14.504516652661204,-14.156396573839439,-14.0,-14.0,-14.0,-14.0,-14.0,-14.0,-14.0,-14.0,-14.0,-14.0,-14.0,-14.0,-14.0,-14.0,-14.0,-14.0,-14.0,-14.0,-14.0,-70.0,-70.0,-70.0,-70.0,-70.0,-70.0,-70.0,-70.0,False,False,False,True,False,False,False
3050,0.117307957868172,-21.812856702430324,-21.342246570578727,-20.87869791108214,-20.42221072394057,-19.972785009154016,-19.530420766722475,-19.095117996645925,-18.66687669892441,-18.245696873557907,-17.83157852054642,-17.424521639889925,-17.024526231588464,-16.631592295642015,-16.245719832050582,-15.866908840814144,-15.49515932193274,-15.130471275406327,-14.77284470123495,-14.422279599418564,-14.078775969957215,-14.0,-14.0,-14.0,-14.0,-14.0,-14.0,-14.0,-14.0,-14.0,-14.0,-14.0,-14.0,-14.0,-14.0,-14.0,-14.0,-14.0,-14.0,-14.0,-70.0,-70.0,-70.0,-70.0,-70.0,-70.0,-70.0,-70.0,False,False,False,True,False,False,False
3100,0.117307957868172,-21.6369961060815,-21.172511179192735,-20.71499581638377,-20.264450017654617,-19.820873783005275,-19.38426711243573,-18.954630005945976,-18.531962463536043,-18.116264485205917,-17.707536070955598,-17.305777220785068,-16.910987934694358,-16.52316821268346,-16.142318054752362,-15.768437460901053,-15.401526431129568,-15.041584965437872,-14.688613063826,-14.342610726293914,-14.003577952841654,-14.0,-14.0,-14.0,-14.0,-14.0,-14.0,-14.0,-14.0,-14.0,-14.0,-14.0,-14.0,-14.0,-14.0,-14.0,-14.0,-14.0,-14.0,-14.0,-70.0,-70.0,-70.0,-70.0,-70.0,-70.0,-70.0,-70.0,False,False,False,True,False,False,False
3150,0.117307957868172,-21.466557063168082,-21.0080077159308,-20.55633886981274,-20.111550524813918,-19.67364268093433,-19.242615338173962,-18.818468496532805,-18.4012021560109,-17.99081631660822,-17.587310978324776,-17.190686141160537,-16.80094180511555,-16.41807797018979,-16.04209463638326,-15.672991803695941,-15.310769472127872,-14.95542764167901,-14.6069663123494,-14.265385484139,-14.0,-14.0,-14.0,-14.0,-14.0,-14.0,-14.0,-14.0,-14.0,-14.0,-14.0,-14.0,-14.0,-14.0,-14.0,-14.0,-14.0,-14.0,-14.0,-14.0,-70.0,-70.0,-70.0,-70.0,-70.0,-70.0,-70.0,-70.0,False,False,False,True,False,False,False
3200,0.117307957868172,-21.301277937665226,-20.848483770183588,-20.402483747748512,-19.963277870360002,-19.530866138018066,-19.10524855072269,-18.686425108473856,-18.27439581127161,-17.86916065911593,-17.470719652006814,-17.079072789944245,-16.69422007292826,-16.31616150095884,-15.944897074035987,-15.580426792159681,-15.222750655329959,-14.871868663546783,-14.527780816810193,-14.190487115120145,-14.0,-14.0,-14.0,-14.0,-14.0,-14.0,-14.0,-14.0,-14.0,-14.0,-14.0,-14.0,-14.0,-14.0,-14.0,-14.0,-14.0,-14.0,-14.0,-14.0,-70.0,-70.0,-70.0,-70.0,-70.0,-70.0,-70.0,-70.0,False,False,False,True,False,False,False
3250,0.117307957868172,-21.14091322836363,-20.693702496847077,-20.253202131308075,-19.81941213174663,-19.392332498162748,-18.971963230556415,-18.558304328927616,-18.15135579327639,-17.751117623602724,-17.357589819906607,-16.97077238218803,-16.590665310447026,-16.21726860468358,-15.850582264897682,-15.490606291089325,-15.137340683258541,-14.790785441405292,-14.450940565529619,-14.11780605563148,-14.0,-14.0,-14.0,-14.0,-14.0,-14.0,-14.0,-14.0,-14.0,-14.0,-14.0,-14.0,-14.0,-14.0,-14.0,-14.0,-14.0,-14.0,-14.0,-14.0,-70.0,-70.0,-70.0,-70.0,-70.0,-70.0,-70.0,-70.0,False,False,False,True,False,False,False
3300,0.117307957868172,-20.985232352802903,-20.543441443129886,-20.108279575383946,-19.67974674956509,-19.257842965673316,-18.842568223708614,-18.433922523670976,-18.031905865560432,-17.63651824937697,-17.247759675120584,-16.865630142791257,-16.490129652389033,-16.121258203913886,-15.759015797365816,-15.403402432744807,-15.054418110050896,-14.712062829284045,-14.376336590444293,-14.0472393935316,-14.0,-14.0,-14.0,-14.0,-14.0,-14.0,-14.0,-14.0,-14.0,-14.0,-14.0,-14.0,-14.0,-14.0,-14.0,-14.0,-14.0,-14.0,-14.0,-14.0,-70.0,-70.0,-70.0,-70.0,-70.0,-70.0,-70.0,-70.0,False,False,False,True,False,False,False
3350,0.117307957868172,-20.83401854011588,-20.397491480433473,-19.967514478974493,-19.54408753573894,-19.12721065072682,-18.716883823938122,-18.313107055372836,-17.915880345030992,-17.525203692912577,-17.14107709901759,-16.76350056334601,-16.392474085897877,-16.02799766667317,-15.67007130567189,-15.31869500289402,-14.973868758339595,-14.63559257200858,-14.30386644390101,-14.0,-14.0,-14.0,-14.0,-14.0,-14.0,-14.0,-14.0,-14.0,-14.0,-14.0,-14.0,-14.0,-14.0,-14.0,-14.0,-14.0,-14.0,-14.0,-14.0,-14.0,-70.0,-70.0,-70.0,-70.0,-70.0,-70.0,-70.0,-70.0,False,False,False,True,False,False,False
3400,0.117307957868172,-20.687067821556017,-20.255655830472808,-19.830717146363817,-19.412251769229055,-19.000259699068522,-18.594740935882207,-18.1956954796701,-17.803123330432232,-17.417024488168593,-17.037398952879176,-16.664246724563963,-16.297567803222996,-15.93736218885625,-15.58362988146373,-15.236370881045415,-14.895585187601343,-14.561272801131478,-14.233433721635855,-14.0,-14.0,-14.0,-14.0,-14.0,-14.0,-14.0,-14.0,-14.0,-14.0,-14.0,-14.0,-14.0,-14.0,-14.0,-14.0,-14.0,-14.0,-14.0,-14.0,-14.0,-70.0,-70.0,-70.0,-70.0,-70.0,-70.0,-70.0,-70.0,False,False,False,True,False,False,False
3450,0.117307957868172,-20.544188108782507,-20.117749176061825,-19.697708929919905,-19.284067370356752,-18.876824497372365,-18.475980310966737,-18.081534811139854,-17.69348799789175,-17.31183987122241,-16.936590431131833,-16.56773967762,-16.205287610686952,-15.849234230332662,-15.499579536557137,-15.156323529360357,-14.819466208742357,-14.489007574703104,-14.164947627242631,-14.0,-14.0,-14.0,-14.0,-14.0,-14.0,-14.0,-14.0,-14.0,-14.0,-14.0,-14.0,-14.0,-14.0,-14.0,-14.0,-14.0,-14.0,-14.0,-14.0,-14.0,-70.0,-70.0,-70.0,-70.0,-70.0,-70.0,-70.0,-70.0,False,False,False,True,False,False,False
3500,0.117307957868172,-20.40519835111284,-19.9835968480831,-19.568321446335457,-19.159372145869916,-18.756748946686486,-18.360451848785154,-17.970480852165906,-17.586835956828775,-17.20951716277375,-16.838524470000827,-16.473857878509985,-16.115517388301267,-15.763502999374651,-15.417814711730138,-15.078452525367707,-14.745416440287398,-14.418706456489174,-14.09832257397307,-14.0,-14.0,-14.0,-14.0,-14.0,-14.0,-14.0,-14.0,-14.0,-14.0,-14.0,-14.0,-14.0,-14.0,-14.0,-14.0,-14.0,-14.0,-14.0,-14.0,-14.0,-70.0,-70.0,-70.0,-70.0,-70.0,-70.0,-70.0,-70.0,False,False,False,True,False,False,False
3550,0.117307957868172,-20.269927763943702,-19.853034081117293,-19.44239585905769,-19.03801309776489,-18.639885797238904,-18.248013957479714,-17.862397578487315,-17.483036660261735,-17.10993120280296,-16.743081206110993,-16.38248667018581,-16.028147595027452,-15.680063980635897,-15.338235827011149,-15.002663134153186,-14.673345902062048,-14.350284130737695,-14.033477820180165,-14.0,-14.0,-14.0,-14.0,-14.0,-14.0,-14.0,-14.0,-14.0,-14.0,-14.0,-14.0,-14.0,-14.0,-14.0,-14.0,-14.0,-14.0,-14.0,-14.0,-14.0,-70.0,-70.0,-70.0,-70.0,-70.0,-70.0,-70.0,-70.0,False,False,False,True,False,False,False
3600,0.117307957868172,-20.138215121408166,-19.725905331044782,-19.31978222046004,-18.919845789653948,-18.52609603862651,-18.13853296737771,-17.757156575907544,-17.381966864216036,-17.01296383230318,-16.650147480168968,-16.293517807813387,-15.943074815236468,-15.5988185024382,-15.260748869418574,-14.928865916177578,-14.603169642715248,-14.283660049031548,-14.0,-14.0,-14.0,-14.0,-14.0,-14.0,-14.0,-14.0,-14.0,-14.0,-14.0,-14.0,-14.0,-14.0,-14.0,-14.0,-14.0,-14.0,-14.0,-14.0,-14.0,-14.0,-70.0,-70.0,-70.0,-70.0,-70.0,-70.0,-70.0,-70.0,False,False,False,True,False,False,False
3650,0.117307957868172,-20.00990810709753,-19.60206364866506,-19.200338868015628,-18.804733765149237,-18.415248340065897,-18.03188259276559,-17.65463652324831,-17.283510131514088,-16.918503417562906,-16.55961638139477,-16.206849023009653,-15.860201342407596,-15.519673339588582,-15.18526501455261,-14.856976367299659,-14.53480739782977,-14.218758106142904,-14.0,-14.0,-14.0,-14.0,-14.0,-14.0,-14.0,-14.0,-14.0,-14.0,-14.0,-14.0,-14.0,-14.0,-14.0,-14.0,-14.0,-14.0,-14.0,-14.0,-14.0,-14.0,-70.0,-70.0,-70.0,-70.0,-70.0,-70.0,-70.0,-70.0,False,False,False,True,False,False,False
3700,0.117307957868172,-19.884862717343776,-19.481370104024045,-19.08393186935357,-18.692548013332367,-18.307218535960427,-17.92794343723775,-17.554722717164317,-17.18755637574017,-16.82644441296528,-16.47138682883966,-16.12238362336328,-15.779434796536187,-15.442540348358355,-15.111700278829787,-14.786914587950466,-14.468183275720426,-14.155506342139633,-14.0,-14.0,-14.0,-14.0,-14.0,-14.0,-14.0,-14.0,-14.0,-14.0,-14.0,-14.0,-14.0,-14.0,-14.0,-14.0,-14.0,-14.0,-14.0,-14.0,-14.0,-14.0,-70.0,-70.0,-70.0,-70.0,-70.0,-70.0,-70.0,-70.0,False,False,False,True,False,False,False
3750,0.117307957868172,-19.762942712146323,-19.36369325670608,-18.97043451162572,-18.58316647690523,-18.201889152544624,-17.826602538543884,-17.457306634903006,-17.094001441622016,-16.736686958700904,-16.385363186139667,-16.040030123938287,-15.7006877720968,-15.367336130615186,-15.03997519949345,-14.718604978731571,-14.403225468329584,-14.093836668287455,-14.0,-14.0,-14.0,-14.0,-14.0,-14.0,-14.0,-14.0,-14.0,-14.0,-14.0,-14.0,-14.0,-14.0,-14.0,-14.0,-14.0,-14.0,-14.0,-14.0,-14.0,-14.0,-70.0,-70.0,-70.0,-70.0,-70.0,-70.0,-70.0,-70.0,False,False,False,True,False,False,False
3800,0.117307957868172,-19.644019109344665,-19.24890866784736,-18.859726831093074,-18.476473599081814,-18.099148971813584,-17.727752949288373,-17.36228553150617,-17.002746718467005,-16.649136510170866,-16.301454906617753,-15.959701907807645,-15.623877513740577,-15.293981724416534,-14.970014539835514,-14.651975959997502,-14.33986598490253,-14.033684614550566,-14.0,-14.0,-14.0,-14.0,-14.0,-14.0,-14.0,-14.0,-14.0,-14.0,-14.0,-14.0,-14.0,-14.0,-14.0,-14.0,-14.0,-14.0,-14.0,-14.0,-14.0,-14.0,-70.0,-70.0,-70.0,-70.0,-70.0,-70.0,-70.0,-70.0,False,False,False,True,False,False,False
3850,0.117307957868172,-19.52796971809608,-19.13689845006867,-18.751695179266797,-18.372359905690463,-17.998892629339675,-17.63129335021442,-17.269562068314688,-16.91369878364051,-16.563703496191874,-16.219576205968774,-15.881316912971197,-15.548925617199178,-15.222402318652696,-14.901747017331752,-14.586959713236332,-14.278040406366468,-14.0,-14.0,-14.0,-14.0,-14.0,-14.0,-14.0,-14.0,-14.0,-14.0,-14.0,-14.0,-14.0,-14.0,-14.0,-14.0,-14.0,-14.0,-14.0,-14.0,-14.0,-14.0,-14.0,-70.0,-70.0,-70.0,-70.0,-70.0,-70.0,-70.0,-70.0,False,False,False,True,False,False,False
3900,0.117307957868172,-19.414678708122036,-19.02755085191598,-18.646231822314864,-18.270721619318692,-17.901020242927466,-17.53712769314118,-17.179043969959817,-16.826769073383414,-16.48030300341195,-16.139645760045433,-15.804797343283836,-15.475757753127201,-15.152526989575506,-14.835105052628753,-14.523491942286928,-14.217687658550059,-14.0,-14.0,-14.0,-14.0,-14.0,-14.0,-14.0,-14.0,-14.0,-14.0,-14.0,-14.0,-14.0,-14.0,-14.0,-14.0,-14.0,-14.0,-14.0,-14.0,-14.0,-14.0,-14.0,-70.0,-70.0,-70.0,-70.0,-70.0,-70.0,-70.0,-70.0,False,False,False,True,False,False,False
3950,0.117307957868172,-19.30403621154574,-18.92075987374309,-18.543234570779138,-18.17146030265389,-17.805437069367347,-17.445164870919502,-17.090643707310342,-16.7418735785399,-16.398854484608155,-16.061586425515117,-15.73006940126076,-15.404303411845122,-15.084288457268185,-14.770024537529949,-14.461511652630398,-14.158749802569565,-14.0,-14.0,-14.0,-14.0,-14.0,-14.0,-14.0,-14.0,-14.0,-14.0,-14.0,-14.0,-14.0,-14.0,-14.0,-14.0,-14.0,-14.0,-14.0,-14.0,-14.0,-14.0,-14.0,-70.0,-70.0,-70.0,-70.0,-70.0,-70.0,-70.0,-70.0,False,False,False,True,False,False,False
4000,0.117307957868172,-19.195937954461296,-18.816424912277725,-18.442606436943365,-18.074482528458223,-17.7120531868223,-17.355318412035587,-17.004278204098068,-16.65893256300978,-16.31928148877071,-15.985324981380854,-15.657063040840194,-15.334495667148767,-15.017622860306552,-14.706444620313551,-14.400960947169748,-14.101171840875176,-14.0,-14.0,-14.0,-14.0,-14.0,-14.0,-14.0,-14.0,-14.0,-14.0,-14.0,-14.0,-14.0,-14.0,-14.0,-14.0,-14.0,-14.0,-14.0,-14.0,-14.0,-14.0,-14.0,-70.0,-70.0,-70.0,-70.0,-70.0,-70.0,-70.0,-70.0,False,False,False,True,False,False,False
4050,0.117307957868172,-19.090284915657872,-18.71445043138529,-18.344255317455865,-17.979699573869592,-17.620783200626477,-17.267506197726515,-16.919868565169686,-16.57787030295603,-16.24151141108553,-15.91079188955818,-15.585711738373968,-15.266270957532928,-14.952469547035042,-14.64430750688031,-14.341784837068715,-14.04490153760029,-14.0,-14.0,-14.0,-14.0,-14.0,-14.0,-14.0,-14.0,-14.0,-14.0,-14.0,-14.0,-14.0,-14.0,-14.0,-14.0,-14.0,-14.0,-14.0,-14.0,-14.0,-14.0,-14.0,-70.0,-70.0,-70.0,-70.0,-70.0,-70.0,-70.0,-70.0,False,False,False,True,False,False,False
4100,0.117307957868172,-18.986983010174136,-18.614745656787477,-18.24809369904477,-17.887027136946013,-17.531545970491216,-17.181650199680366,-16.83733982451345,-16.4986148449905,-16.165475261111503,-15.837921072876457,-15.515952280285347,-15.199568883338204,-14.888770882035013,-14.583558276375774,-14.28393106636047,-14.0,-14.0,-14.0,-14.0,-14.0,-14.0,-14.0,-14.0,-14.0,-14.0,-14.0,-14.0,-14.0,-14.0,-14.0,-14.0,-14.0,-14.0,-14.0,-14.0,-14.0,-14.0,-14.0,-14.0,-70.0,-70.0,-70.0,-70.0,-70.0,-70.0,-70.0,-70.0,False,False,False,True,False,False,False
4150,0.117307957868172,-18.885942795582626,-18.51722429270943,-18.154038385372534,-17.79638507357194,-17.44426435730766,-17.097676236579673,-16.756620711387978,-16.4210977817326,-16.091107447613524,-15.766649709030752,-15.447724565984265,-15.1343320184741,-14.826472066500235,-14.524144710062675,-14.227349949161402,-14.0,-14.0,-14.0,-14.0,-14.0,-14.0,-14.0,-14.0,-14.0,-14.0,-14.0,-14.0,-14.0,-14.0,-14.0,-14.0,-14.0,-14.0,-14.0,-14.0,-14.0,-14.0,-14.0,-14.0,-70.0,-70.0,-70.0,-70.0,-70.0,-70.0,-70.0,-70.0,False,False,False,True,False,False,False
4200,0.117307957868172,-18.787079199104323,-18.421804258622732,-18.06201024326284,-17.707697153024643,-17.35886498790815,-17.015513747913346,-16.67764343304022,-16.345254043288808,-16.01834557865909,-15.696918039151072,-15.38097142476473,-15.070505735500102,-14.76552097135717,-14.466017132335931,-14.171994218436376,-14.0,-14.0,-14.0,-14.0,-14.0,-14.0,-14.0,-14.0,-14.0,-14.0,-14.0,-14.0,-14.0,-14.0,-14.0,-14.0,-14.0,-14.0,-14.0,-14.0,-14.0,-14.0,-14.0,-14.0,-70.0,-70.0,-70.0,-70.0,-70.0,-70.0,-70.0,-70.0,False,False,False,True,False,False,False
4250,0.117307957868172,-18.690311263832776,-18.328407444424247,-17.971933966699762,-17.62089083065932,-17.27527803630293,-16.935095583630574,-16.60034347264225,-16.271021703337986,-15.947130275717765,-15.628669189781588,-15.31563844552944,-15.008038042961353,-14.705867982077308,-14.409128262877308,-14.117818885361338,-14.0,-14.0,-14.0,-14.0,-14.0,-14.0,-14.0,-14.0,-14.0,-14.0,-14.0,-14.0,-14.0,-14.0,-14.0,-14.0,-14.0,-14.0,-14.0,-14.0,-14.0,-14.0,-14.0,-14.0,-70.0,-70.0,-70.0,-70.0,-70.0,-70.0,-70.0,-70.0,False,False,False,True,False,False,False
4300,0.117307957868172,-18.595561912507762,-18.236959482545693,-17.88373785714823,-17.535897036315376,-17.193437020047135,-16.8563578083435,-16.524659401204453,-16.198341798630032,-15.87740500062022,-15.561849007175015,-15.251673818294403,-14.946879433978415,-14.647465854227034,-14.353433079040261,-14.064781108418083,-14.0,-14.0,-14.0,-14.0,-14.0,-14.0,-14.0,-14.0,-14.0,-14.0,-14.0,-14.0,-14.0,-14.0,-14.0,-14.0,-14.0,-14.0,-14.0,-14.0,-14.0,-14.0,-14.0,-14.0,-70.0,-70.0,-70.0,-70.0,-70.0,-70.0,-70.0,-70.0,False,False,False,True,False,False,False
4350,0.117307957868172,-18.502757727422203,-18.147389535627767,-17.797353618878773,-17.452649977175234,-17.113278610517145,-16.779239518904504,-16.450532702337295,-16.127158160815547,-15.809115894339252,-15.496405902908403,-15.18902818652299,-14.886982745183039,-14.590269578888538,-14.298888687639485,-14.012840071435866,-14.0,-14.0,-14.0,-14.0,-14.0,-14.0,-14.0,-14.0,-14.0,-14.0,-14.0,-14.0,-14.0,-14.0,-14.0,-14.0,-14.0,-14.0,-14.0,-14.0,-14.0,-14.0,-14.0,-14.0,-70.0,-70.0,-70.0,-70.0,-70.0,-70.0,-70.0,-70.0,False,False,False,True,False,False,False
4400,0.117307957868172,-18.411828745175356,-18.059630098517058,-17.712716168099497,-17.371086953922674,-17.03474245598659,-16.703682674291233,-16.3779076088366,-16.057417259622717,-15.74221162664957,-15.43229070991716,-15.127654509425467,-14.828303025174527,-14.534236257164322,-14.245454205394852,-14.0,-14.0,-14.0,-14.0,-14.0,-14.0,-14.0,-14.0,-14.0,-14.0,-14.0,-14.0,-14.0,-14.0,-14.0,-14.0,-14.0,-14.0,-14.0,-14.0,-14.0,-14.0,-14.0,-14.0,-14.0,-70.0,-70.0,-70.0,-70.0,-70.0,-70.0,-70.0,-70.0,False,False,False,True,False,False,False
4450,0.117307957868172,-18.32270826510131,-17.973616813456193,-17.629763454806362,-17.291148189151823,-16.957771016492575,-16.629631936828613,-16.306730950159924,-15.98906805648654,-15.676643255808441,-15.369456548125633,-15.067507933438097,-14.770797411745868,-14.479324983048922,-14.193090647347267,-14.0,-14.0,-14.0,-14.0,-14.0,-14.0,-14.0,-14.0,-14.0,-14.0,-14.0,-14.0,-14.0,-14.0,-14.0,-14.0,-14.0,-14.0,-14.0,-14.0,-14.0,-14.0,-14.0,-14.0,-14.0,-70.0,-70.0,-70.0,-70.0,-70.0,-70.0,-70.0,-70.0,False,False,False,True,False,False,False
4500,0.117307957868172,-18.23533267030635,-17.889288297438245,-17.548436296359935,-17.212776667071417,-16.882309409572695,-16.55703452386376,-16.236952009944602,-15.922061867815248,-15.612364097475686,-15.307858698925916,-15.008545672165921,-14.714425017195733,-14.425496734015336,-14.141760822624729,-14.0,-14.0,-14.0,-14.0,-14.0,-14.0,-14.0,-14.0,-14.0,-14.0,-14.0,-14.0,-14.0,-14.0,-14.0,-14.0,-14.0,-14.0,-14.0,-14.0,-14.0,-14.0,-14.0,-14.0,-14.0,-70.0,-70.0,-70.0,-70.0,-70.0,-70.0,-70.0,-70.0,False,False,False,True,False,False,False
4550,0.117307957868172,-18.14964126034291,-17.80658598078757,-17.46867822188439,-17.135917983633366,-16.80830526603451,-16.485840069087804,-16.168522392793246,-15.856352237150862,-15.549329602160638,-15.247454487822573,-14.950726894136652,-14.659146821102906,-14.37271426872132,-14.091429236991893,-14.0,-14.0,-14.0,-14.0,-14.0,-14.0,-14.0,-14.0,-14.0,-14.0,-14.0,-14.0,-14.0,-14.0,-14.0,-14.0,-14.0,-14.0,-14.0,-14.0,-14.0,-14.0,-14.0,-14.0,-14.0,-70.0,-70.0,-70.0,-70.0,-70.0,-70.0,-70.0,-70.0,False,False,False,True,False,False,False
4600,0.117307957868172,-18.065576094632796,-17.72545395611085,-17.390435326663496,-17.060520206290743,-16.735708594992584,-16.41600049276902,-16.10139589962003,-15.791894815545653,-15.48749724054587,-15.188203174620684,-14.894012617770077,-14.60492556999408,-14.320942031292676,-14.042062001665867,-14.0,-14.0,-14.0,-14.0,-14.0,-14.0,-14.0,-14.0,-14.0,-14.0,-14.0,-14.0,-14.0,-14.0,-14.0,-14.0,-14.0,-14.0,-14.0,-14.0,-14.0,-14.0,-14.0,-14.0,-14.0,-70.0,-70.0,-70.0,-70.0,-70.0,-70.0,-70.0,-70.0,False,False,False,True,False,False,False
4650,0.117307957868172,-17.98308184582902,-17.64583883683646,-17.3136561357798,-16.986533742659038,-16.664471657474177,-16.347469880225212,-16.03552841091213,-15.728647249534959,-15.426826396093686,-15.130065850588311,-14.83836561301882,-14.551725683385241,-14.27014606168756,-14.0,-14.0,-14.0,-14.0,-14.0,-14.0,-14.0,-14.0,-14.0,-14.0,-14.0,-14.0,-14.0,-14.0,-14.0,-14.0,-14.0,-14.0,-14.0,-14.0,-14.0,-14.0,-14.0,-14.0,-14.0,-14.0,-70.0,-70.0,-70.0,-70.0,-70.0,-70.0,-70.0,-70.0,False,False,False,True,False,False,False
4700,0.117307957868172,-17.90210566237504,-17.56768962462693,-17.238291476307463,-16.913911217416643,-16.594548847954474,-16.280204367920945,-15.97087777731605,-15.666569076139812,-15.367278264392219,-15.073005342073273,-14.783750309182956,-14.4995131657213,-14.22029391168829,-14.0,-14.0,-14.0,-14.0,-14.0,-14.0,-14.0,-14.0,-14.0,-14.0,-14.0,-14.0,-14.0,-14.0,-14.0,-14.0,-14.0,-14.0,-14.0,-14.0,-14.0,-14.0,-14.0,-14.0,-14.0,-14.0,-70.0,-70.0,-70.0,-70.0,-70.0,-70.0,-70.0,-70.0,False,False,False,True,False,False,False
4750,0.117307957868172,-17.822597039582952,-17.490957585010037,-17.164294357427995,-16.842607356836826,-16.525896583236534,-16.214162036627112,-15.90740371700855,-15.605621624380875,-15.308815758744075,-15.016986120098148,-14.73013270844308,-14.448255523778899,-14.171354566105594,-14.0,-14.0,-14.0,-14.0,-14.0,-14.0,-14.0,-14.0,-14.0,-14.0,-14.0,-14.0,-14.0,-14.0,-14.0,-14.0,-14.0,-14.0,-14.0,-14.0,-14.0,-14.0,-14.0,-14.0,-14.0,-14.0,-70.0,-70.0,-70.0,-70.0,-70.0,-70.0,-70.0,-70.0,False,False,False,True,False,False,False
4800,0.117307957868172,-17.74450769860911,-17.415596130628927,-17.091619857890684,-16.772578880394384,-16.45847319814003,-16.149302811127612,-15.845067719357122,-15.545767922828585,-15.251403421541989,-14.961974215497333,-14.677480304694605,-14.397921689133831,-14.123298368814996,-14.0,-14.0,-14.0,-14.0,-14.0,-14.0,-14.0,-14.0,-14.0,-14.0,-14.0,-14.0,-14.0,-14.0,-14.0,-14.0,-14.0,-14.0,-14.0,-14.0,-14.0,-14.0,-14.0,-14.0,-14.0,-14.0,-70.0,-70.0,-70.0,-70.0,-70.0,-70.0,-70.0,-70.0,False,False,False,True,False,False,False
4850,0.117307957868172,-17.66779147275716,-17.341560711561332,-17.020225020287768,-16.703784398936467,-16.392238847507436,-16.085588366000664,-15.783832954416141,-15.486972612753897,-15.195007341013918,-14.907937139196203,-14.625762007300736,-14.34848194532755,-14.076096953276625,-14.0,-14.0,-14.0,-14.0,-14.0,-14.0,-14.0,-14.0,-14.0,-14.0,-14.0,-14.0,-14.0,-14.0,-14.0,-14.0,-14.0,-14.0,-14.0,-14.0,-14.0,-14.0,-14.0,-14.0,-14.0,-14.0,-70.0,-70.0,-70.0,-70.0,-70.0,-70.0,-70.0,-70.0,False,False,False,True,False,False,False
4900,0.117307957868172,-17.59240420058559,-17.268808712203384,-16.95006875165783,-16.636184318948935,-16.327155414076703,-16.02298203704112,-15.723664187842184,-15.429201866479916,-15.139595072954306,-14.854843807265352,-14.574948069413042,-14.2999078593974,-14.029723177218417,-14.0,-14.0,-14.0,-14.0,-14.0,-14.0,-14.0,-14.0,-14.0,-14.0,-14.0,-14.0,-14.0,-14.0,-14.0,-14.0,-14.0,-14.0,-14.0,-14.0,-14.0,-14.0,-14.0,-14.0,-14.0,-14.0,-70.0,-70.0,-70.0,-70.0,-70.0,-70.0,-70.0,-70.0,False,False,False,True,False,False,False
4950,0.117307957868172,-17.51830362533919,-17.19729935425443,-16.881111729970677,-16.569740752487938,-16.263186421806214,-15.9614487379255,-15.66452770084578,-15.372423310567084,-15.085135567089402,-14.80266447041273,-14.525010020537055,-14.252172217462405,-14.0,-14.0,-14.0,-14.0,-14.0,-14.0,-14.0,-14.0,-14.0,-14.0,-14.0,-14.0,-14.0,-14.0,-14.0,-14.0,-14.0,-14.0,-14.0,-14.0,-14.0,-14.0,-14.0,-14.0,-14.0,-14.0,-14.0,-70.0,-70.0,-70.0,-70.0,-70.0,-70.0,-70.0,-70.0,False,False,False,True,False,False,False
5000,0.117307957868172,-17.445449300262794,-17.126993605376754,-16.8133163160828,-16.50441743238094,-16.200296954271177,-15.9009548817535,-15.6063912148279,-15.316605953494406,-15.031599097753002,-14.751370647603691,-14.475920603046456,-14.205248964081328,-14.0,-14.0,-14.0,-14.0,-14.0,-14.0,-14.0,-14.0,-14.0,-14.0,-14.0,-14.0,-14.0,-14.0,-14.0,-14.0,-14.0,-14.0,-14.0,-14.0,-14.0,-14.0,-14.0,-14.0,-14.0,-14.0,-14.0,-70.0,-70.0,-70.0,-70.0,-70.0,-70.0,-70.0,-70.0,False,False,False,True,False,False,False
5050,0.117307957868172,-17.373802499390944,-17.05785409313814,-16.74664647078556,-16.440179632333205,-16.13845357778108,-15.841468307129176,-15.549223820377483,-15.261720117526028,-14.9789571985748,-14.700935063523797,-14.427653712373004,-14.15911314512245,-14.0,-14.0,-14.0,-14.0,-14.0,-14.0,-14.0,-14.0,-14.0,-14.0,-14.0,-14.0,-14.0,-14.0,-14.0,-14.0,-14.0,-14.0,-14.0,-14.0,-14.0,-14.0,-14.0,-14.0,-14.0,-14.0,-14.0,-70.0,-70.0,-70.0,-70.0,-70.0,-70.0,-70.0,-70.0,False,False,False,True,False,False,False
5100,0.117307957868172,-17.303326133439146,-16.989845023876214,-16.681067676597976,-16.376994091604427,-16.07762426889558,-15.782958208471419,-15.492995910331937,-15.207737374477158,-14.927182600907075,-14.651331589621684,-14.380184340620971,-14.113740853904964,-14.0,-14.0,-14.0,-14.0,-14.0,-14.0,-14.0,-14.0,-14.0,-14.0,-14.0,-14.0,-14.0,-14.0,-14.0,-14.0,-14.0,-14.0,-14.0,-14.0,-14.0,-14.0,-14.0,-14.0,-14.0,-14.0,-14.0,-70.0,-70.0,-70.0,-70.0,-70.0,-70.0,-70.0,-70.0,False,False,False,True,False,False,False
5150,0.117307957868172,-17.233984670451942,-16.92293210615187,-16.616546863983423,-16.314828943946612,-16.01777834604144,-15.725395070267892,-15.437679116625963,-15.154630485115678,-14.876249175737026,-14.602535188490007,-14.333488523374605,-14.06910918039085,-14.0,-14.0,-14.0,-14.0,-14.0,-14.0,-14.0,-14.0,-14.0,-14.0,-14.0,-14.0,-14.0,-14.0,-14.0,-14.0,-14.0,-14.0,-14.0,-14.0,-14.0,-14.0,-14.0,-14.0,-14.0,-14.0,-14.0,-70.0,-70.0,-70.0,-70.0,-70.0,-70.0,-70.0,-70.0,False,False,False,True,False,False,False
5200,0.117307957868172,-17.165744060889644,-16.857082478484866,-16.553052341694375,-16.25365365051818,-15.958886404956287,-15.668750605008679,-15.383246250675354,-15.102373341956334,-14.826131878851607,-14.554521861361176,-14.287543289485022,-14.025196163223177,-14.0,-14.0,-14.0,-14.0,-14.0,-14.0,-14.0,-14.0,-14.0,-14.0,-14.0,-14.0,-14.0,-14.0,-14.0,-14.0,-14.0,-14.0,-14.0,-14.0,-14.0,-14.0,-14.0,-14.0,-14.0,-14.0,-14.0,-70.0,-70.0,-70.0,-70.0,-70.0,-70.0,-70.0,-70.0,False,False,False,True,False,False,False
5250,0.117307957868172,-17.098571666860195,-16.792264641088437,-16.490553730972163,-16.193438936511374,-15.90092025770608,-15.612997694556267,-15.329671247061928,-15.050940915223089,-14.776806699039735,-14.50726859851187,-14.242326613639477,-14.0,-14.0,-14.0,-14.0,-14.0,-14.0,-14.0,-14.0,-14.0,-14.0,-14.0,-14.0,-14.0,-14.0,-14.0,-14.0,-14.0,-14.0,-14.0,-14.0,-14.0,-14.0,-14.0,-14.0,-14.0,-14.0,-14.0,-14.0,-70.0,-70.0,-70.0,-70.0,-70.0,-70.0,-70.0,-70.0,False,False,False,True,False,False,False
5300,0.117307957868172,-17.032436195224914,-16.72844839134118,-16.429021903349515,-16.134156731249927,-15.84385287504242,-15.558110334726985,-15.27692911030361,-15.000309201772327,-14.728250609133116,-14.460753332385982,-14.19781737153091,-14.0,-14.0,-14.0,-14.0,-14.0,-14.0,-14.0,-14.0,-14.0,-14.0,-14.0,-14.0,-14.0,-14.0,-14.0,-14.0,-14.0,-14.0,-14.0,-14.0,-14.0,-14.0,-14.0,-14.0,-14.0,-14.0,-14.0,-14.0,-70.0,-70.0,-70.0,-70.0,-70.0,-70.0,-70.0,-70.0,False,False,False,True,False,False,False
5350,0.117307957868172,-16.967307634327504,-16.665604762754437,-16.368428921822762,-16.07578011153248,-15.787658331883595,-15.504063582876096,-15.224995864509976,-14.95045517678526,-14.680441519701935,-14.414954893260003,-14.15399529745945,-14.0,-14.0,-14.0,-14.0,-14.0,-14.0,-14.0,-14.0,-14.0,-14.0,-14.0,-14.0,-14.0,-14.0,-14.0,-14.0,-14.0,-14.0,-14.0,-14.0,-14.0,-14.0,-14.0,-14.0,-14.0,-14.0,-14.0,-14.0,-70.0,-70.0,-70.0,-70.0,-70.0,-70.0,-70.0,-70.0,False,False,False,True,False,False,False
5400,0.117307957868172,-16.90315719411433,-16.60370596721143,-16.30874798517797,-16.018283248013955,-15.732311755719383,-15.450833508294252,-15.173848505738551,-14.901356748052304,-14.6333582352355,-14.36985296728814,-14.110840944210207,-14.0,-14.0,-14.0,-14.0,-14.0,-14.0,-14.0,-14.0,-14.0,-14.0,-14.0,-14.0,-14.0,-14.0,-14.0,-14.0,-14.0,-14.0,-14.0,-14.0,-14.0,-14.0,-14.0,-14.0,-14.0,-14.0,-14.0,-14.0,-70.0,-70.0,-70.0,-70.0,-70.0,-70.0,-70.0,-70.0,False,False,False,True,False,False,False
5450,0.117307957868172,-16.839957249431393,-16.54272534027098,-16.24995337527136,-15.961641354432544,-15.67778927775453,-15.398397145237311,-15.123464956880877,-14.852992712685255,-14.58698041265043,-14.325428056776406,-14.068335645063167,-14.0,-14.0,-14.0,-14.0,-14.0,-14.0,-14.0,-14.0,-14.0,-14.0,-14.0,-14.0,-14.0,-14.0,-14.0,-14.0,-14.0,-14.0,-14.0,-14.0,-14.0,-14.0,-14.0,-14.0,-14.0,-14.0,-14.0,-14.0,-70.0,-70.0,-70.0,-70.0,-70.0,-70.0,-70.0,-70.0,False,False,False,True,False,False,False
5500,0.117307957868172,-16.777681286298986,-16.48263728934399,-16.192020407079056,-15.905830639504176,-15.62406798661936,-15.3467324484246,-15.073824024919883,-14.805342716105239,-14.541288521980652,-14.281661442546124,-14.026461477801641,-14.0,-14.0,-14.0,-14.0,-14.0,-14.0,-14.0,-14.0,-14.0,-14.0,-14.0,-14.0,-14.0,-14.0,-14.0,-14.0,-14.0,-14.0,-14.0,-14.0,-14.0,-14.0,-14.0,-14.0,-14.0,-14.0,-14.0,-14.0,-70.0,-70.0,-70.0,-70.0,-70.0,-70.0,-70.0,-70.0,False,False,False,True,False,False,False
5550,0.117307957868172,-16.716303850979752,-16.42341724456478,-16.134925381344598,-15.8508282613192,-15.571125884488598,-15.29581825085278,-15.024905360411736,-14.758387213165493,-14.496263809114039,-14.238535148257371,-14.0,-14.0,-14.0,-14.0,-14.0,-14.0,-14.0,-14.0,-14.0,-14.0,-14.0,-14.0,-14.0,-14.0,-14.0,-14.0,-14.0,-14.0,-14.0,-14.0,-14.0,-14.0,-14.0,-14.0,-14.0,-14.0,-14.0,-14.0,-14.0,-70.0,-70.0,-70.0,-70.0,-70.0,-70.0,-70.0,-70.0,False,False,False,True,False,False,False
5600,0.117307957868172,-16.655800501669003,-16.365041612192176,-16.078645539665207,-15.79661228408809,-15.51894184546083,-15.245634223783421,-14.976689419055853,-14.712107431278152,-14.451888260450305,-14.196031906572312,-14.0,-14.0,-14.0,-14.0,-14.0,-14.0,-14.0,-14.0,-14.0,-14.0,-14.0,-14.0,-14.0,-14.0,-14.0,-14.0,-14.0,-14.0,-14.0,-14.0,-14.0,-14.0,-14.0,-14.0,-14.0,-14.0,-14.0,-14.0,-14.0,-70.0,-70.0,-70.0,-70.0,-70.0,-70.0,-70.0,-70.0,False,False,False,True,False,False,False
5650,0.117307957868172,-16.596147762648528,-16.307487730387244,-16.023159021869013,-15.743161637093838,-15.467495576061719,-15.19616083877265,-14.929157425226624,-14.66648533542366,-14.408144569363753,-14.1541351270469,-14.0,-14.0,-14.0,-14.0,-14.0,-14.0,-14.0,-14.0,-14.0,-14.0,-14.0,-14.0,-14.0,-14.0,-14.0,-14.0,-14.0,-14.0,-14.0,-14.0,-14.0,-14.0,-14.0,-14.0,-14.0,-14.0,-14.0,-14.0,-14.0,-70.0,-70.0,-70.0,-70.0,-70.0,-70.0,-70.0,-70.0,False,False,False,True,False,False,False
5700,0.117307957868172,-16.537323080756366,-16.250733827225236,-15.968444825546086,-15.690456075718913,-15.416767577743721,-15.147379331620503,-14.88229133734925,-14.621503594929985,-14.365016104362699,-14.112828865647389,-14.0,-14.0,-14.0,-14.0,-14.0,-14.0,-14.0,-14.0,-14.0,-14.0,-14.0,-14.0,-14.0,-14.0,-14.0,-14.0,-14.0,-14.0,-14.0,-14.0,-14.0,-14.0,-14.0,-14.0,-14.0,-14.0,-14.0,-14.0,-14.0,-70.0,-70.0,-70.0,-70.0,-70.0,-70.0,-70.0,-70.0,False,False,False,True,False,False,False
5750,0.117307957868172,-16.479304784035275,-16.194758980809432,-15.914482767605607,-15.638476144423802,-15.36673911126402,-15.099271668126253,-14.836073815010492,-14.577145551916761,-14.32248687884505,-14.072097795795356,-14.0,-14.0,-14.0,-14.0,-14.0,-14.0,-14.0,-14.0,-14.0,-14.0,-14.0,-14.0,-14.0,-14.0,-14.0,-14.0,-14.0,-14.0,-14.0,-14.0,-14.0,-14.0,-14.0,-14.0,-14.0,-14.0,-14.0,-14.0,-14.0,-70.0,-70.0,-70.0,-70.0,-70.0,-70.0,-70.0,-70.0,False,False,False,True,False,False,False
5800,0.117307957868172,-16.422072042432436,-16.13954308136378,-15.861253447740596,-15.58720314156289,-15.317392162830663,-15.051820511543907,-14.790488187702614,-14.533395191306807,-14.280541522356476,-14.03192718085162,-14.0,-14.0,-14.0,-14.0,-14.0,-14.0,-14.0,-14.0,-14.0,-14.0,-14.0,-14.0,-14.0,-14.0,-14.0,-14.0,-14.0,-14.0,-14.0,-14.0,-14.0,-14.0,-14.0,-14.0,-14.0,-14.0,-14.0,-14.0,-14.0,-70.0,-70.0,-70.0,-70.0,-70.0,-70.0,-70.0,-70.0,False,False,False,True,False,False,False
5850,0.117307957868172,-16.365604830431458,-16.085066795189697,-15.808738213689605,-15.53661908593118,-15.268709411914427,-15.005009191639338,-14.745518425105907,-14.490237112314153,-14.23916525326407,-14.0,-14.0,-14.0,-14.0,-14.0,-14.0,-14.0,-14.0,-14.0,-14.0,-14.0,-14.0,-14.0,-14.0,-14.0,-14.0,-14.0,-14.0,-14.0,-14.0,-14.0,-14.0,-14.0,-14.0,-14.0,-14.0,-14.0,-14.0,-14.0,-14.0,-70.0,-70.0,-70.0,-70.0,-70.0,-70.0,-70.0,-70.0,False,False,False,True,False,False,False
5900,0.117307957868172,-16.309883891506082,-16.03131153038026,-15.756919128192472,-15.486706684942712,-15.220674200630986,-14.958821675257289,-14.70114910882161,-14.447656501323975,-14.198343852764369,-14.0,-14.0,-14.0,-14.0,-14.0,-14.0,-14.0,-14.0,-14.0,-14.0,-14.0,-14.0,-14.0,-14.0,-14.0,-14.0,-14.0,-14.0,-14.0,-14.0,-14.0,-14.0,-14.0,-14.0,-14.0,-14.0,-14.0,-14.0,-14.0,-14.0,-70.0,-70.0,-70.0,-70.0,-70.0,-70.0,-70.0,-70.0,False,False,False,True,False,False,False
5950,0.117307957868172,-16.254890704292375,-15.978259404192228,-15.705778937544185,-15.437449304348247,-15.173270504604416,-14.913242538312685,-14.657365405473048,-14.405639106085527,-14.158063640150107,-14.0,-14.0,-14.0,-14.0,-14.0,-14.0,-14.0,-14.0,-14.0,-14.0,-14.0,-14.0,-14.0,-14.0,-14.0,-14.0,-14.0,-14.0,-14.0,-14.0,-14.0,-14.0,-14.0,-14.0,-14.0,-14.0,-14.0,-14.0,-14.0,-14.0,-70.0,-70.0,-70.0,-70.0,-70.0,-70.0,-70.0,-70.0,False,False,False,True,False,False,False
6000,0.117307957868172,-16.200607450383167,-15.925893211983038,-15.655301041657298,-15.388830939405953,-15.126482905229002,-14.868256939126441,-14.614153041098263,-14.364171211144487,-14.118311449265104,-14.0,-14.0,-14.0,-14.0,-14.0,-14.0,-14.0,-14.0,-14.0,-14.0,-14.0,-14.0,-14.0,-14.0,-14.0,-14.0,-14.0,-14.0,-14.0,-14.0,-14.0,-14.0,-14.0,-14.0,-14.0,-14.0,-14.0,-14.0,-14.0,-14.0,-70.0,-70.0,-70.0,-70.0,-70.0,-70.0,-70.0,-70.0,False,False,False,True,False,False,False
6050,0.117307957868172,-16.14701698365489,-15.874196397626093,-15.605469465549325,-15.340836187424593,-15.080296563251895,-14.823850593031228,-14.571498276762583,-14.323239614445981,-14.079074606081413,-14.0,-14.0,-14.0,-14.0,-14.0,-14.0,-14.0,-14.0,-14.0,-14.0,-14.0,-14.0,-14.0,-14.0,-14.0,-14.0,-14.0,-14.0,-14.0,-14.0,-14.0,-14.0,-14.0,-14.0,-14.0,-14.0,-14.0,-14.0,-14.0,-14.0,-70.0,-70.0,-70.0,-70.0,-70.0,-70.0,-70.0,-70.0,False,False,False,True,False,False,False
6100,0.117307957868172,-16.094102801042844,-15.823153025323343,-15.55626883217707,-15.293450221604026,-15.034697193604213,-14.780009748177626,-14.529387885324255,-14.282831605044123,-14.04034090733722,-14.0,-14.0,-14.0,-14.0,-14.0,-14.0,-14.0,-14.0,-14.0,-14.0,-14.0,-14.0,-14.0,-14.0,-14.0,-14.0,-14.0,-14.0,-14.0,-14.0,-14.0,-14.0,-14.0,-14.0,-14.0,-14.0,-14.0,-14.0,-14.0,-14.0,-70.0,-70.0,-70.0,-70.0,-70.0,-70.0,-70.0,-70.0,False,False,False,True,False,False,False
6150,0.117307957868172,-16.04184901468645,-15.772747752739447,-15.507684336544854,-15.246658766102673,-14.989671041412905,-14.736721162475543,-14.48780912929058,-14.242934941858039,-14.002098600177908,-14.0,-14.0,-14.0,-14.0,-14.0,-14.0,-14.0,-14.0,-14.0,-14.0,-14.0,-14.0,-14.0,-14.0,-14.0,-14.0,-14.0,-14.0,-14.0,-14.0,-14.0,-14.0,-14.0,-14.0,-14.0,-14.0,-14.0,-14.0,-14.0,-14.0,-70.0,-70.0,-70.0,-70.0,-70.0,-70.0,-70.0,-70.0,False,False,False,True,False,False,False
6200,0.117307957868172,-15.990240325371074,-15.722965805386696,-15.459701721018407,-15.200448072266203,-14.945204859130094,-14.693972081610065,-14.446749739706114,-14.203537833418261,-14.0,-14.0,-14.0,-14.0,-14.0,-14.0,-14.0,-14.0,-14.0,-14.0,-14.0,-14.0,-14.0,-14.0,-14.0,-14.0,-14.0,-14.0,-14.0,-14.0,-14.0,-14.0,-14.0,-14.0,-14.0,-14.0,-14.0,-14.0,-14.0,-14.0,-14.0,-70.0,-70.0,-70.0,-70.0,-70.0,-70.0,-70.0,-70.0,False,False,False,True,False,False,False
6250,0.117307957868172,-15.939261997197706,-15.673792952194415,-15.41230725178047,-15.154804895955872,-14.901285884720625,-14.65175021807472,-14.406197896018151,-14.164628918550939,-14.0,-14.0,-14.0,-14.0,-14.0,-14.0,-14.0,-14.0,-14.0,-14.0,-14.0,-14.0,-14.0,-14.0,-14.0,-14.0,-14.0,-14.0,-14.0,-14.0,-14.0,-14.0,-14.0,-14.0,-14.0,-14.0,-14.0,-14.0,-14.0,-14.0,-14.0,-70.0,-70.0,-70.0,-70.0,-70.0,-70.0,-70.0,-70.0,False,False,False,True,False,False,False
6300,0.117307957868172,-15.888899833416106,-15.62521548220071,-15.365487696368278,-15.109716475918816,-14.857901820852323,-14.610043731168792,-14.366142206868217,-14.12619724795062,-14.0,-14.0,-14.0,-14.0,-14.0,-14.0,-14.0,-14.0,-14.0,-14.0,-14.0,-14.0,-14.0,-14.0,-14.0,-14.0,-14.0,-14.0,-14.0,-14.0,-14.0,-14.0,-14.0,-14.0,-14.0,-14.0,-14.0,-14.0,-14.0,-14.0,-14.0,-70.0,-70.0,-70.0,-70.0,-70.0,-70.0,-70.0,-70.0,False,False,False,True,False,False,False
6350,0.117307957868172,-15.839140153361107,-15.577220182308366,-15.319230302236745,-15.065170513146247,-14.815040815036877,-14.568841207908626,-14.326571691761487,-14.088232266595481,-14.0,-14.0,-14.0,-14.0,-14.0,-14.0,-14.0,-14.0,-14.0,-14.0,-14.0,-14.0,-14.0,-14.0,-14.0,-14.0,-14.0,-14.0,-14.0,-14.0,-14.0,-14.0,-14.0,-14.0,-14.0,-14.0,-14.0,-14.0,-14.0,-14.0,-14.0,-70.0,-70.0,-70.0,-70.0,-70.0,-70.0,-70.0,-70.0,False,False,False,True,False,False,False
6400,0.117307957868172,-15.789969770435434,-15.529794316050259,-15.273522776294724,-15.021155151168836,-14.772691440672595,-14.528131644805995,-14.287475763569027,-14.050723796961714,-14.0,-14.0,-14.0,-14.0,-14.0,-14.0,-14.0,-14.0,-14.0,-14.0,-14.0,-14.0,-14.0,-14.0,-14.0,-14.0,-14.0,-14.0,-14.0,-14.0,-14.0,-14.0,-14.0,-14.0,-14.0,-14.0,-14.0,-14.0,-14.0,-14.0,-14.0,-70.0,-70.0,-70.0,-70.0,-70.0,-70.0,-70.0,-70.0,False,False,False,True,False,False,False
6450,0.117307957868172,-15.741375971085919,-15.482925603313033,-15.22835326536494,-14.977658957241644,-14.730842678943148,-14.487904430469442,-14.248844211820522,-14.013662022996407,-14.0,-14.0,-14.0,-14.0,-14.0,-14.0,-14.0,-14.0,-14.0,-14.0,-14.0,-14.0,-14.0,-14.0,-14.0,-14.0,-14.0,-14.0,-14.0,-14.0,-14.0,-14.0,-14.0,-14.0,-14.0,-14.0,-14.0,-14.0,-14.0,-14.0,-14.0,-70.0,-70.0,-70.0,-70.0,-70.0,-70.0,-70.0,-70.0,False,False,False,True,False,False,False
6500,0.117307957868172,-15.693346494723187,-15.436602200970858,-15.183710337521097,-14.9346709043739,-14.689483901529274,-14.44814932898721,-14.2106671867477,-14.0,-14.0,-14.0,-14.0,-14.0,-14.0,-14.0,-14.0,-14.0,-14.0,-14.0,-14.0,-14.0,-14.0,-14.0,-14.0,-14.0,-14.0,-14.0,-14.0,-14.0,-14.0,-14.0,-14.0,-14.0,-14.0,-14.0,-14.0,-14.0,-14.0,-14.0,-14.0,-70.0,-70.0,-70.0,-70.0,-70.0,-70.0,-70.0,-70.0,False,False,False,True,False,False,False
6550,0.117307957868172,-15.645869514537894,-15.390812684384027,-15.139582964258588,-14.892180354161578,-14.648604854092998,-14.408856464052844,-14.172935184041105,-14.0,-14.0,-14.0,-14.0,-14.0,-14.0,-14.0,-14.0,-14.0,-14.0,-14.0,-14.0,-14.0,-14.0,-14.0,-14.0,-14.0,-14.0,-14.0,-14.0,-14.0,-14.0,-14.0,-14.0,-14.0,-14.0,-14.0,-14.0,-14.0,-14.0,-14.0,-14.0,-70.0,-70.0,-70.0,-70.0,-70.0,-70.0,-70.0,-70.0,False,False,False,True,False,False,False
6600,0.117307957868172,-15.598933619169342,-15.345546029719738,-15.095960503457682,-14.850177040383182,-14.608195640496236,-14.370016303796838,-14.135639030284983,-14.0,-14.0,-14.0,-14.0,-14.0,-14.0,-14.0,-14.0,-14.0,-14.0,-14.0,-14.0,-14.0,-14.0,-14.0,-14.0,-14.0,-14.0,-14.0,-14.0,-14.0,-14.0,-14.0,-14.0,-14.0,-14.0,-14.0,-14.0,-14.0,-14.0,-14.0,-14.0,-70.0,-70.0,-70.0,-70.0,-70.0,-70.0,-70.0,-70.0,False,False,False,True,False,False,False
6650,0.117307957868172,-15.552527795184965,-15.300791597055044,-15.052832683100576,-14.80865105332156,-14.568246707718,-14.33161964628989,-14.098769869037222,-14.0,-14.0,-14.0,-14.0,-14.0,-14.0,-14.0,-14.0,-14.0,-14.0,-14.0,-14.0,-14.0,-14.0,-14.0,-14.0,-14.0,-14.0,-14.0,-14.0,-14.0,-14.0,-14.0,-14.0,-14.0,-14.0,-14.0,-14.0,-14.0,-14.0,-14.0,-14.0,-70.0,-70.0,-70.0,-70.0,-70.0,-70.0,-70.0,-70.0,False,False,False,True,False,False,False
6700,0.117307957868172,-15.506641410331463,-15.25653911422414,-15.010189585705858,-14.767592824776617,-14.528748831436422,-14.293657605685265,-14.062319147523139,-14.0,-14.0,-14.0,-14.0,-14.0,-14.0,-14.0,-14.0,-14.0,-14.0,-14.0,-14.0,-14.0,-14.0,-14.0,-14.0,-14.0,-14.0,-14.0,-14.0,-14.0,-14.0,-14.0,-14.0,-14.0,-14.0,-14.0,-14.0,-14.0,-14.0,-14.0,-14.0,-70.0,-70.0,-70.0,-70.0,-70.0,-70.0,-70.0,-70.0,False,False,False,True,False,False,False
6750,0.117307957868172,-15.461264197520764,-15.212778661374399,-14.968021633446106,-14.72699311373589,-14.489693102243754,-14.25612159896969,-14.026278603913692,-14.0,-14.0,-14.0,-14.0,-14.0,-14.0,-14.0,-14.0,-14.0,-14.0,-14.0,-14.0,-14.0,-14.0,-14.0,-14.0,-14.0,-14.0,-14.0,-14.0,-14.0,-14.0,-14.0,-14.0,-14.0,-14.0,-14.0,-14.0,-14.0,-14.0,-14.0,-14.0,-70.0,-70.0,-70.0,-70.0,-70.0,-70.0,-70.0,-70.0,False,False,False,True,False,False,False
6800,0.117307957868172,-15.416386239515907,-15.169500656197558,-14.926319573916182,-14.686842992671776,-14.451070912464347,-14.21900333329389,-14.0,-14.0,-14.0,-14.0,-14.0,-14.0,-14.0,-14.0,-14.0,-14.0,-14.0,-14.0,-14.0,-14.0,-14.0,-14.0,-14.0,-14.0,-14.0,-14.0,-14.0,-14.0,-14.0,-14.0,-14.0,-14.0,-14.0,-14.0,-14.0,-14.0,-14.0,-14.0,-14.0,-70.0,-70.0,-70.0,-70.0,-70.0,-70.0,-70.0,-70.0,False,False,False,True,False,False,False
6850,0.117307957868172,-15.371997954284026,-15.126695839804349,-14.885074466521655,-14.647133834435946,-14.412873943547226,-14.182294793855489,-14.0,-14.0,-14.0,-14.0,-14.0,-14.0,-14.0,-14.0,-14.0,-14.0,-14.0,-14.0,-14.0,-14.0,-14.0,-14.0,-14.0,-14.0,-14.0,-14.0,-14.0,-14.0,-14.0,-14.0,-14.0,-14.0,-14.0,-14.0,-14.0,-14.0,-14.0,-14.0,-14.0,-70.0,-70.0,-70.0,-70.0,-70.0,-70.0,-70.0,-70.0,False,False,False,True,False,False,False
6900,0.117307957868172,-15.32809008098538,-15.084355263212597,-14.844277669458524,-14.607857299723163,-14.375094154006518,-14.145988232308582,-14.0,-14.0,-14.0,-14.0,-14.0,-14.0,-14.0,-14.0,-14.0,-14.0,-14.0,-14.0,-14.0,-14.0,-14.0,-14.0,-14.0,-14.0,-14.0,-14.0,-14.0,-14.0,-14.0,-14.0,-14.0,-14.0,-14.0,-14.0,-14.0,-14.0,-14.0,-14.0,-14.0,-70.0,-70.0,-70.0,-70.0,-70.0,-70.0,-70.0,-70.0,False,False,False,True,False,False,False
6950,0.117307957868172,-15.284653666569044,-15.042470274420484,-14.803920827256855,-14.56900532507816,-14.3377237678844,-14.11007615567557,-14.0,-14.0,-14.0,-14.0,-14.0,-14.0,-14.0,-14.0,-14.0,-14.0,-14.0,-14.0,-14.0,-14.0,-14.0,-14.0,-14.0,-14.0,-14.0,-14.0,-14.0,-14.0,-14.0,-14.0,-14.0,-14.0,-14.0,-14.0,-14.0,-14.0,-14.0,-14.0,-14.0,-70.0,-70.0,-70.0,-70.0,-70.0,-70.0,-70.0,-70.0,False,False,False,True,False,False,False
7000,0.117307957868172,-15.241680052947512,-15.001032506038163,-14.763995858862561,-14.53057011142071,-14.30075526371261,-14.074551315738255,-14.0,-14.0,-14.0,-14.0,-14.0,-14.0,-14.0,-14.0,-14.0,-14.0,-14.0,-14.0,-14.0,-14.0,-14.0,-14.0,-14.0,-14.0,-14.0,-14.0,-14.0,-14.0,-14.0,-14.0,-14.0,-14.0,-14.0,-14.0,-14.0,-14.0,-14.0,-14.0,-14.0,-70.0,-70.0,-70.0,-70.0,-70.0,-70.0,-70.0,-70.0,False,False,False,True,False,False,False
7050,0.117307957868172,-15.199160864723893,-14.960033863452352,-14.724494946232833,-14.492544113065334,-14.26418136394986,-14.039406698886404,-14.0,-14.0,-14.0,-14.0,-14.0,-14.0,-14.0,-14.0,-14.0,-14.0,-14.0,-14.0,-14.0,-14.0,-14.0,-14.0,-14.0,-14.0,-14.0,-14.0,-14.0,-14.0,-14.0,-14.0,-14.0,-14.0,-14.0,-14.0,-14.0,-14.0,-14.0,-14.0,-14.0,-70.0,-70.0,-70.0,-70.0,-70.0,-70.0,-70.0,-70.0,False,False,False,True,False,False,False
7100,0.117307957868172,-15.157087997446837,-14.919466513499914,-14.685410523422082,-14.45492002721334,-14.227995024873692,-14.00463551640313,-14.0,-14.0,-14.0,-14.0,-14.0,-14.0,-14.0,-14.0,-14.0,-14.0,-14.0,-14.0,-14.0,-14.0,-14.0,-14.0,-14.0,-14.0,-14.0,-14.0,-14.0,-14.0,-14.0,-14.0,-14.0,-14.0,-14.0,-14.0,-14.0,-14.0,-14.0,-14.0,-14.0,-70.0,-70.0,-70.0,-70.0,-70.0,-70.0,-70.0,-70.0,False,False,False,True,False,False,False
7150,0.117307957868172,-15.115453606369513,-14.879322873627592,-14.646735266136426,-14.41769078389602,-14.192189426906378,-14.0,-14.0,-14.0,-14.0,-14.0,-14.0,-14.0,-14.0,-14.0,-14.0,-14.0,-14.0,-14.0,-14.0,-14.0,-14.0,-14.0,-14.0,-14.0,-14.0,-14.0,-14.0,-14.0,-14.0,-14.0,-14.0,-14.0,-14.0,-14.0,-14.0,-14.0,-14.0,-14.0,-14.0,-70.0,-70.0,-70.0,-70.0,-70.0,-70.0,-70.0,-70.0,False,False,False,True,False,False,False
7200,0.117307957868172,-15.074250095690308,-14.839595601516317,-14.608462081735864,-14.38084953634895,-14.15675796535558,-14.0,-14.0,-14.0,-14.0,-14.0,-14.0,-14.0,-14.0,-14.0,-14.0,-14.0,-14.0,-14.0,-14.0,-14.0,-14.0,-14.0,-14.0,-14.0,-14.0,-14.0,-14.0,-14.0,-14.0,-14.0,-14.0,-14.0,-14.0,-14.0,-14.0,-14.0,-14.0,-14.0,-14.0,-70.0,-70.0,-70.0,-70.0,-70.0,-70.0,-70.0,-70.0,False,False,False,True,False,False,False
7250,0.117307957868172,-15.033470108253928,-14.800277585149596,-14.570584099664403,-14.34438965179835,-14.121694241551442,-14.0,-14.0,-14.0,-14.0,-14.0,-14.0,-14.0,-14.0,-14.0,-14.0,-14.0,-14.0,-14.0,-14.0,-14.0,-14.0,-14.0,-14.0,-14.0,-14.0,-14.0,-14.0,-14.0,-14.0,-14.0,-14.0,-14.0,-14.0,-14.0,-14.0,-14.0,-14.0,-14.0,-14.0,-70.0,-70.0,-70.0,-70.0,-70.0,-70.0,-70.0,-70.0,False,False,False,True,False,False,False
7300,0.117307957868172,-14.993106515692755,-14.761361933306448,-14.533094662289335,-14.308304702641415,-14.086992054362693,-14.0,-14.0,-14.0,-14.0,-14.0,-14.0,-14.0,-14.0,-14.0,-14.0,-14.0,-14.0,-14.0,-14.0,-14.0,-14.0,-14.0,-14.0,-14.0,-14.0,-14.0,-14.0,-14.0,-14.0,-14.0,-14.0,-14.0,-14.0,-14.0,-14.0,-14.0,-14.0,-14.0,-14.0,-70.0,-70.0,-70.0,-70.0,-70.0,-70.0,-70.0,-70.0,False,False,False,True,False,False,False
7350,0.117307957868172,-14.953152408989224,-14.72284196646042,-14.495987316131815,-14.272588458003412,-14.052645392075213,-14.0,-14.0,-14.0,-14.0,-14.0,-14.0,-14.0,-14.0,-14.0,-14.0,-14.0,-14.0,-14.0,-14.0,-14.0,-14.0,-14.0,-14.0,-14.0,-14.0,-14.0,-14.0,-14.0,-14.0,-14.0,-14.0,-14.0,-14.0,-14.0,-14.0,-14.0,-14.0,-14.0,-14.0,-70.0,-70.0,-70.0,-70.0,-70.0,-70.0,-70.0,-70.0,False,False,False,True,False,False,False
7400,0.117307957868172,-14.913601089441011,-14.684711208067045,-14.459255803471777,-14.23723487565521,-14.018648424617343,-14.0,-14.0,-14.0,-14.0,-14.0,-14.0,-14.0,-14.0,-14.0,-14.0,-14.0,-14.0,-14.0,-14.0,-14.0,-14.0,-14.0,-14.0,-14.0,-14.0,-14.0,-14.0,-14.0,-14.0,-14.0,-14.0,-14.0,-14.0,-14.0,-14.0,-14.0,-14.0,-14.0,-14.0,-70.0,-70.0,-70.0,-70.0,-70.0,-70.0,-70.0,-70.0,False,False,False,True,False,False,False
7450,0.117307957868172,-14.874446060011607,-14.646963376223,-14.422894054311021,-14.20223809427567,-14.0,-14.0,-14.0,-14.0,-14.0,-14.0,-14.0,-14.0,-14.0,-14.0,-14.0,-14.0,-14.0,-14.0,-14.0,-14.0,-14.0,-14.0,-14.0,-14.0,-14.0,-14.0,-14.0,-14.0,-14.0,-14.0,-14.0,-14.0,-14.0,-14.0,-14.0,-14.0,-14.0,-14.0,-14.0,-70.0,-70.0,-70.0,-70.0,-70.0,-70.0,-70.0,-70.0,False,False,False,True,False,False,False
7500,0.117307957868172,-14.835681017049808,-14.609592375681,-14.386896178679098,-14.167592426044102,-14.0,-14.0,-14.0,-14.0,-14.0,-14.0,-14.0,-14.0,-14.0,-14.0,-14.0,-14.0,-14.0,-14.0,-14.0,-14.0,-14.0,-14.0,-14.0,-14.0,-14.0,-14.0,-14.0,-14.0,-14.0,-14.0,-14.0,-14.0,-14.0,-14.0,-14.0,-14.0,-14.0,-14.0,-14.0,-70.0,-70.0,-70.0,-70.0,-70.0,-70.0,-70.0,-70.0,False,False,False,True,False,False,False
7550,0.117307957868172,-14.797299842362285,-14.572592290205236,-14.351256459267354,-14.133292349548642,-14.0,-14.0,-14.0,-14.0,-14.0,-14.0,-14.0,-14.0,-14.0,-14.0,-14.0,-14.0,-14.0,-14.0,-14.0,-14.0,-14.0,-14.0,-14.0,-14.0,-14.0,-14.0,-14.0,-14.0,-14.0,-14.0,-14.0,-14.0,-14.0,-14.0,-14.0,-14.0,-14.0,-14.0,-14.0,-70.0,-70.0,-70.0,-70.0,-70.0,-70.0,-70.0,-70.0,False,False,False,True,False,False,False
7600,0.117307957868172,-14.759296595624308,-14.535957375252861,-14.315969344377141,-14.099332502997147,-14.0,-14.0,-14.0,-14.0,-14.0,-14.0,-14.0,-14.0,-14.0,-14.0,-14.0,-14.0,-14.0,-14.0,-14.0,-14.0,-14.0,-14.0,-14.0,-14.0,-14.0,-14.0,-14.0,-14.0,-14.0,-14.0,-14.0,-14.0,-14.0,-14.0,-14.0,-14.0,-14.0,-14.0,-14.0,-70.0,-70.0,-70.0,-70.0,-70.0,-70.0,-70.0,-70.0,False,False,False,True,False,False,False
7650,0.117307957868172,-14.721665507114201,-14.49968205096772,-14.281029441168899,-14.065707677717736,-14.0,-14.0,-14.0,-14.0,-14.0,-14.0,-14.0,-14.0,-14.0,-14.0,-14.0,-14.0,-14.0,-14.0,-14.0,-14.0,-14.0,-14.0,-14.0,-14.0,-14.0,-14.0,-14.0,-14.0,-14.0,-14.0,-14.0,-14.0,-14.0,-14.0,-14.0,-14.0,-14.0,-14.0,-14.0,-70.0,-70.0,-70.0,-70.0,-70.0,-70.0,-70.0,-70.0,False,False,False,True,False,False,False
7700,0.117307957868172,-14.684400970757931,-14.46376089547311,-14.246431509199383,-14.032412811936755,-14.0,-14.0,-14.0,-14.0,-14.0,-14.0,-14.0,-14.0,-14.0,-14.0,-14.0,-14.0,-14.0,-14.0,-14.0,-14.0,-14.0,-14.0,-14.0,-14.0,-14.0,-14.0,-14.0,-14.0,-14.0,-14.0,-14.0,-14.0,-14.0,-14.0,-14.0,-14.0,-14.0,-14.0,-14.0,-70.0,-70.0,-70.0,-70.0,-70.0,-70.0,-70.0,-70.0,False,False,False,True,False,False,False
7750,0.117307957868172,-14.647497537470766,-14.428188638451013,-14.21217045423492,-14.0,-14.0,-14.0,-14.0,-14.0,-14.0,-14.0,-14.0,-14.0,-14.0,-14.0,-14.0,-14.0,-14.0,-14.0,-14.0,-14.0,-14.0,-14.0,-14.0,-14.0,-14.0,-14.0,-14.0,-14.0,-14.0,-14.0,-14.0,-14.0,-14.0,-14.0,-14.0,-14.0,-14.0,-14.0,-14.0,-70.0,-70.0,-70.0,-70.0,-70.0,-70.0,-70.0,-70.0,False,False,False,True,False,False,False
7800,0.117307957868172,-14.610949908783505,-14.392960154995775,-14.178241322329084,-14.0,-14.0,-14.0,-14.0,-14.0,-14.0,-14.0,-14.0,-14.0,-14.0,-14.0,-14.0,-14.0,-14.0,-14.0,-14.0,-14.0,-14.0,-14.0,-14.0,-14.0,-14.0,-14.0,-14.0,-14.0,-14.0,-14.0,-14.0,-14.0,-14.0,-14.0,-14.0,-14.0,-14.0,-14.0,-14.0,-70.0,-70.0,-70.0,-70.0,-70.0,-70.0,-70.0,-70.0,False,False,False,True,False,False,False
7850,0.117307957868172,-14.5747529307414,-14.358070459730701,-14.144639294153732,-14.0,-14.0,-14.0,-14.0,-14.0,-14.0,-14.0,-14.0,-14.0,-14.0,-14.0,-14.0,-14.0,-14.0,-14.0,-14.0,-14.0,-14.0,-14.0,-14.0,-14.0,-14.0,-14.0,-14.0,-14.0,-14.0,-14.0,-14.0,-14.0,-14.0,-14.0,-14.0,-14.0,-14.0,-14.0,-14.0,-70.0,-70.0,-70.0,-70.0,-70.0,-70.0,-70.0,-70.0,False,False,False,True,False,False,False
7900,0.117307957868172,-14.538901588064384,-14.32351470117663,-14.111359679572793,-14.0,-14.0,-14.0,-14.0,-14.0,-14.0,-14.0,-14.0,-14.0,-14.0,-14.0,-14.0,-14.0,-14.0,-14.0,-14.0,-14.0,-14.0,-14.0,-14.0,-14.0,-14.0,-14.0,-14.0,-14.0,-14.0,-14.0,-14.0,-14.0,-14.0,-14.0,-14.0,-14.0,-14.0,-14.0,-14.0,-70.0,-70.0,-70.0,-70.0,-70.0,-70.0,-70.0,-70.0,False,False,False,True,False,False,False
7950,0.117307957868172,-14.503390998557677,-14.289288156361971,-14.078397912448727,-14.0,-14.0,-14.0,-14.0,-14.0,-14.0,-14.0,-14.0,-14.0,-14.0,-14.0,-14.0,-14.0,-14.0,-14.0,-14.0,-14.0,-14.0,-14.0,-14.0,-14.0,-14.0,-14.0,-14.0,-14.0,-14.0,-14.0,-14.0,-14.0,-14.0,-14.0,-14.0,-14.0,-14.0,-14.0,-14.0,-70.0,-70.0,-70.0,-70.0,-70.0,-70.0,-70.0,-70.0,False,False,False,True,False,False,False
8000,0.117307957868172,-14.468216407762387,-14.25538622566411,-14.045749545671887,-14.0,-14.0,-14.0,-14.0,-14.0,-14.0,-14.0,-14.0,-14.0,-14.0,-14.0,-14.0,-14.0,-14.0,-14.0,-14.0,-14.0,-14.0,-14.0,-14.0,-14.0,-14.0,-14.0,-14.0,-14.0,-14.0,-14.0,-14.0,-14.0,-14.0,-14.0,-14.0,-14.0,-14.0,-14.0,-14.0,-70.0,-70.0,-70.0,-70.0,-70.0,-70.0,-70.0,-70.0,False,False,False,True,False,False,False
8050,0.117307957868172,-14.433373183836116,-14.22180442787262,-14.013410246403602,-14.0,-14.0,-14.0,-14.0,-14.0,-14.0,-14.0,-14.0,-14.0,-14.0,-14.0,-14.0,-14.0,-14.0,-14.0,-14.0,-14.0,-14.0,-14.0,-14.0,-14.0,-14.0,-14.0,-14.0,-14.0,-14.0,-14.0,-14.0,-14.0,-14.0,-14.0,-14.0,-14.0,-14.0,-14.0,-14.0,-70.0,-70.0,-70.0,-70.0,-70.0,-70.0,-70.0,-70.0,False,False,False,True,False,False,False
8100,0.117307957868172,-14.398856812654001,-14.188538395465027,-14.0,-14.0,-14.0,-14.0,-14.0,-14.0,-14.0,-14.0,-14.0,-14.0,-14.0,-14.0,-14.0,-14.0,-14.0,-14.0,-14.0,-14.0,-14.0,-14.0,-14.0,-14.0,-14.0,-14.0,-14.0,-14.0,-14.0,-14.0,-14.0,-14.0,-14.0,-14.0,-14.0,-14.0,-14.0,-14.0,-14.0,-70.0,-70.0,-70.0,-70.0,-70.0,-70.0,-70.0,-70.0,False,False,False,True,False,False,False
8150,0.117307957868172,-14.364662893121064,-14.155583870086312,-14.0,-14.0,-14.0,-14.0,-14.0,-14.0,-14.0,-14.0,-14.0,-14.0,-14.0,-14.0,-14.0,-14.0,-14.0,-14.0,-14.0,-14.0,-14.0,-14.0,-14.0,-14.0,-14.0,-14.0,-14.0,-14.0,-14.0,-14.0,-14.0,-14.0,-14.0,-14.0,-14.0,-14.0,-14.0,-14.0,-14.0,-70.0,-70.0,-70.0,-70.0,-70.0,-70.0,-70.0,-70.0,False,False,False,True,False,False,False
8200,0.117307957868172,-14.330787132687089,-14.122936698223688,-14.0,-14.0,-14.0,-14.0,-14.0,-14.0,-14.0,-14.0,-14.0,-14.0,-14.0,-14.0,-14.0,-14.0,-14.0,-14.0,-14.0,-14.0,-14.0,-14.0,-14.0,-14.0,-14.0,-14.0,-14.0,-14.0,-14.0,-14.0,-14.0,-14.0,-14.0,-14.0,-14.0,-14.0,-14.0,-14.0,-14.0,-70.0,-70.0,-70.0,-70.0,-70.0,-70.0,-70.0,-70.0,False,False,False,True,False,False,False
8250,0.117307957868172,-14.297225343055628,-14.090592827068562,-14.0,-14.0,-14.0,-14.0,-14.0,-14.0,-14.0,-14.0,-14.0,-14.0,-14.0,-14.0,-14.0,-14.0,-14.0,-14.0,-14.0,-14.0,-14.0,-14.0,-14.0,-14.0,-14.0,-14.0,-14.0,-14.0,-14.0,-14.0,-14.0,-14.0,-14.0,-14.0,-14.0,-14.0,-14.0,-14.0,-14.0,-70.0,-70.0,-70.0,-70.0,-70.0,-70.0,-70.0,-70.0,False,False,False,True,False,False,False
8300,0.117307957868172,-14.263973436079077,-14.058548300557897,-14.0,-14.0,-14.0,-14.0,-14.0,-14.0,-14.0,-14.0,-14.0,-14.0,-14.0,-14.0,-14.0,-14.0,-14.0,-14.0,-14.0,-14.0,-14.0,-14.0,-14.0,-14.0,-14.0,-14.0,-14.0,-14.0,-14.0,-14.0,-14.0,-14.0,-14.0,-14.0,-14.0,-14.0,-14.0,-14.0,-14.0,-70.0,-70.0,-70.0,-70.0,-70.0,-70.0,-70.0,-70.0,False,False,False,True,False,False,False
8350,0.117307957868172,-14.231027419832088,-14.02679925558752,-14.0,-14.0,-14.0,-14.0,-14.0,-14.0,-14.0,-14.0,-14.0,-14.0,-14.0,-14.0,-14.0,-14.0,-14.0,-14.0,-14.0,-14.0,-14.0,-14.0,-14.0,-14.0,-14.0,-14.0,-14.0,-14.0,-14.0,-14.0,-14.0,-14.0,-14.0,-14.0,-14.0,-14.0,-14.0,-14.0,-14.0,-70.0,-70.0,-70.0,-70.0,-70.0,-70.0,-70.0,-70.0,False,False,False,True,False,False,False
8400,0.117307957868172,-14.198383394855929,-14.0,-14.0,-14.0,-14.0,-14.0,-14.0,-14.0,-14.0,-14.0,-14.0,-14.0,-14.0,-14.0,-14.0,-14.0,-14.0,-14.0,-14.0,-14.0,-14.0,-14.0,-14.0,-14.0,-14.0,-14.0,-14.0,-14.0,-14.0,-14.0,-14.0,-14.0,-14.0,-14.0,-14.0,-14.0,-14.0,-14.0,-14.0,-70.0,-70.0,-70.0,-70.0,-70.0,-70.0,-70.0,-70.0,False,False,False,True,False,False,False
8450,0.117307957868172,-14.166037550566653,-14.0,-14.0,-14.0,-14.0,-14.0,-14.0,-14.0,-14.0,-14.0,-14.0,-14.0,-14.0,-14.0,-14.0,-14.0,-14.0,-14.0,-14.0,-14.0,-14.0,-14.0,-14.0,-14.0,-14.0,-14.0,-14.0,-14.0,-14.0,-14.0,-14.0,-14.0,-14.0,-14.0,-14.0,-14.0,-14.0,-14.0,-14.0,-70.0,-70.0,-70.0,-70.0,-70.0,-70.0,-70.0,-70.0,False,False,False,True,False,False,False
8500,0.117307957868172,-14.133986161820268,-14.0,-14.0,-14.0,-14.0,-14.0,-14.0,-14.0,-14.0,-14.0,-14.0,-14.0,-14.0,-14.0,-14.0,-14.0,-14.0,-14.0,-14.0,-14.0,-14.0,-14.0,-14.0,-14.0,-14.0,-14.0,-14.0,-14.0,-14.0,-14.0,-14.0,-14.0,-14.0,-14.0,-14.0,-14.0,-14.0,-14.0,-14.0,-70.0,-70.0,-70.0,-70.0,-70.0,-70.0,-70.0,-70.0,False,False,False,True,False,False,False
8550,0.117307957868172,-14.102225585628362,-14.0,-14.0,-14.0,-14.0,-14.0,-14.0,-14.0,-14.0,-14.0,-14.0,-14.0,-14.0,-14.0,-14.0,-14.0,-14.0,-14.0,-14.0,-14.0,-14.0,-14.0,-14.0,-14.0,-14.0,-14.0,-14.0,-14.0,-14.0,-14.0,-14.0,-14.0,-14.0,-14.0,-14.0,-14.0,-14.0,-14.0,-14.0,-70.0,-70.0,-70.0,-70.0,-70.0,-70.0,-70.0,-70.0,False,False,False,True,False,False,False
8600,0.117307957868172,-14.070752258017896,-14.0,-14.0,-14.0,-14.0,-14.0,-14.0,-14.0,-14.0,-14.0,-14.0,-14.0,-14.0,-14.0,-14.0,-14.0,-14.0,-14.0,-14.0,-14.0,-14.0,-14.0,-14.0,-14.0,-14.0,-14.0,-14.0,-14.0,-14.0,-14.0,-14.0,-14.0,-14.0,-14.0,-14.0,-14.0,-14.0,-14.0,-14.0,-70.0,-70.0,-70.0,-70.0,-70.0,-70.0,-70.0,-70.0,False,False,False,True,False,False,False
8650,0.117307957868172,-14.039562691029113,-14.0,-14.0,-14.0,-14.0,-14.0,-14.0,-14.0,-14.0,-14.0,-14.0,-14.0,-14.0,-14.0,-14.0,-14.0,-14.0,-14.0,-14.0,-14.0,-14.0,-14.0,-14.0,-14.0,-14.0,-14.0,-14.0,-14.0,-14.0,-14.0,-14.0,-14.0,-14.0,-14.0,-14.0,-14.0,-14.0,-14.0,-14.0,-70.0,-70.0,-70.0,-70.0,-70.0,-70.0,-70.0,-70.0,False,False,False,True,False,False,False
8700,0.117307957868172,-14.008653469845799,-14.0,-14.0,-14.0,-14.0,-14.0,-14.0,-14.0,-14.0,-14.0,-14.0,-14.0,-14.0,-14.0,-14.0,-14.0,-14.0,-14.0,-14.0,-14.0,-14.0,-14.0,-14.0,-14.0,-14.0,-14.0,-14.0,-14.0,-14.0,-14.0,-14.0,-14.0,-14.0,-14.0,-14.0,-14.0,-14.0,-14.0,-14.0,-70.0,-70.0,-70.0,-70.0,-70.0,-70.0,-70.0,-70.0,False,False,False,True,False,False,False
8750,0.117307957868172,-14.0,-14.0,-14.0,-14.0,-14.0,-14.0,-14.0,-14.0,-14.0,-14.0,-14.0,-14.0,-14.0,-14.0,-14.0,-14.0,-14.0,-14.0,-14.0,-14.0,-14.0,-14.0,-14.0,-14.0,-14.0,-14.0,-14.0,-14.0,-14.0,-14.0,-14.0,-14.0,-14.0,-14.0,-14.0,-14.0,-14.0,-14.0,-14.0,-70.0,-70.0,-70.0,-70.0,-70.0,-70.0,-70.0,-70.0,False,False,False,True,False,False,False
8800,0.117307957868172,-14.0,-14.0,-14.0,-14.0,-14.0,-14.0,-14.0,-14.0,-14.0,-14.0,-14.0,-14.0,-14.0,-14.0,-14.0,-14.0,-14.0,-14.0,-14.0,-14.0,-14.0,-14.0,-14.0,-14.0,-14.0,-14.0,-14.0,-14.0,-14.0,-14.0,-14.0,-14.0,-14.0,-14.0,-14.0,-14.0,-14.0,-14.0,-14.0,-70.0,-70.0,-70.0,-70.0,-70.0,-70.0,-70.0,-70.0,False,False,False,True,False,False,False
8850,0.117307957868172,-14.0,-14.0,-14.0,-14.0,-14.0,-14.0,-14.0,-14.0,-14.0,-14.0,-14.0,-14.0,-14.0,-14.0,-14.0,-14.0,-14.0,-14.0,-14.0,-14.0,-14.0,-14.0,-14.0,-14.0,-14.0,-14.0,-14.0,-14.0,-14.0,-14.0,-14.0,-14.0,-14.0,-14.0,-14.0,-14.0,-14.0,-14.0,-14.0,-70.0,-70.0,-70.0,-70.0,-70.0,-70.0,-70.0,-70.0,False,False,False,True,False,False,False
8900,0.117307957868172,-14.0,-14.0,-14.0,-14.0,-14.0,-14.0,-14.0,-14.0,-14.0,-14.0,-14.0,-14.0,-14.0,-14.0,-14.0,-14.0,-14.0,-14.0,-14.0,-14.0,-14.0,-14.0,-14.0,-14.0,-14.0,-14.0,-14.0,-14.0,-14.0,-14.0,-14.0,-14.0,-14.0,-14.0,-14.0,-14.0,-14.0,-14.0,-14.0,-70.0,-70.0,-70.0,-70.0,-70.0,-70.0,-70.0,-70.0,False,False,False,True,False,False,False
8950,0.117307957868172,-14.0,-14.0,-14.0,-14.0,-14.0,-14.0,-14.0,-14.0,-14.0,-14.0,-14.0,-14.0,-14.0,-14.0,-14.0,-14.0,-14.0,-14.0,-14.0,-14.0,-14.0,-14.0,-14.0,-14.0,-14.0,-14.0,-14.0,-14.0,-14.0,-14.0,-14.0,-14.0,-14.0,-14.0,-14.0,-14.0,-14.0,-14.0,-14.0,-70.0,-70.0,-70.0,-70.0,-70.0,-70.0,-70.0,-70.0,False,False,False,True,False,False,False
9000,0.117307957868172,-14.0,-14.0,-14.0,-14.0,-14.0,-14.0,-14.0,-14.0,-14.0,-14.0,-14.0,-14.0,-14.0,-14.0,-14.0,-14.0,-14.0,-14.0,-14.0,-14.0,-14.0,-14.0,-14.0,-14.0,-14.0,-14.0,-14.0,-14.0,-14.0,-14.0,-14.0,-14.0,-14.0,-14.0,-14.0,-14.0,-14.0,-14.0,-14.0,-70.0,-70.0,-70.0,-70.0,-70.0,-70.0,-70.0,-70.0,False,False,False,True,False,False,False
9050,0.117307957868172,-14.0,-14.0,-14.0,-14.0,-14.0,-14.0,-14.0,-14.0,-14.0,-14.0,-14.0,-14.0,-14.0,-14.0,-14.0,-14.0,-14.0,-14.0,-14.0,-14.0,-14.0,-14.0,-14.0,-14.0,-14.0,-14.0,-14.0,-14.0,-14.0,-14.0,-14.0,-14.0,-14.0,-14.0,-14.0,-14.0,-14.0,-14.0,-14.0,-70.0,-70.0,-70.0,-70.0,-70.0,-70.0,-70.0,-70.0,False,False,False,True,False,False,False
9100,0.117307957868172,-14.0,-14.0,-14.0,-14.0,-14.0,-14.0,-14.0,-14.0,-14.0,-14.0,-14.0,-14.0,-14.0,-14.0,-14.0,-14.0,-14.0,-14.0,-14.0,-14.0,-14.0,-14.0,-14.0,-14.0,-14.0,-14.0,-14.0,-14.0,-14.0,-14.0,-14.0,-14.0,-14.0,-14.0,-14.0,-14.0,-14.0,-14.0,-14.0,-70.0,-70.0,-70.0,-70.0,-70.0,-70.0,-70.0,-70.0,False,False,False,True,False,False,False
9150,0.117307957868172,-14.0,-14.0,-14.0,-14.0,-14.0,-14.0,-14.0,-14.0,-14.0,-14.0,-14.0,-14.0,-14.0,-14.0,-14.0,-14.0,-14.0,-14.0,-14.0,-14.0,-14.0,-14.0,-14.0,-14.0,-14.0,-14.0,-14.0,-14.0,-14.0,-14.0,-14.0,-14.0,-14.0,-14.0,-14.0,-14.0,-14.0,-14.0,-14.0,-70.0,-70.0,-70.0,-70.0,-70.0,-70.0,-70.0,-70.0,False,False,False,True,False,False,False
9200,0.117307957868172,-14.0,-14.0,-14.0,-14.0,-14.0,-14.0,-14.0,-14.0,-14.0,-14.0,-14.0,-14.0,-14.0,-14.0,-14.0,-14.0,-14.0,-14.0,-14.0,-14.0,-14.0,-14.0,-14.0,-14.0,-14.0,-14.0,-14.0,-14.0,-14.0,-14.0,-14.0,-14.0,-14.0,-14.0,-14.0,-14.0,-14.0,-14.0,-14.0,-70.0,-70.0,-70.0,-70.0,-70.0,-70.0,-70.0,-70.0,False,False,False,True,False,False,False
9250,0.117307957868172,-14.0,-14.0,-14.0,-14.0,-14.0,-14.0,-14.0,-14.0,-14.0,-14.0,-14.0,-14.0,-14.0,-14.0,-14.0,-14.0,-14.0,-14.0,-14.0,-14.0,-14.0,-14.0,-14.0,-14.0,-14.0,-14.0,-14.0,-14.0,-14.0,-14.0,-14.0,-14.0,-14.0,-14.0,-14.0,-14.0,-14.0,-14.0,-14.0,-70.0,-70.0,-70.0,-70.0,-70.0,-70.0,-70.0,-70.0,False,False,False,True,False,False,False
9300,0.117307957868172,-14.0,-14.0,-14.0,-14.0,-14.0,-14.0,-14.0,-14.0,-14.0,-14.0,-14.0,-14.0,-14.0,-14.0,-14.0,-14.0,-14.0,-14.0,-14.0,-14.0,-14.0,-14.0,-14.0,-14.0,-14.0,-14.0,-14.0,-14.0,-14.0,-14.0,-14.0,-14.0,-14.0,-14.0,-14.0,-14.0,-14.0,-14.0,-14.0,-70.0,-70.0,-70.0,-70.0,-70.0,-70.0,-70.0,-70.0,False,False,False,True,False,False,False
9350,0.117307957868172,-14.0,-14.0,-14.0,-14.0,-14.0,-14.0,-14.0,-14.0,-14.0,-14.0,-14.0,-14.0,-14.0,-14.0,-14.0,-14.0,-14.0,-14.0,-14.0,-14.0,-14.0,-14.0,-14.0,-14.0,-14.0,-14.0,-14.0,-14.0,-14.0,-14.0,-14.0,-14.0,-14.0,-14.0,-14.0,-14.0,-14.0,-14.0,-14.0,-70.0,-70.0,-70.0,-70.0,-70.0,-70.0,-70.0,-70.0,False,False,False,True,False,False,False
9400,0.117307957868172,-14.0,-14.0,-14.0,-14.0,-14.0,-14.0,-14.0,-14.0,-14.0,-14.0,-14.0,-14.0,-14.0,-14.0,-14.0,-14.0,-14.0,-14.0,-14.0,-14.0,-14.0,-14.0,-14.0,-14.0,-14.0,-14.0,-14.0,-14.0,-14.0,-14.0,-14.0,-14.0,-14.0,-14.0,-14.0,-14.0,-14.0,-14.0,-14.0,-70.0,-70.0,-70.0,-70.0,-70.0,-70.0,-70.0,-70.0,False,False,False,True,False,False,False
9450,0.117307957868172,-14.0,-14.0,-14.0,-14.0,-14.0,-14.0,-14.0,-14.0,-14.0,-14.0,-14.0,-14.0,-14.0,-14.0,-14.0,-14.0,-14.0,-14.0,-14.0,-14.0,-14.0,-14.0,-14.0,-14.0,-14.0,-14.0,-14.0,-14.0,-14.0,-14.0,-14.0,-14.0,-14.0,-14.0,-14.0,-14.0,-14.0,-14.0,-14.0,-70.0,-70.0,-70.0,-70.0,-70.0,-70.0,-70.0,-70.0,False,False,False,True,False,False,False
9500,0.117307957868172,-14.0,-14.0,-14.0,-14.0,-14.0,-14.0,-14.0,-14.0,-14.0,-14.0,-14.0,-14.0,-14.0,-14.0,-14.0,-14.0,-14.0,-14.0,-14.0,-14.0,-14.0,-14.0,-14.0,-14.0,-14.0,-14.0,-14.0,-14.0,-14.0,-14.0,-14.0,-14.0,-14.0,-14.0,-14.0,-14.0,-14.0,-14.0,-14.0,-70.0,-70.0,-70.0,-70.0,-70.0,-70.0,-70.0,-70.0,False,False,False,True,False,False,False
9550,0.117307957868172,-14.0,-14.0,-14.0,-14.0,-14.0,-14.0,-14.0,-14.0,-14.0,-14.0,-14.0,-14.0,-14.0,-14.0,-14.0,-14.0,-14.0,-14.0,-14.0,-14.0,-14.0,-14.0,-14.0,-14.0,-14.0,-14.0,-14.0,-14.0,-14.0,-14.0,-14.0,-14.0,-14.0,-14.0,-14.0,-14.0,-14.0,-14.0,-14.0,-70.0,-70.0,-70.0,-70.0,-70.0,-70.0,-70.0,-70.0,False,False,False,True,False,False,False
9600,0.117307957868172,-14.0,-14.0,-14.0,-14.0,-14.0,-14.0,-14.0,-14.0,-14.0,-14.0,-14.0,-14.0,-14.0,-14.0,-14.0,-14.0,-14.0,-14.0,-14.0,-14.0,-14.0,-14.0,-14.0,-14.0,-14.0,-14.0,-14.0,-14.0,-14.0,-14.0,-14.0,-14.0,-14.0,-14.0,-14.0,-14.0,-14.0,-14.0,-14.0,-70.0,-70.0,-70.0,-70.0,-70.0,-70.0,-70.0,-70.0,False,False,False,True,False,False,False
9650,0.117307957868172,-14.0,-14.0,-14.0,-14.0,-14.0,-14.0,-14.0,-14.0,-14.0,-14.0,-14.0,-14.0,-14.0,-14.0,-14.0,-14.0,-14.0,-14.0,-14.0,-14.0,-14.0,-14.0,-14.0,-14.0,-14.0,-14.0,-14.0,-14.0,-14.0,-14.0,-14.0,-14.0,-14.0,-14.0,-14.0,-14.0,-14.0,-14.0,-14.0,-70.0,-70.0,-70.0,-70.0,-70.0,-70.0,-70.0,-70.0,False,False,False,True,False,False,False
9700,0.117307957868172,-14.0,-14.0,-14.0,-14.0,-14.0,-14.0,-14.0,-14.0,-14.0,-14.0,-14.0,-14.0,-14.0,-14.0,-14.0,-14.0,-14.0,-14.0,-14.0,-14.0,-14.0,-14.0,-14.0,-14.0,-14.0,-14.0,-14.0,-14.0,-14.0,-14.0,-14.0,-14.0,-14.0,-14.0,-14.0,-14.0,-14.0,-14.0,-14.0,-70.0,-70.0,-70.0,-70.0,-70.0,-70.0,-70.0,-70.0,False,False,False,True,False,False,False
9750,0.117307957868172,-14.0,-14.0,-14.0,-14.0,-14.0,-14.0,-14.0,-14.0,-14.0,-14.0,-14.0,-14.0,-14.0,-14.0,-14.0,-14.0,-14.0,-14.0,-14.0,-14.0,-14.0,-14.0,-14.0,-14.0,-14.0,-14.0,-14.0,-14.0,-14.0,-14.0,-14.0,-14.0,-14.0,-14.0,-14.0,-14.0,-14.0,-14.0,-14.0,-70.0,-70.0,-70.0,-70.0,-70.0,-70.0,-70.0,-70.0,False,False,False,True,False,False,False
9800,0.117307957868172,-14.0,-14.0,-14.0,-14.0,-14.0,-14.0,-14.0,-14.0,-14.0,-14.0,-14.0,-14.0,-14.0,-14.0,-14.0,-14.0,-14.0,-14.0,-14.0,-14.0,-14.0,-14.0,-14.0,-14.0,-14.0,-14.0,-14.0,-14.0,-14.0,-14.0,-14.0,-14.0,-14.0,-14.0,-14.0,-14.0,-14.0,-14.0,-14.0,-70.0,-70.0,-70.0,-70.0,-70.0,-70.0,-70.0,-70.0,False,False,False,True,False,False,False
9850,0.117307957868172,-14.0,-14.0,-14.0,-14.0,-14.0,-14.0,-14.0,-14.0,-14.0,-14.0,-14.0,-14.0,-14.0,-14.0,-14.0,-14.0,-14.0,-14.0,-14.0,-14.0,-14.0,-14.0,-14.0,-14.0,-14.0,-14.0,-14.0,-14.0,-14.0,-14.0,-14.0,-14.0,-14.0,-14.0,-14.0,-14.0,-14.0,-14.0,-14.0,-70.0,-70.0,-70.0,-70.0,-70.0,-70.0,-70.0,-70.0,False,False,False,True,False,False,False
9900,0.117307957868172,-14.0,-14.0,-14.0,-14.0,-14.0,-14.0,-14.0,-14.0,-14.0,-14.0,-14.0,-14.0,-14.0,-14.0,-14.0,-14.0,-14.0,-14.0,-14.0,-14.0,-14.0,-14.0,-14.0,-14.0,-14.0,-14.0,-14.0,-14.0,-14.0,-14.0,-14.0,-14.0,-14.0,-14.0,-14.0,-14.0,-14.0,-14.0,-14.0,-70.0,-70.0,-70.0,-70.0,-70.0,-70.0,-70.0,-70.0,False,False,False,True,False,False,False
9950,0.117307957868172,-14.0,-14.0,-14.0,-14.0,-14.0,-14.0,-14.0,-14.0,-14.0,-14.0,-14.0,-14.0,-14.0,-14.0,-14.0,-14.0,-14.0,-14.0,-14.0,-14.0,-14.0,-14.0,-14.0,-14.0,-14.0,-14.0,-14.0,-14.0,-14.0,-14.0,-14.0,-14.0,-14.0,-14.0,-14.0,-14.0,-14.0,-14.0,-14.0,-70.0,-70.0,-70.0,-70.0,-70.0,-70.0,-70.0,-70.0,False,False,False,True,False,False,False
10000,0.117307957868172,-14.0,-14.0,-14.0,-14.0,-14.0,-14.0,-14.0,-14.0,-14.0,-14.0,-14.0,-14.0,-14.0,-14.0,-14.0,-14.0,-14.0,-14.0,-14.0,-14.0,-14.0,-14.0,-14.0,-14.0,-14.0,-14.0,-14.0,-14.0,-14.0,-14.0,-14.0,-14.0,-14.0,-14.0,-14.0,-14.0,-14.0,-14.0,-14.0,-70.0,-70.0,-70.0,-70.0,-70.0,-70.0,-70.0,-70.0,False,False,False,True,False,False,False
1000,0.117307957868172,-43.02198114845622,-41.825334078157276,-40.6466426140676,-39.48590675618722,-38.34312650451613,-37.21830185905429,-36.11143281980169,-35.022519386758425,-33.95156155992443,-32.89855933929972,-31.863512724884238,-30.846421716678083,-29.84728631468121,-28.86610651889361,-27.902882329315243,-26.957613745946208,-26.030300768786397,-25.12094339783592,-24.229541633094666,-23.356095474562746,-22.500604922240054,-21.66306997612669,-20.843490636222562,-20.041866902527705,-19.258198775042178,-18.492486253765883,-17.74472933869886,-17.014928029841126,-16.303082327192715,-15.609192230753541,-14.933257740523642,-14.275278856503016,-14.0,-14.0,-14.0,-14.0,-14.0,-14.0,-14.0,-70.0,-70.0,-70.0,-70.0,-70.0,-70.0,-70.0,-70.0,False,False,False,False,True,False,False
1050,0.117307957868172,-41.43690305162084,-40.2959446974474,-39.17210634416411,-38.06538799177099,-36.97578964026805,-35.90331128965525,-34.847952939932554,-33.809714591100075,-32.788596243157755,-31.7845978961056,-30.797719549943547,-29.82796120467171,-28.87532286029003,-27.93980451679851,-27.021406174197104,-26.120127832485903,-25.235969491664818,-24.36893115173394,-23.519012812693173,-22.686214474542613,-21.870536137282166,-21.07197780091193,-20.29053946543181,-19.526221130841844,-18.779022797142083,-18.04894446433244,-17.335986132412955,-16.640147801383634,-15.961429471244518,-15.299831141995513,-14.655352813636672,-14.027994486167984,-14.0,-14.0,-14.0,-14.0,-14.0,-14.0,-14.0,-70.0,-70.0,-70.0,-70.0,-70.0,-70.0,-70.0,-70.0,False,False,False,False,True,False,False
1100,0.117307957868172,-39.99576570389811,-38.90543417746619,-37.83146299988908,-36.77385217116677,-35.73260169129929,-34.7077115602866,-33.69918177812867,-32.70701234482559,-31.731203260377324,-30.771754524783866,-29.82866613804516,-28.901938100161317,-27.99157041113228,-27.097563070958046,-26.219916079638576,-25.358629437173956,-24.5137031435641,-23.685137198809098,-22.872931602908853,-22.077086355863464,-21.297601457672837,-20.534476908337062,-19.787712707856052,-19.057308856229845,-18.34326535345849,-17.6455821995419,-16.964259394480113,-16.299296938273137,-15.650694830921017,-15.018453072423652,-14.402571662781101,-14.0,-14.0,-14.0,-14.0,-14.0,-14.0,-14.0,-14.0,-70.0,-70.0,-70.0,-70.0,-70.0,-70.0,-70.0,-70.0,False,False,False,False,True,False,False
1150,0.117307957868172,-38.679776709855645,-37.63567036848681,-36.60723077028022,-35.59445791523588,-34.5973518033538,-33.61591243463396,-32.65013980907632,-31.700033926680977,-30.765594787447874,-29.846822391377028,-28.94371673846838,-28.056277828722024,-27.184505662137916,-26.328400238716057,-25.4879615584564,-24.663189621359038,-23.854084427423878,-23.06064597665101,-22.282874269040345,-21.520769304591973,-20.774331083305803,-20.043559605181926,-19.328454870220256,-18.62901687842083,-17.9452456297837,-17.27714112430877,-16.624703361996087,-15.987932342845655,-15.366828066857515,-14.761390534031579,-14.171619744367892,-14.0,-14.0,-14.0,-14.0,-14.0,-14.0,-14.0,-14.0,-70.0,-70.0,-70.0,-70.0,-70.0,-70.0,-70.0,-70.0,False,False,False,False,True,False,False
1200,0.117307957868172,-37.473278962798844,-36.47154636856995,-35.48484470236939,-34.51317396419715,-33.55653415405326,-32.614925271937686,-31.688347317850393,-30.776800291791474,-29.880284193760883,-28.99879902375862,-28.132344781784646,-27.28092146783904,-26.44452908192176,-25.623167624032813,-24.81683709417215,-24.025537492339858,-23.249268818535853,-22.48803107276022,-21.74182425501287,-21.010648365293893,-20.2945034036032,-19.593389369940876,-18.907306264306847,-18.236254086701138,-17.580232837123802,-16.939242515574755,-16.31328312205403,-15.70235465656164,-15.106457119097621,-14.525590509661884,-14.0,-14.0,-14.0,-14.0,-14.0,-14.0,-14.0,-14.0,-14.0,-70.0,-70.0,-70.0,-70.0,-70.0,-70.0,-70.0,-70.0,False,False,False,False,True,False,False
1250,0.117307957868172,-36.3631230644791,-35.400374951462105,-34.452072807039464,-33.518216631211175,-32.59880642397725,-31.69384218533766,-30.80332391529238,-29.927251613841495,-29.065625280984957,-28.21844491672277,-27.38571052105489,-26.567422093981403,-25.763579635502268,-24.97418314561748,-24.199232624327003,-23.438728071630912,-22.692669487529134,-21.96105687202175,-21.24389022510867,-20.541169546789984,-19.852894837065605,-19.179066095935617,-18.519683323399946,-17.874746519458615,-17.24425568411168,-16.628210817359054,-16.026611919200775,-15.439458989636849,-14.866752028667314,-14.308491036292086,-14.0,-14.0,-14.0,-14.0,-14.0,-14.0,-14.0,-14.0,-14.0,-70.0,-70.0,-70.0,-70.0,-70.0,-70.0,-70.0,-70.0,False,False,False,False,True,False,False
1300,0.117307957868172,-35.338184656756205,-34.41142282763494,-33.49856699541661,-32.599617160101225,-31.714573321688803,-30.843435480179306,-29.986203635572714,-29.1428777878691,-28.313457937068435,-27.49794408317071,-26.696336226175887,-25.90863436608405,-25.134838502895153,-24.3749486366092,-23.62896476722615,-22.896886894746082,-22.17871501916892,-21.474449140494738,-20.78408925872346,-20.10763537385516,-19.44508748588977,-18.796445594827354,-18.161709700667853,-17.540879803411286,-16.9339559030577,-16.340937999607025,-15.761826093059288,-15.196620183414495,-14.645320270672682,-14.107926354833776,-14.0,-14.0,-14.0,-14.0,-14.0,-14.0,-14.0,-14.0,-14.0,-70.0,-70.0,-70.0,-70.0,-70.0,-70.0,-70.0,-70.0,False,False,False,False,True,False,False
1350,0.117307957868172,-34.388989081467436,-33.49554847144752,-32.615513875751354,-31.748885294378933,-30.895662727330272,-30.055846174605342,-29.22943563620412,-28.41643111212668,-27.616832602372988,-26.83064010694304,-26.0578536258368,-25.298473159054346,-24.55249870659563,-23.819930268460666,-23.100767844649408,-22.395011435161933,-21.702661039998166,-21.023716659158183,-20.358178292641906,-19.70604594044941,-19.067319602580625,-18.441999279035624,-17.83008496981433,-17.23157667491678,-16.646474394343013,-16.074778128092955,-15.516487876166641,-14.971603638564075,-14.440125415285292,-14.0,-14.0,-14.0,-14.0,-14.0,-14.0,-14.0,-14.0,-14.0,-14.0,-70.0,-70.0,-70.0,-70.0,-70.0,-70.0,-70.0,-70.0,False,False,False,False,True,False,False
1400,0.117307957868172,-33.50741652504893,-32.644917611498144,-31.795360434263795,-30.95874499334589,-30.135071288744435,-29.324339320459405,-28.526549088490782,-27.741700592838633,-26.969793833502923,-26.210828810483655,-25.46480552378079,-24.7317239733944,-24.01158415932445,-23.30438608157094,-22.610129740133832,-21.928815135013203,-21.260442266208972,-20.605011133721224,-19.962521737549874,-19.332974077695,-18.71636815415653,-18.11270396693454,-17.52198151602895,-16.9442008014398,-16.379361823167127,-15.827464581210856,-15.288509075571024,-14.762495306247635,-14.249423273240721,-14.0,-14.0,-14.0,-14.0,-14.0,-14.0,-14.0,-14.0,-14.0,-14.0,-70.0,-70.0,-70.0,-70.0,-70.0,-70.0,-70.0,-70.0,False,False,False,False,True,False,False
1450,0.117307957868172,-32.686468211355,-31.852777628677984,-31.031596515312746,-30.222924871259284,-29.426762696517613,-28.643109991087705,-27.87196675496954,-27.113332988163194,-26.36720869066862,-25.633593862485824,-24.91248850361477,-24.20389261405553,-23.507806193808065,-22.824229242872377,-22.153161761248434,-21.4946037489363,-20.848555205935913,-20.215016132247335,-19.5939865278705,-18.985466392805478,-18.389455727052194,-17.80595453061073,-17.234962803481007,-16.676480545663058,-16.13050775715692,-15.597044437962527,-15.076090588079913,-14.567646207509075,-14.071711296250049,-14.0,-14.0,-14.0,-14.0,-14.0,-14.0,-14.0,-14.0,-14.0,-14.0,-70.0,-70.0,-70.0,-70.0,-70.0,-70.0,-70.0,-70.0,False,False,False,False,True,False,False
1500,0.117307957868172,-31.920079390721224,-31.113277109421794,-30.31858084033876,-29.535990583472135,-28.765506338821922,-28.007128106388098,-27.260855886170642,-26.526689678169625,-25.804629482385007,-25.094675298816792,-24.396827127464945,-23.711084968329533,-23.037448821410525,-22.375918686707916,-21.726494564221678,-21.089176453951875,-20.46396435589844,-19.85085827006144,-19.249858196440808,-18.66096413503661,-18.084176085848785,-17.519494048877394,-16.96691802412237,-16.42644801158375,-15.898084011261563,-15.381826023155744,-14.877674047266327,-14.385628083593316,-14.0,-14.0,-14.0,-14.0,-14.0,-14.0,-14.0,-14.0,-14.0,-14.0,-14.0,-70.0,-70.0,-70.0,-70.0,-70.0,-70.0,-70.0,-70.0,False,False,False,False,True,False,False
1550,0.117307957868172,-31.202968552489875,-30.421320351932927,-29.651400728357224,-28.89320968176278,-28.146747212149602,-27.412013319517662,-26.689008003866945,-25.977731265197516,-25.278183103509335,-24.590363518802413,-23.914272511076707,-23.249910080332292,-22.597276226569125,-21.95637094978721,-21.32719424998652,-20.70974612716711,-20.104026581328927,-19.51003561247203,-18.92777322059635,-18.357239405701954,-17.79843416778878,-17.251357506856895,-16.716009422906232,-16.192389915936815,-15.680498985948688,-15.180336632941781,-14.691902856916128,-14.215197657871725,-14.0,-14.0,-14.0,-14.0,-14.0,-14.0,-14.0,-14.0,-14.0,-14.0,-14.0,-70.0,-70.0,-70.0,-70.0,-70.0,-70.0,-70.0,-70.0,False,False,False,False,True,False,False
1600,0.117307957868172,-30.530514932423504,-29.772449174727882,-29.02575814109565,-28.29044183152682,-27.56650024602139,-26.853933384579353,-26.152741247200677,-25.462923833885426,-24.784481144633574,-24.11741317944512,-23.461719938320023,-22.81740142125836,-22.184457628260088,-21.562888559325213,-20.952694214453704,-20.35387459364562,-19.7664296969009,-19.19035952421961,-18.62566407560168,-18.07234335104718,-17.530397350556044,-16.999826074128336,-16.480629521763994,-15.972807693463045,-15.476360589225525,-14.991288209051365,-14.517590552940604,-14.055267620893238,-14.0,-14.0,-14.0,-14.0,-14.0,-14.0,-14.0,-14.0,-14.0,-14.0,-14.0,-70.0,-70.0,-70.0,-70.0,-70.0,-70.0,-70.0,-70.0,False,False,False,False,True,False,False
1650,0.117307957868172,-29.898658309324308,-29.162746232362814,-28.43787646502338,-27.72404900730601,-27.021263859210713,-26.329521020737463,-25.648820491886248,-24.97916227265712,-24.320546363050056,-23.672972763065054,-23.03644147270208,-22.4109524919612,-21.79650582084238,-21.19310145934562,-20.60073940747089,-20.019419665218255,-19.44914223258765,-18.889907109579134,-18.34171429619265,-17.804563792428258,-17.278455598285895,-16.763389713765623,-16.25936613886739,-15.766384873591209,-15.28444591793712,-14.813549271905062,-14.353694935495067,-14.0,-14.0,-14.0,-14.0,-14.0,-14.0,-14.0,-14.0,-14.0,-14.0,-14.0,-14.0,-70.0,-70.0,-70.0,-70.0,-70.0,-70.0,-70.0,-70.0,False,False,False,False,True,False,False
1700,0.117307957868172,-29.303816498928295,-28.58875540741594,-27.884423757936613,-27.190821550490323,-26.50794878507708,-25.83580546169686,-25.174391580349646,-24.523707141035494,-23.88375214375438,-23.254526588506298,-22.63603047529122,-22.028263804109212,-21.431226574960235,-20.84491878784429,-20.269340442761354,-19.70449153971148,-19.15037207869461,-18.606982059710806,-18.074321482760006,-17.55239034784227,-17.04118865495754,-16.540716404105872,-16.050973595287214,-15.57196022850159,-15.103676303749024,-14.64612182102947,-14.199296780342943,-14.0,-14.0,-14.0,-14.0,-14.0,-14.0,-14.0,-14.0,-14.0,-14.0,-14.0,-14.0,-70.0,-70.0,-70.0,-70.0,-70.0,-70.0,-70.0,-70.0,False,False,False,False,True,False,False
1750,0.117307957868172,-28.742817003244785,-28.047415861100113,-27.362449164813157,-26.687916914383923,-26.02381910981242,-25.370155751098622,-24.726926838242516,-24.09413237124416,-23.47177235010352,-22.859846774820607,-22.258355645395376,-21.667298961827896,-21.08667672411814,-20.516488932266096,-19.956735586271744,-19.40741668613514,-18.86853223185623,-18.340082223435065,-17.822066660871588,-17.314485544165862,-16.817338873317826,-16.330626648327538,-15.854348869194943,-15.388505535920066,-14.933096648502934,-14.488122206943494,-14.053582211241773,-14.0,-14.0,-14.0,-14.0,-14.0,-14.0,-14.0,-14.0,-14.0,-14.0,-14.0,-14.0,-70.0,-70.0,-70.0,-70.0,-70.0,-70.0,-70.0,-70.0,False,False,False,False,True,False,False
1800,0.117307957868172,-28.212840060996463,-27.53600708476385,-26.869329940348585,-26.212808627750682,-25.56644314697014,-24.93023349800695,-24.304179680861083,-23.6882816955326,-23.082539542021472,-22.486953220327702,-21.90152273045126,-21.326248072392197,-20.761129246150492,-20.206166251726142,-19.66135908911912,-19.12670775832948,-18.60221225935717,-18.087872592202245,-17.583688756864642,-17.089660753344425,-16.605788581641534,-16.132072241756028,-15.668511733687852,-15.215107057437027,-14.771858213003588,-14.338765200387476,-14.0,-14.0,-14.0,-14.0,-14.0,-14.0,-14.0,-14.0,-14.0,-14.0,-14.0,-14.0,-14.0,-70.0,-70.0,-70.0,-70.0,-70.0,-70.0,-70.0,-70.0,False,False,False,False,True,False,False
1850,0.117307957868172,-27.711370940676208,-27.052102869512673,-26.402727069985417,-25.763243542094454,-25.133652285839784,-24.51395330122139,-23.904146588239257,-23.30423214689344,-22.714209977183906,-22.13408007911066,-21.563842452673672,-21.003497097873,-20.453044014708613,-19.912483203180514,-19.381814663288672,-18.861038395033145,-18.350154398413874,-17.84916267343092,-17.358063220084226,-16.87685603837384,-16.405541128299717,-15.944118489861909,-15.49258812306036,-15.050950027895096,-14.619204204366145,-14.197350652473453,-14.0,-14.0,-14.0,-14.0,-14.0,-14.0,-14.0,-14.0,-14.0,-14.0,-14.0,-14.0,-14.0,-70.0,-70.0,-70.0,-70.0,-70.0,-70.0,-70.0,-70.0,False,False,False,False,True,False,False
1900,0.117307957868172,-27.23615977241458,-26.593532549920457,-25.96054790428367,-25.337205835504225,-24.723506343582127,-24.11944942851736,-23.525035090309906,-22.940263328959816,-22.365134144467067,-21.79964753683166,-21.24380350605356,-20.69760205213283,-20.161043175069434,-19.63412687486338,-19.11685315151464,-18.609222005023263,-18.111233435389202,-17.622887442612505,-17.144184026693118,-16.675123187631097,-16.21570492542639,-15.765929240079052,-15.325796131589026,-14.895305599956336,-14.474457645181012,-14.063252267263,-14.0,-14.0,-14.0,-14.0,-14.0,-14.0,-14.0,-14.0,-14.0,-14.0,-14.0,-14.0,-14.0,-70.0,-70.0,-70.0,-70.0,-70.0,-70.0,-70.0,-70.0,False,False,False,False,True,False,False
1950,0.117307957868172,-26.785187564557685,-26.158348215244388,-25.540914546847468,-24.932886559366924,-24.33426425280277,-23.74504762715499,-23.165236682423554,-22.594831418608525,-22.033831835709872,-21.482237933727603,-20.94004971266168,-20.407267172512164,-19.883890313279025,-19.369919134962263,-18.865353637561853,-18.370193821077848,-17.88443968551019,-17.408091230858943,-16.941148457124044,-16.48361136430555,-16.035479952403406,-15.596754221417669,-15.167434171348285,-14.747519802195276,-14.33701111395867,-14.0,-14.0,-14.0,-14.0,-14.0,-14.0,-14.0,-14.0,-14.0,-14.0,-14.0,-14.0,-14.0,-14.0,-70.0,-70.0,-70.0,-70.0,-70.0,-70.0,-70.0,-70.0,False,False,False,False,True,False,False
2000,0.117307957868172,-26.35663732184027,-25.74479684303958,-25.142136988144564,-24.548657757155222,-23.964359150071562,-23.389241166893573,-22.82330380762123,-22.266547072254586,-21.71897096079362,-21.180575473238328,-20.651360609588682,-20.13132636984474,-19.62047275400647,-19.118799762073873,-18.62630739404693,-18.14299564992568,-17.66886452971009,-17.203914033400192,-16.748144160995942,-16.301554912497394,-15.864146287904497,-15.435918287217298,-15.01687091043575,-14.607004157559878,-14.206318028589703,-14.0,-14.0,-14.0,-14.0,-14.0,-14.0,-14.0,-14.0,-14.0,-14.0,-14.0,-14.0,-14.0,-14.0,-70.0,-70.0,-70.0,-70.0,-70.0,-70.0,-70.0,-70.0,False,False,False,False,True,False,False
2050,0.117307957868172,-25.948869393510453,-25.351296514124137,-24.762690174304844,-24.183050374052584,-23.612377113367362,-23.050670392249163,-22.497930210697966,-21.954156568713827,-21.419349466296715,-20.893508903446637,-20.376634880163557,-19.86872739644754,-19.36978645229855,-18.879812047716587,-18.398804182701628,-17.926762857253728,-17.46368807137283,-17.00957982505899,-16.56443811831215,-16.128262951132367,-15.701054323519589,-15.282812235473866,-14.87353668699515,-14.473227678083461,-14.081885208738829,-14.0,-14.0,-14.0,-14.0,-14.0,-14.0,-14.0,-14.0,-14.0,-14.0,-14.0,-14.0,-14.0,-14.0,-70.0,-70.0,-70.0,-70.0,-70.0,-70.0,-70.0,-70.0,False,False,False,False,True,False,False
2100,0.117307957868172,-25.560400345895438,-24.976416028150858,-24.401194354549293,-23.83473532509075,-23.277038939775235,-22.72810519860273,-22.187934101573223,-21.656525648686756,-21.133879839943308,-20.619996675342882,-20.11487615488545,-19.618518278571063,-19.130923046399694,-18.652090458371344,-18.182020514485988,-17.720713214743675,-17.26816855914436,-16.82438654768809,-16.38936718037481,-15.963110457204573,-15.545616378177334,-15.136884943293138,-14.73691615255194,-14.345710005953759,-14.0,-14.0,-14.0,-14.0,-14.0,-14.0,-14.0,-14.0,-14.0,-14.0,-14.0,-14.0,-14.0,-14.0,-14.0,-70.0,-70.0,-70.0,-70.0,-70.0,-70.0,-70.0,-70.0,False,False,False,False,True,False,False
2150,0.117307957868172,-25.189884785240316,-24.6188573657768,-24.056398173097165,-23.50250720720141,-22.957184468089544,-22.420429955761552,-21.892243670217415,-21.37262561145718,-20.86157577948083,-20.359094174288362,-19.86518079587975,-19.37983564425504,-18.90305871941421,-18.434850021357263,-17.975209550084173,-17.524137305594987,-17.081633287889655,-16.64769749696823,-16.22232993283066,-15.805530595476997,-15.39729948490719,-14.997636601121286,-14.606541944119243,-14.224015513901078,-14.0,-14.0,-14.0,-14.0,-14.0,-14.0,-14.0,-14.0,-14.0,-14.0,-14.0,-14.0,-14.0,-14.0,-14.0,-70.0,-70.0,-70.0,-70.0,-70.0,-70.0,-70.0,-70.0,False,False,False,False,True,False,False
2200,0.117307957868172,-24.836099661114343,-24.277440544218816,-23.727164068585843,-23.18527023421542,-22.651759041107557,-22.12663048926224,-21.60988457867945,-21.101521309359235,-20.60154068130157,-20.10994269450646,-19.626727348973876,-19.15189464470387,-18.685444581696416,-18.227377159951512,-17.777692379469133,-17.336390240249337,-16.903470742292065,-16.478933885597367,-16.0627796701652,-15.655008095995607,-15.255619163088541,-14.864612871444052,-14.481989221062094,-14.107748211942685,-14.0,-14.0,-14.0,-14.0,-14.0,-14.0,-14.0,-14.0,-14.0,-14.0,-14.0,-14.0,-14.0,-14.0,-14.0,-70.0,-70.0,-70.0,-70.0,-70.0,-70.0,-70.0,-70.0,False,False,False,False,True,False,False
2250,0.117307957868172,-24.49793066423755,-23.951090493609545,-23.412455621775905,-22.88202604873664,-22.359801774491753,-21.84578279904123,-21.339969122385057,-20.842360744523276,-20.352957665455865,-19.87175988518283,-19.398767403704138,-18.93398022101984,-18.477398337129916,-18.02902175203436,-17.588850465733152,-17.156884478226342,-16.733123789513876,-16.317568399595803,-15.91021830847208,-15.51107351614275,-15.12013402260777,-14.737399827867183,-14.362870931920945,-14.0,-14.0,-14.0,-14.0,-14.0,-14.0,-14.0,-14.0,-14.0,-14.0,-14.0,-14.0,-14.0,-14.0,-14.0,-14.0,-70.0,-70.0,-70.0,-70.0,-70.0,-70.0,-70.0,-70.0,False,False,False,False,True,False,False
2300,0.117307957868172,-24.174360399780976,-23.63882564641013,-23.11132655483262,-22.591863125048448,-22.08043535705762,-21.57704325086012,-21.08168680645594,-20.59436602384512,-20.115080903027632,-19.64383144400349,-19.180617646772653,-18.725439511335182,-18.278297037691047,-17.839190225840248,-17.408119075782764,-16.98508358751864,-16.570083761047837,-16.163119596370386,-15.764191093486252,-15.373298252395479,-14.990441073098019,-14.615619555593922,-14.248833699883138,-14.0,-14.0,-14.0,-14.0,-14.0,-14.0,-14.0,-14.0,-14.0,-14.0,-14.0,-14.0,-14.0,-14.0,-14.0,-14.0,-70.0,-70.0,-70.0,-70.0,-70.0,-70.0,-70.0,-70.0,False,False,False,False,True,False,False
2350,0.117307957868172,-23.864458071518893,-23.339747984554222,-22.822911136014994,-22.313947525901213,-21.812857154212885,-21.319640020949997,-20.83429612611253,-20.35682546970053,-19.887228051713976,-19.42550387215287,-18.971652931017182,-18.525675228306966,-18.087570764022193,-17.657339538162866,-17.23498155072896,-16.820496801720523,-16.41388529113751,-16.015147018979967,-15.624281985247842,-15.241290189941187,-14.866171633059954,-14.49892631460419,-14.13955423457385,-14.0,-14.0,-14.0,-14.0,-14.0,-14.0,-14.0,-14.0,-14.0,-14.0,-14.0,-14.0,-14.0,-14.0,-14.0,-14.0,-70.0,-70.0,-70.0,-70.0,-70.0,-70.0,-70.0,-70.0,False,False,False,False,True,False,False
2400,0.117307957868172,-23.567370456344324,-23.053034331581262,-22.546415784661047,-22.04751481558369,-21.55633142434919,-21.072865610957532,-20.597117375408708,-20.12908671770275,-19.66877363783965,-19.2161781358194,-18.77130021164198,-18.33413986530743,-17.904697096815735,-17.482971906166892,-17.068964293360875,-16.662674258397733,-16.264101801277423,-15.873246921999982,-15.490109620565374,-15.114689896973635,-14.74698775122473,-14.387003183318695,-14.034736193255492,-14.0,-14.0,-14.0,-14.0,-14.0,-14.0,-14.0,-14.0,-14.0,-14.0,-14.0,-14.0,-14.0,-14.0,-14.0,-14.0,-70.0,-70.0,-70.0,-70.0,-70.0,-70.0,-70.0,-70.0,False,False,False,False,True,False,False
2450,0.117307957868172,-23.282313984681295,-22.777928711774553,-22.28111170486942,-21.791862963965908,-21.31018248906401,-20.83607028016372,-20.369526337265025,-19.91055066036796,-19.45914324947251,-19.01530410457867,-18.579033225686427,-18.150330612795816,-17.729196265906815,-17.31563018501943,-16.909632370133636,-16.511202821249476,-16.120341538366908,-15.737048521485976,-15.361323770606631,-14.993167285728923,-14.632579066852806,-14.279559113978324,-14.0,-14.0,-14.0,-14.0,-14.0,-14.0,-14.0,-14.0,-14.0,-14.0,-14.0,-14.0,-14.0,-14.0,-14.0,-14.0,-14.0,-70.0,-70.0,-70.0,-70.0,-70.0,-70.0,-70.0,-70.0,False,False,False,False,True,False,False
2500,0.117307957868172,-23.008567771861593,-22.51373562681673,-22.026328403753165,-21.5463461026709,-21.07378872356994,-20.60865626645027,-20.15094873131188,-19.700666118154807,-19.25780842697903,-18.822375657784555,-18.394367810571353,-17.973784885339473,-17.56062688208889,-17.154893800819604,-16.756585641531593,-16.365702404224905,-15.982244088899492,-15.606210695555399,-15.237602224192582,-14.876418674811081,-14.522660047410861,-14.17632634199196,-14.0,-14.0,-14.0,-14.0,-14.0,-14.0,-14.0,-14.0,-14.0,-14.0,-14.0,-14.0,-14.0,-14.0,-14.0,-14.0,-14.0,-70.0,-70.0,-70.0,-70.0,-70.0,-70.0,-70.0,-70.0,False,False,False,False,True,False,False
2550,0.117307957868172,-22.745467469852812,-22.259814123940203,-21.781447972765175,-21.310369016327734,-20.846577254627878,-20.3900726876656,-19.94085531544088,-19.49892513795377,-19.064282155204236,-18.636926367192284,-18.216857773917898,-17.80407637538111,-17.398582171581907,-17.000375162520285,-16.609455348196228,-16.22582272860977,-15.849477303760874,-15.480419073649582,-15.11864803827585,-14.764164197639722,-14.416967551741156,-14.07705810058019,-14.0,-14.0,-14.0,-14.0,-14.0,-14.0,-14.0,-14.0,-14.0,-14.0,-14.0,-14.0,-14.0,-14.0,-14.0,-14.0,-14.0,-70.0,-70.0,-70.0,-70.0,-70.0,-70.0,-70.0,-70.0,False,False,False,False,True,False,False
2600,0.117307957868172,-22.49239982883219,-22.015572548951567,-21.54590002930049,-21.083382269878964,-20.628019270686988,-20.17981103172455,-19.73875755299164,-19.304858834488297,-18.8781148762145,-18.45852567817025,-18.046091240355523,-17.640811562770367,-17.242686645414757,-16.85171648828869,-16.467901091392154,-16.09124045472518,-15.721734578287736,-15.359383462079858,-15.004187106101506,-14.656145510352717,-14.315258674833458,-14.0,-14.0,-14.0,-14.0,-14.0,-14.0,-14.0,-14.0,-14.0,-14.0,-14.0,-14.0,-14.0,-14.0,-14.0,-14.0,-14.0,-14.0,-70.0,-70.0,-70.0,-70.0,-70.0,-70.0,-70.0,-70.0,False,False,False,False,True,False,False
2650,0.117307957868172,-22.248797874791574,-21.7804638936135,-21.319157231307614,-20.864877887873917,-20.41762586331241,-19.97740115762308,-19.544203770805918,-19.11803370286096,-18.698890953788187,-18.286775523587604,-17.881687412259183,-17.48362661980297,-17.092593146218938,-16.708586991507094,-16.331608155667418,-15.961656638699944,-15.598732440604639,-15.242835561381538,-14.893966001030602,-14.552123759551872,-14.217308836945307,-14.0,-14.0,-14.0,-14.0,-14.0,-14.0,-14.0,-14.0,-14.0,-14.0,-14.0,-14.0,-14.0,-14.0,-14.0,-14.0,-14.0,-14.0,-70.0,-70.0,-70.0,-70.0,-70.0,-70.0,-70.0,-70.0,False,False,False,False,True,False,False
2700,0.117307957868172,-22.014136623266314,-21.553981660286496,-21.100731290578647,-20.65438551414277,-20.214944330978874,-19.782407741086942,-19.356775744466965,-18.938048341118975,-18.52622553104296,-18.12130731423892,-17.72329369070683,-17.33218466044673,-16.9479802234586,-16.570680379742445,-16.200285129298244,-15.836794472126032,-15.480208408225772,-15.130526937597505,-14.787750060241189,-14.451877776156865,-14.122910085344493,-14.0,-14.0,-14.0,-14.0,-14.0,-14.0,-14.0,-14.0,-14.0,-14.0,-14.0,-14.0,-14.0,-14.0,-14.0,-14.0,-14.0,-14.0,-70.0,-70.0,-70.0,-70.0,-70.0,-70.0,-70.0,-70.0,False,False,False,False,True,False,False
2750,0.117307957868172,-21.78792926091132,-21.335656177954498,-20.89016942120712,-20.451468990669195,-20.019554886340725,-19.594427108221694,-19.176085656312093,-18.76453053061196,-18.359761731121274,-17.961779257840043,-17.570583110768233,-17.186173289905895,-16.808549795253004,-16.437712626809564,-16.07366178457555,-15.716397268551004,-15.365919078735887,-15.02222721513024,-14.68532167773402,-14.355202466547267,-14.031869581569945,-14.0,-14.0,-14.0,-14.0,-14.0,-14.0,-14.0,-14.0,-14.0,-14.0,-14.0,-14.0,-14.0,-14.0,-14.0,-14.0,-14.0,-14.0,-70.0,-70.0,-70.0,-70.0,-70.0,-70.0,-70.0,-70.0,False,False,False,False,True,False,False
2800,0.117307957868172,-21.56972373640728,-21.125051313175444,-20.68705116878158,-20.255723303225686,-19.83106771650777,-19.413084408627824,-19.001773379585828,-18.597134629381824,-18.19916815801579,-17.80787396548773,-17.423252051797622,-17.045302416945507,-16.67402506093136,-16.309419983755188,-15.951487185416969,-15.60022666591674,-15.255638425254464,-14.917722463430179,-14.586478780443846,-14.261907376295504,-14.0,-14.0,-14.0,-14.0,-14.0,-14.0,-14.0,-14.0,-14.0,-14.0,-14.0,-14.0,-14.0,-14.0,-14.0,-14.0,-14.0,-14.0,-14.0,-70.0,-70.0,-70.0,-70.0,-70.0,-70.0,-70.0,-70.0,False,False,False,False,True,False,False
2850,0.117307957868172,-21.359099710398304,-20.92176152742695,-20.490985573527652,-20.066771848700423,-19.64912035294526,-19.238031086262158,-18.8335040486511,-18.435539240112124,-18.044136660645208,-17.65929631025036,-17.281018188927558,-16.909302296676834,-16.544148633498175,-16.18555719939158,-15.83352799435703,-15.488061018394562,-15.14915627150414,-14.8168137536858,-14.491033464939502,-14.171815405265287,-14.0,-14.0,-14.0,-14.0,-14.0,-14.0,-14.0,-14.0,-14.0,-14.0,-14.0,-14.0,-14.0,-14.0,-14.0,-14.0,-14.0,-14.0,-14.0,-70.0,-70.0,-70.0,-70.0,-70.0,-70.0,-70.0,-70.0,False,False,False,False,True,False,False
2900,0.117307957868172,-21.15566582110417,-20.72540923901541,-20.301608627069132,-19.884263985265335,-19.473375313604027,-19.068942612085188,-18.670965880708813,-18.279445119474936,-17.89438032838354,-17.515771507434625,-17.14361865662817,-16.777921775964213,-16.418680865442735,-16.06589592506374,-15.719566954827203,-15.379693954733165,-15.04627692478159,-14.719315864972515,-14.398810775305899,-14.084761655781781,-14.0,-14.0,-14.0,-14.0,-14.0,-14.0,-14.0,-14.0,-14.0,-14.0,-14.0,-14.0,-14.0,-14.0,-14.0,-14.0,-14.0,-14.0,-14.0,-70.0,-70.0,-70.0,-70.0,-70.0,-70.0,-70.0,-70.0,False,False,False,False,True,False,False
2950,0.117307957868172,-20.959057228132817,-20.535642453392516,-20.118580987950438,-19.707872831806593,-19.30351798496098,-18.90551644741359,-18.513868219164408,-18.12857330021347,-17.749631690560765,-17.377043390206286,-17.01080839915002,-16.650926717391993,-16.297398344932198,-15.950223281770631,-15.609401527907274,-15.274933083342162,-14.946817948075262,-14.625056122106606,-14.30964760543616,-14.00059239806396,-14.0,-14.0,-14.0,-14.0,-14.0,-14.0,-14.0,-14.0,-14.0,-14.0,-14.0,-14.0,-14.0,-14.0,-14.0,-14.0,-14.0,-14.0,-14.0,-70.0,-70.0,-70.0,-70.0,-70.0,-70.0,-70.0,-70.0,False,False,False,False,True,False,False
3000,0.117307957868172,-20.768933402018387,-20.352132630546798,-19.941585925713582,-19.537293287518747,-19.13925471596229,-18.747470211044206,-18.361939772764483,-17.98266340112315,-17.609641096120196,-17.24287285775562,-16.882358686029402,-16.528098580941577,-16.180092542492126,-15.838340570681057,-15.502842665508343,-15.173598826974025,-14.850609055078065,-14.5338733498205,-14.223391711201291,-14.0,-14.0,-14.0,-14.0,-14.0,-14.0,-14.0,-14.0,-14.0,-14.0,-14.0,-14.0,-14.0,-14.0,-14.0,-14.0,-14.0,-14.0,-14.0,-14.0,-70.0,-70.0,-70.0,-70.0,-70.0,-70.0,-70.0,-70.0,False,False,False,False,True,False,False
3050,0.117307957868172,-20.58497613127143,-20.174572762249735,-19.770327467286815,-19.372240246382674,-18.980311099537307,-18.59454002675071,-18.214927028022867,-17.841472103353816,-17.47417525274354,-17.113036476192033,-16.758055773699283,-16.409233145265326,-16.066568590890142,-15.730062110573728,-15.399713704316074,-15.075523372117209,-14.7574911139771,-14.445616929895781,-14.139900819873217,-14.0,-14.0,-14.0,-14.0,-14.0,-14.0,-14.0,-14.0,-14.0,-14.0,-14.0,-14.0,-14.0,-14.0,-14.0,-14.0,-14.0,-14.0,-14.0,-14.0,-70.0,-70.0,-70.0,-70.0,-70.0,-70.0,-70.0,-70.0,False,False,False,False,True,False,False
3100,0.117307957868172,-20.406887722370644,-20.00267563545019,-19.60452872283042,-19.212446984511345,-18.826430420492965,-18.446479030775272,-18.072592815358256,-17.704771774241944,-17.343015907426324,-16.987325214911397,-16.637699696697144,-16.2941393527836,-15.956644183170745,-15.625214187858582,-15.299849366847093,-14.980549720136313,-14.667315247726208,-14.360145949616811,-14.059041825808087,-14.0,-14.0,-14.0,-14.0,-14.0,-14.0,-14.0,-14.0,-14.0,-14.0,-14.0,-14.0,-14.0,-14.0,-14.0,-14.0,-14.0,-14.0,-14.0,-14.0,-70.0,-70.0,-70.0,-70.0,-70.0,-70.0,-70.0,-70.0,False,False,False,False,True,False,False
3150,0.117307957868172,-20.234389371247214,-19.83617226112304,-19.443930371088946,-19.057663701144932,-18.677372251291004,-18.303056021527155,-17.934715011853367,-17.57234922226968,-17.21595865277607,-16.865543303372544,-16.521103174059082,-16.182638264835717,-15.850148575702434,-15.52363410665923,-15.203094857706091,-14.88853082884305,-14.579942020070074,-14.277328431387195,-14.0,-14.0,-14.0,-14.0,-14.0,-14.0,-14.0,-14.0,-14.0,-14.0,-14.0,-14.0,-14.0,-14.0,-14.0,-14.0,-14.0,-14.0,-14.0,-14.0,-14.0,-70.0,-70.0,-70.0,-70.0,-70.0,-70.0,-70.0,-70.0,False,False,False,False,True,False,False
3200,0.117307957868172,-20.06721968749543,-19.674810450466314,-19.288289286794708,-18.907656196480627,-18.532911179524064,-18.16405423592502,-17.80108536568347,-17.444004568799453,-17.09281184527296,-16.74750719510398,-16.4080906182925,-16.074562114838557,-15.746921684742132,-15.425169328003221,-15.109305044621815,-14.79932883459794,-14.495240697931566,-14.197040634622727,-14.0,-14.0,-14.0,-14.0,-14.0,-14.0,-14.0,-14.0,-14.0,-14.0,-14.0,-14.0,-14.0,-14.0,-14.0,-14.0,-14.0,-14.0,-14.0,-14.0,-14.0,-70.0,-70.0,-70.0,-70.0,-70.0,-70.0,-70.0,-70.0,False,False,False,False,True,False,False
3250,0.117307957868172,-19.905133354854364,-19.518353522570496,-19.13737729481678,-18.762204671593217,-18.392835652899812,-18.029270238736554,-17.671508429103433,-17.319550224000476,-16.973395623427677,-16.633044627385026,-16.29849723587251,-15.969753448890167,-15.646813266437972,-15.329676688515931,-15.018343715124024,-14.712814346262286,-14.413088581930685,-14.119166422129252,-14.0,-14.0,-14.0,-14.0,-14.0,-14.0,-14.0,-14.0,-14.0,-14.0,-14.0,-14.0,-14.0,-14.0,-14.0,-14.0,-14.0,-14.0,-14.0,-14.0,-14.0,-70.0,-70.0,-70.0,-70.0,-70.0,-70.0,-70.0,-70.0,False,False,False,False,True,False,False
3300,0.117307957868172,-19.74789991350084,-19.366579129609445,-18.990980037606082,-18.62110263749075,-18.256946929263457,-17.898512912924193,-17.545800588472943,-17.198809955909745,-16.857541015234577,-16.52199376644744,-16.192168209548324,-15.868064344537256,-15.549682171414219,-15.237021690179215,-14.930082900832227,-14.628865803373289,-14.333370397802367,-14.043596684119494,-14.0,-14.0,-14.0,-14.0,-14.0,-14.0,-14.0,-14.0,-14.0,-14.0,-14.0,-14.0,-14.0,-14.0,-14.0,-14.0,-14.0,-14.0,-14.0,-14.0,-14.0,-70.0,-70.0,-70.0,-70.0,-70.0,-70.0,-70.0,-70.0,False,False,False,False,True,False,False
3350,0.117307957868172,-19.595302651421555,-19.219278187268767,-18.848895944094046,-18.484155921897393,-18.125058120678812,-17.771602540438295,-17.423789181175824,-17.08161804289144,-16.745089125585118,-16.414202429256864,-16.08895795390666,-15.769355699534541,-15.455395666140488,-15.1470778537245,-14.844402262286565,-14.54736889182671,-14.255977742344907,-14.0,-14.0,-14.0,-14.0,-14.0,-14.0,-14.0,-14.0,-14.0,-14.0,-14.0,-14.0,-14.0,-14.0,-14.0,-14.0,-14.0,-14.0,-14.0,-14.0,-14.0,-14.0,-70.0,-70.0,-70.0,-70.0,-70.0,-70.0,-70.0,-70.0,False,False,False,False,True,False,False
3400,0.117307957868172,-19.44713759363066,-19.076253899573597,-18.710935289596225,-18.35118176369855,-17.996993321880566,-17.648369964142272,-17.305311690483656,-16.967818500904748,-16.635890395405532,-16.30952737398601,-15.988729436646166,-15.673496583386028,-15.363828814205583,-15.05972612910483,-14.761188528083753,-14.468216011142387,-14.180808578280695,-14.0,-14.0,-14.0,-14.0,-14.0,-14.0,-14.0,-14.0,-14.0,-14.0,-14.0,-14.0,-14.0,-14.0,-14.0,-14.0,-14.0,-14.0,-14.0,-14.0,-14.0,-14.0,-70.0,-70.0,-70.0,-70.0,-70.0,-70.0,-70.0,-70.0,False,False,False,False,True,False,False
3450,0.117307957868172,-19.3032125793025,-18.937320868534915,-18.576919337484348,-18.2220079861508,-17.87258681453427,-17.528655822634754,-17.19021501045224,-16.857264377986752,-16.529803925238284,-16.207833652206833,-15.89135355889238,-15.58036364529496,-15.274863911414558,-14.97485435725117,-14.680334982804784,-14.391305788075428,-14.107766773063075,-14.0,-14.0,-14.0,-14.0,-14.0,-14.0,-14.0,-14.0,-14.0,-14.0,-14.0,-14.0,-14.0,-14.0,-14.0,-14.0,-14.0,-14.0,-14.0,-14.0,-14.0,-14.0,-70.0,-70.0,-70.0,-70.0,-70.0,-70.0,-70.0,-70.0,False,False,False,False,True,False,False
3500,0.117307957868172,-19.163346418024354,-18.802304280129064,-18.446679554446536,-18.096472240976773,-17.75168233971978,-17.41230985067554,-17.078354773844048,-16.749817109225337,-16.426696856819387,-16.1089940166262,-15.796708588645757,-15.489840572878094,-15.188389969323193,-14.892356777981055,-14.601740998851666,-14.316542631935054,-14.036761677231189,-14.0,-14.0,-14.0,-14.0,-14.0,-14.0,-14.0,-14.0,-14.0,-14.0,-14.0,-14.0,-14.0,-14.0,-14.0,-14.0,-14.0,-14.0,-14.0,-14.0,-14.0,-14.0,-70.0,-70.0,-70.0,-70.0,-70.0,-70.0,-70.0,-70.0,False,False,False,False,True,False,False
3550,0.117307957868172,-19.027368117365757,-18.67103915908166,-18.320056892077478,-17.974421316353222,-17.634132431908895,-17.299190238744483,-16.96959473685998,-16.645345926255413,-16.32644380693077,-16.01288837888605,-15.704679642121233,-15.401817596636358,-15.104302242431404,-14.81213357950637,-14.525311607861244,-14.243836327496057,-14.0,-14.0,-14.0,-14.0,-14.0,-14.0,-14.0,-14.0,-14.0,-14.0,-14.0,-14.0,-14.0,-14.0,-14.0,-14.0,-14.0,-14.0,-14.0,-14.0,-14.0,-14.0,-14.0,-70.0,-70.0,-70.0,-70.0,-70.0,-70.0,-70.0,-70.0,False,False,False,False,True,False,False
3600,0.117307957868172,-18.895116174828235,-18.543369685764063,-18.196901128347314,-17.855710502577995,-17.51979780845611,-17.18916304598165,-16.863806215154604,-16.543727315974998,-16.22892634844282,-15.919403312558071,-15.615158208320736,-15.316191035730842,-15.022501794788377,-14.73409048549334,-14.450957107845715,-14.173101661845534,-14.0,-14.0,-14.0,-14.0,-14.0,-14.0,-14.0,-14.0,-14.0,-14.0,-14.0,-14.0,-14.0,-14.0,-14.0,-14.0,-14.0,-14.0,-14.0,-14.0,-14.0,-14.0,-14.0,-70.0,-70.0,-70.0,-70.0,-70.0,-70.0,-70.0,-70.0,False,False,False,False,True,False,False
3650,0.117307957868172,-18.766437927999867,-18.419148569244282,-18.077070263205293,-17.7402030098829,-17.408546809277112,-17.08210166138791,-16.760867566215293,-16.444844523759286,-16.134032534019877,-15.828431596997062,-15.528041712690829,-15.232862881101209,-14.942895102228183,-14.658138376071754,-14.378592702631908,-14.10425808190867,-14.0,-14.0,-14.0,-14.0,-14.0,-14.0,-14.0,-14.0,-14.0,-14.0,-14.0,-14.0,-14.0,-14.0,-14.0,-14.0,-14.0,-14.0,-14.0,-14.0,-14.0,-14.0,-14.0,-70.0,-70.0,-70.0,-70.0,-70.0,-70.0,-70.0,-70.0,False,False,False,False,True,False,False
3700,0.117307957868172,-18.641188957407028,-18.298236471178555,-17.960429963195505,-17.627769433457885,-17.300254881965696,-16.97788630871893,-16.66066371371757,-16.34858709696166,-16.041656458451172,-15.73987179818611,-15.443233116166459,-15.151740412392252,-14.865393686863468,-14.584192939580113,-14.30813817054217,-14.037229379749666,-14.0,-14.0,-14.0,-14.0,-14.0,-14.0,-14.0,-14.0,-14.0,-14.0,-14.0,-14.0,-14.0,-14.0,-14.0,-14.0,-14.0,-14.0,-14.0,-14.0,-14.0,-14.0,-14.0,-70.0,-70.0,-70.0,-70.0,-70.0,-70.0,-70.0,-70.0,False,False,False,False,True,False,False
3750,0.117307957868172,-18.519232537143267,-18.1805014757969,-17.84685305050868,-17.518287261278623,-17.194804108106723,-16.87640359099297,-16.56308570993736,-16.25485046493992,-15.951697856000637,-15.653627883119505,-15.360640546296514,-15.072735845531692,-14.789913780825026,-14.512174352176512,-14.23951755958614,-14.0,-14.0,-14.0,-14.0,-14.0,-14.0,-14.0,-14.0,-14.0,-14.0,-14.0,-14.0,-14.0,-14.0,-14.0,-14.0,-14.0,-14.0,-14.0,-14.0,-14.0,-14.0,-14.0,-14.0,-70.0,-70.0,-70.0,-70.0,-70.0,-70.0,-70.0,-70.0,False,False,False,False,True,False,False
3800,0.117307957868172,-18.40043912887358,-18.0658186017359,-17.736219032375956,-17.411640420793752,-17.092082766989293,-16.77754607096257,-16.468030332713568,-16.16353555224232,-15.864061729548808,-15.569608864633038,-15.28017695749499,-14.995766008134698,-14.716376016552141,-14.442006982747325,-14.172658906720232,-14.0,-14.0,-14.0,-14.0,-14.0,-14.0,-14.0,-14.0,-14.0,-14.0,-14.0,-14.0,-14.0,-14.0,-14.0,-14.0,-14.0,-14.0,-14.0,-14.0,-14.0,-14.0,-14.0,-14.0,-70.0,-70.0,-70.0,-70.0,-70.0,-70.0,-70.0,-70.0,False,False,False,False,True,False,False
3850,0.117307957868172,-18.28468591526965,-17.954069351913237,-17.628413667136005,-17.307718860937964,-16.991984933319113,-16.681211884279445,-16.37539971381895,-16.074548421937653,-15.778658008635547,-15.487728473912627,-15.201759817768881,-14.920752040204334,-14.644705141218976,-14.373619120812805,-14.107493978985806,-14.0,-14.0,-14.0,-14.0,-14.0,-14.0,-14.0,-14.0,-14.0,-14.0,-14.0,-14.0,-14.0,-14.0,-14.0,-14.0,-14.0,-14.0,-14.0,-14.0,-14.0,-14.0,-14.0,-14.0,-70.0,-70.0,-70.0,-70.0,-70.0,-70.0,-70.0,-70.0,False,False,False,False,True,False,False
3900,0.117307957868172,-18.17185636933655,-17.845141298029077,-17.523328563683467,-17.206418166299724,-16.89441010587785,-16.587304382417834,-16.28510099591967,-15.987799946383385,-15.695401233808965,-15.40790485819641,-15.125310819545705,-14.84761911785688,-14.574829753129917,-14.30694272536482,-14.043958034561573,-14.0,-14.0,-14.0,-14.0,-14.0,-14.0,-14.0,-14.0,-14.0,-14.0,-14.0,-14.0,-14.0,-14.0,-14.0,-14.0,-14.0,-14.0,-14.0,-14.0,-14.0,-14.0,-14.0,-14.0,-70.0,-70.0,-70.0,-70.0,-70.0,-70.0,-70.0,-70.0,False,False,False,False,True,False,False
3950,0.117307957868172,-18.06183985644969,-17.73892769662527,-17.420860811339942,-17.107639200593702,-16.799262864386556,-16.495731802718495,-16.19704601558951,-15.903205502999628,-15.614210264948833,-15.330060301437129,-15.0507556124645,-14.776296198030973,-14.506682058136535,-14.241913192781187,-14.0,-14.0,-14.0,-14.0,-14.0,-14.0,-14.0,-14.0,-14.0,-14.0,-14.0,-14.0,-14.0,-14.0,-14.0,-14.0,-14.0,-14.0,-14.0,-14.0,-14.0,-14.0,-14.0,-14.0,-14.0,-70.0,-70.0,-70.0,-70.0,-70.0,-70.0,-70.0,-70.0,False,False,False,False,True,False,False
4000,0.117307957868172,-17.95453126623942,-17.635327133940468,-17.32091263748502,-17.011287776873083,-16.70645255210466,-16.406406963179744,-16.111151010098325,-15.820684692860429,-15.53500801146604,-15.254120965915163,-14.978023556207782,-14.706715782343924,-14.440197644323575,-14.178469142146735,-14.0,-14.0,-14.0,-14.0,-14.0,-14.0,-14.0,-14.0,-14.0,-14.0,-14.0,-14.0,-14.0,-14.0,-14.0,-14.0,-14.0,-14.0,-14.0,-14.0,-14.0,-14.0,-14.0,-14.0,-14.0,-70.0,-70.0,-70.0,-70.0,-70.0,-70.0,-70.0,-70.0,False,False,False,False,True,False,False
4050,0.117307957868172,-17.84983067174309,-17.534243197071927,-17.223391090547665,-16.917274352170306,-16.61589298193985,-16.319246979856292,-16.027336345919625,-15.74016108012987,-15.457721182487015,-15.180016652991064,-14.907047491641999,-14.638813698439849,-14.375315273384599,-14.11655221647625,-14.0,-14.0,-14.0,-14.0,-14.0,-14.0,-14.0,-14.0,-14.0,-14.0,-14.0,-14.0,-14.0,-14.0,-14.0,-14.0,-14.0,-14.0,-14.0,-14.0,-14.0,-14.0,-14.0,-14.0,-14.0,-70.0,-70.0,-70.0,-70.0,-70.0,-70.0,-70.0,-70.0,False,False,False,False,True,False,False
4100,0.117307957868172,-17.7476430134965,-17.43558416919801,-17.128207746192665,-16.825513744480464,-16.52750216406141,-16.2341730049355,-15.945526267102718,-15.661561950563092,-15.382280055316613,-15.107680581363278,-14.837763528703073,-14.572528897336026,-14.311976687262124,-14.056106898481366,-14.0,-14.0,-14.0,-14.0,-14.0,-14.0,-14.0,-14.0,-14.0,-14.0,-14.0,-14.0,-14.0,-14.0,-14.0,-14.0,-14.0,-14.0,-14.0,-14.0,-14.0,-14.0,-14.0,-14.0,-14.0,-70.0,-70.0,-70.0,-70.0,-70.0,-70.0,-70.0,-70.0,False,False,False,False,True,False,False
4150,0.117307957868172,-17.64787780646105,-17.339262746831636,-17.035278434745496,-16.73592487020264,-16.441202053203064,-16.151109983746768,-15.865648661833733,-15.584818087463992,-15.30861826063753,-15.037049181354348,-14.77011084961443,-14.507803265417806,-14.25012642876446,-14.0,-14.0,-14.0,-14.0,-14.0,-14.0,-14.0,-14.0,-14.0,-14.0,-14.0,-14.0,-14.0,-14.0,-14.0,-14.0,-14.0,-14.0,-14.0,-14.0,-14.0,-14.0,-14.0,-14.0,-14.0,-14.0,-70.0,-70.0,-70.0,-70.0,-70.0,-70.0,-70.0,-70.0,False,False,False,False,True,False,False
4200,0.117307957868172,-17.55044886788322,-17.24519577726852,-16.944522988085453,-16.64843050033401,-16.356918314014198,-16.06998642912601,-15.787634845669439,-15.509863563644508,-15.236672583051202,-14.968061903889526,-14.704031526159461,-14.444581449861039,-14.189711674994243,-14.0,-14.0,-14.0,-14.0,-14.0,-14.0,-14.0,-14.0,-14.0,-14.0,-14.0,-14.0,-14.0,-14.0,-14.0,-14.0,-14.0,-14.0,-14.0,-14.0,-14.0,-14.0,-14.0,-14.0,-14.0,-14.0,-70.0,-70.0,-70.0,-70.0,-70.0,-70.0,-70.0,-70.0,False,False,False,False,True,False,False
4250,0.117307957868172,-17.455274064362303,-17.153304014566842,-16.855865004403448,-16.562957033872124,-16.27458010297287,-15.990734211705684,-15.711419360070554,-15.436635548067505,-15.166382775696524,-14.900661042957614,-14.63947034985076,-14.382810696375987,-14.130682082533284,-14.0,-14.0,-14.0,-14.0,-14.0,-14.0,-14.0,-14.0,-14.0,-14.0,-14.0,-14.0,-14.0,-14.0,-14.0,-14.0,-14.0,-14.0,-14.0,-14.0,-14.0,-14.0,-14.0,-14.0,-14.0,-14.0,-70.0,-70.0,-70.0,-70.0,-70.0,-70.0,-70.0,-70.0,False,False,False,False,True,False,False
4300,0.117307957868172,-17.362275076562803,-17.063511892549716,-16.769231629370278,-16.479434287024493,-16.19411986551236,-15.913288364833873,-15.636939784989023,-15.365074125977838,-15.097691387800301,-14.834791570456415,-14.576374673946166,-14.32244069826958,-14.072989643426643,-14.0,-14.0,-14.0,-14.0,-14.0,-14.0,-14.0,-14.0,-14.0,-14.0,-14.0,-14.0,-14.0,-14.0,-14.0,-14.0,-14.0,-14.0,-14.0,-14.0,-14.0,-14.0,-14.0,-14.0,-14.0,-14.0,-70.0,-70.0,-70.0,-70.0,-70.0,-70.0,-70.0,-70.0,False,False,False,False,True,False,False
4350,0.117307957868172,-17.271377180151465,-16.97574731346069,-16.684553352394683,-16.397795296953444,-16.115473147136978,-15.837586902945276,-15.564136564378328,-15.295122131436163,-15.030543604118764,-14.770400982426134,-14.514694266358257,-14.263423455915163,-14.016588551096836,-14.0,-14.0,-14.0,-14.0,-14.0,-14.0,-14.0,-14.0,-14.0,-14.0,-14.0,-14.0,-14.0,-14.0,-14.0,-14.0,-14.0,-14.0,-14.0,-14.0,-14.0,-14.0,-14.0,-14.0,-14.0,-14.0,-70.0,-70.0,-70.0,-70.0,-70.0,-70.0,-70.0,-70.0,False,False,False,False,True,False,False
4400,0.117307957868172,-17.182509041668425,-16.889941451027006,-16.601763816770838,-16.31797613889993,-16.038578417414275,-15.763570652313874,-15.492952843598715,-15.22672499126882,-14.964887095324183,-14.7074391557648,-14.454381172590656,-14.205713145801782,-14.0,-14.0,-14.0,-14.0,-14.0,-14.0,-14.0,-14.0,-14.0,-14.0,-14.0,-14.0,-14.0,-14.0,-14.0,-14.0,-14.0,-14.0,-14.0,-14.0,-14.0,-14.0,-14.0,-14.0,-14.0,-14.0,-14.0,-70.0,-70.0,-70.0,-70.0,-70.0,-70.0,-70.0,-70.0,False,False,False,False,True,False,False
4450,0.117307957868172,-17.095602528157574,-16.80602856679726,-16.520799642622674,-16.239915755633824,-15.963376905830712,-15.691183093213327,-15.423334317781663,-15.159830579535743,-14.900671878475556,-14.645858214601102,-14.395389587912367,-14.14926599840938,-14.0,-14.0,-14.0,-14.0,-14.0,-14.0,-14.0,-14.0,-14.0,-14.0,-14.0,-14.0,-14.0,-14.0,-14.0,-14.0,-14.0,-14.0,-14.0,-14.0,-14.0,-14.0,-14.0,-14.0,-14.0,-14.0,-14.0,-70.0,-70.0,-70.0,-70.0,-70.0,-70.0,-70.0,-70.0,False,False,False,False,True,False,False
4500,0.117307957868172,-17.010592529486058,-16.723945838721036,-16.4416002616497,-16.16355579827205,-15.889812448588085,-15.620370212597802,-15.35522909030119,-15.094389081698274,-14.837850186789044,-14.585612405573496,-14.33767573805162,-14.094040184223443,-14.0,-14.0,-14.0,-14.0,-14.0,-14.0,-14.0,-14.0,-14.0,-14.0,-14.0,-14.0,-14.0,-14.0,-14.0,-14.0,-14.0,-14.0,-14.0,-14.0,-14.0,-14.0,-14.0,-14.0,-14.0,-14.0,-14.0,-70.0,-70.0,-70.0,-70.0,-70.0,-70.0,-70.0,-70.0,False,False,False,False,True,False,False
4550,0.117307957868172,-16.927416792376675,-16.643633201028692,-16.364107762766416,-16.08884047758985,-15.817831345499002,-15.551080366493858,-15.288587540574413,-15.030352867740689,-14.776376347992676,-14.526657981330372,-14.281197767753767,-14.039995707262882,-14.0,-14.0,-14.0,-14.0,-14.0,-14.0,-14.0,-14.0,-14.0,-14.0,-14.0,-14.0,-14.0,-14.0,-14.0,-14.0,-14.0,-14.0,-14.0,-14.0,-14.0,-14.0,-14.0,-14.0,-14.0,-14.0,-14.0,-70.0,-70.0,-70.0,-70.0,-70.0,-70.0,-70.0,-70.0,False,False,False,False,True,False,False
4600,0.117307957868172,-16.846015765262,-16.565033194551475,-16.288266747806468,-16.01571642502697,-15.747382226212993,-15.483264151364525,-15.223362200481558,-14.967676373564117,-14.71620667061219,-14.468953091625776,-14.225915636604865,-14.0,-14.0,-14.0,-14.0,-14.0,-14.0,-14.0,-14.0,-14.0,-14.0,-14.0,-14.0,-14.0,-14.0,-14.0,-14.0,-14.0,-14.0,-14.0,-14.0,-14.0,-14.0,-14.0,-14.0,-14.0,-14.0,-14.0,-14.0,-70.0,-70.0,-70.0,-70.0,-70.0,-70.0,-70.0,-70.0,False,False,False,False,True,False,False
4650,0.117307957868172,-16.766332453145587,-16.48809082669615,-16.21402419653389,-15.944132562658808,-15.6784159250709,-15.416874283770161,-15.159507638756585,-14.906315990030196,-14.65729933759098,-14.412457681438935,-14.171791021574053,-14.0,-14.0,-14.0,-14.0,-14.0,-14.0,-14.0,-14.0,-14.0,-14.0,-14.0,-14.0,-14.0,-14.0,-14.0,-14.0,-14.0,-14.0,-14.0,-14.0,-14.0,-14.0,-14.0,-14.0,-14.0,-14.0,-14.0,-14.0,-70.0,-70.0,-70.0,-70.0,-70.0,-70.0,-70.0,-70.0,False,False,False,False,True,False,False
4700,0.117307957868172,-16.688312281725146,-16.412753440355143,-16.141329340268456,-15.874039981465087,-15.61088536394504,-15.351865487708302,-15.096980352754873,-14.84622995908477,-14.599614306697983,-14.357133395594515,-14.118787225774351,-14.0,-14.0,-14.0,-14.0,-14.0,-14.0,-14.0,-14.0,-14.0,-14.0,-14.0,-14.0,-14.0,-14.0,-14.0,-14.0,-14.0,-14.0,-14.0,-14.0,-14.0,-14.0,-14.0,-14.0,-14.0,-14.0,-14.0,-14.0,-70.0,-70.0,-70.0,-70.0,-70.0,-70.0,-70.0,-70.0,False,False,False,False,True,False,False
4750,0.117307957868172,-16.611902970095155,-16.3389705910938,-16.07013354349027,-15.805391827284566,-15.54474544247669,-15.288194389066636,-15.035738667054392,-14.787378276439986,-14.543113217223405,-14.302943489404647,-14.066869092983703,-14.0,-14.0,-14.0,-14.0,-14.0,-14.0,-14.0,-14.0,-14.0,-14.0,-14.0,-14.0,-14.0,-14.0,-14.0,-14.0,-14.0,-14.0,-14.0,-14.0,-14.0,-14.0,-14.0,-14.0,-14.0,-14.0,-14.0,-14.0,-70.0,-70.0,-70.0,-70.0,-70.0,-70.0,-70.0,-70.0,False,False,False,False,True,False,False
4800,0.117307957868172,-16.53705441140335,-16.266693932011275,-16.000390192841945,-15.738143193895368,-15.479952935171541,-15.225819416670461,-14.975742638392116,-14.729722600336533,-14.487759302503699,-14.249852744893612,-14.016002927506262,-14.0,-14.0,-14.0,-14.0,-14.0,-14.0,-14.0,-14.0,-14.0,-14.0,-14.0,-14.0,-14.0,-14.0,-14.0,-14.0,-14.0,-14.0,-14.0,-14.0,-14.0,-14.0,-14.0,-14.0,-14.0,-14.0,-14.0,-14.0,-70.0,-70.0,-70.0,-70.0,-70.0,-70.0,-70.0,-70.0,False,False,False,False,True,False,False
4850,0.117307957868172,-16.46371856088713,-16.19587710572121,-15.932054592994414,-15.672251022706742,-15.416466394858201,-15.16470070944878,-14.916953966478475,-14.673226165947305,-14.433517307855261,-14.197827392202345,-14.0,-14.0,-14.0,-14.0,-14.0,-14.0,-14.0,-14.0,-14.0,-14.0,-14.0,-14.0,-14.0,-14.0,-14.0,-14.0,-14.0,-14.0,-14.0,-14.0,-14.0,-14.0,-14.0,-14.0,-14.0,-14.0,-14.0,-14.0,-14.0,-70.0,-70.0,-70.0,-70.0,-70.0,-70.0,-70.0,-70.0,False,False,False,False,True,False,False
4900,0.117307957868172,-16.39184933076279,-16.126475642943788,-15.865083868886208,-15.607674008590044,-15.3542460620553,-15.104800029281968,-14.859335910270042,-14.617853705019543,-14.380353413530463,-14.146835035802798,-14.0,-14.0,-14.0,-14.0,-14.0,-14.0,-14.0,-14.0,-14.0,-14.0,-14.0,-14.0,-14.0,-14.0,-14.0,-14.0,-14.0,-14.0,-14.0,-14.0,-14.0,-14.0,-14.0,-14.0,-14.0,-14.0,-14.0,-14.0,-14.0,-70.0,-70.0,-70.0,-70.0,-70.0,-70.0,-70.0,-70.0,False,False,False,False,True,False,False
4950,0.117307957868172,-16.32140249148297,-16.058446867241614,-15.799436873885572,-15.544372511414846,-15.293253779829438,-15.046080679129341,-14.802853209314549,-14.563571370385082,-14.32823516234093,-14.096844585182092,-14.0,-14.0,-14.0,-14.0,-14.0,-14.0,-14.0,-14.0,-14.0,-14.0,-14.0,-14.0,-14.0,-14.0,-14.0,-14.0,-14.0,-14.0,-14.0,-14.0,-14.0,-14.0,-14.0,-14.0,-14.0,-14.0,-14.0,-14.0,-14.0,-70.0,-70.0,-70.0,-70.0,-70.0,-70.0,-70.0,-70.0,False,False,False,False,True,False,False
5000,0.117307957868172,-16.25233557891674,-15.991749805469436,-15.735074103460814,-15.482308472890878,-15.23345291375963,-14.98850742606706,-14.747472009813162,-14.51034666499796,-14.277131391621442,-14.047826189683606,-14.0,-14.0,-14.0,-14.0,-14.0,-14.0,-14.0,-14.0,-14.0,-14.0,-14.0,-14.0,-14.0,-14.0,-14.0,-14.0,-14.0,-14.0,-14.0,-14.0,-14.0,-14.0,-14.0,-14.0,-14.0,-14.0,-14.0,-14.0,-14.0,-70.0,-70.0,-70.0,-70.0,-70.0,-70.0,-70.0,-70.0,False,False,False,False,True,False,False
5050,0.117307957868172,-16.18460780704169,-15.92634510354175,-15.671957613977218,-15.421445338348095,-15.174808276654383,-14.93204642889608,-14.693159795073171,-14.458148375185685,-14.227012169233607,-14.0,-14.0,-14.0,-14.0,-14.0,-14.0,-14.0,-14.0,-14.0,-14.0,-14.0,-14.0,-14.0,-14.0,-14.0,-14.0,-14.0,-14.0,-14.0,-14.0,-14.0,-14.0,-14.0,-14.0,-14.0,-14.0,-14.0,-14.0,-14.0,-14.0,-70.0,-70.0,-70.0,-70.0,-70.0,-70.0,-70.0,-70.0,False,False,False,False,True,False,False
5100,0.117307957868172,-16.118179985769945,-15.86219494715333,-15.610050946268684,-15.361747983116006,-15.1172860576953,-14.876665170006557,-14.639885320049771,-14.406946507824964,-14.177848733332125,-14.0,-14.0,-14.0,-14.0,-14.0,-14.0,-14.0,-14.0,-14.0,-14.0,-14.0,-14.0,-14.0,-14.0,-14.0,-14.0,-14.0,-14.0,-14.0,-14.0,-14.0,-14.0,-14.0,-14.0,-14.0,-14.0,-14.0,-14.0,-14.0,-14.0,-70.0,-70.0,-70.0,-70.0,-70.0,-70.0,-70.0,-70.0,False,False,False,False,True,False,False
5150,0.117307957868172,-16.053014443559114,-15.799262987116135,-15.54931905365968,-15.30318264318975,-15.060853755706347,-14.822332391209468,-14.587618549699103,-14.356712231175273,-14.12961343563797,-14.0,-14.0,-14.0,-14.0,-14.0,-14.0,-14.0,-14.0,-14.0,-14.0,-14.0,-14.0,-14.0,-14.0,-14.0,-14.0,-14.0,-14.0,-14.0,-14.0,-14.0,-14.0,-14.0,-14.0,-14.0,-14.0,-14.0,-14.0,-14.0,-14.0,-70.0,-70.0,-70.0,-70.0,-70.0,-70.0,-70.0,-70.0,False,False,False,False,True,False,False
5200,0.117307957868172,-15.98907495448626,-15.737514269001919,-15.489728234137967,-15.245716849894409,-15.005480116271245,-14.769018033268468,-14.536330600886073,-14.307417819124078,-14.082279687982474,-14.0,-14.0,-14.0,-14.0,-14.0,-14.0,-14.0,-14.0,-14.0,-14.0,-14.0,-14.0,-14.0,-14.0,-14.0,-14.0,-14.0,-14.0,-14.0,-14.0,-14.0,-14.0,-14.0,-14.0,-14.0,-14.0,-14.0,-14.0,-14.0,-14.0,-70.0,-70.0,-70.0,-70.0,-70.0,-70.0,-70.0,-70.0,False,False,False,False,True,False,False
5250,0.117307957868172,-15.92632666948728,-15.676915166803527,-15.431246066401455,-15.189319368281065,-14.95113507244236,-14.716693178885333,-14.485993687609977,-14.259036598616312,-14.035821911904328,-14.0,-14.0,-14.0,-14.0,-14.0,-14.0,-14.0,-14.0,-14.0,-14.0,-14.0,-14.0,-14.0,-14.0,-14.0,-14.0,-14.0,-14.0,-14.0,-14.0,-14.0,-14.0,-14.0,-14.0,-14.0,-14.0,-14.0,-14.0,-14.0,-14.0,-70.0,-70.0,-70.0,-70.0,-70.0,-70.0,-70.0,-70.0,False,False,False,False,True,False,False
5300,0.117307957868172,-15.864736051486764,-15.617433320349537,-15.373841349523342,-15.133960139008181,-14.897789688804059,-14.665329998910963,-14.436581069328891,-14.211542900057863,-14.0,-14.0,-14.0,-14.0,-14.0,-14.0,-14.0,-14.0,-14.0,-14.0,-14.0,-14.0,-14.0,-14.0,-14.0,-14.0,-14.0,-14.0,-14.0,-14.0,-14.0,-14.0,-14.0,-14.0,-14.0,-14.0,-14.0,-14.0,-14.0,-14.0,-14.0,-70.0,-70.0,-70.0,-70.0,-70.0,-70.0,-70.0,-70.0,False,False,False,False,True,False,False
5350,0.117307957868172,-15.804270814163782,-15.55903757622673,-15.317484045998922,-15.07961022348036,-14.845416108671046,-14.614901701570973,-14.388067002180135,-14.164912010498552,-14.0,-14.0,-14.0,-14.0,-14.0,-14.0,-14.0,-14.0,-14.0,-14.0,-14.0,-14.0,-14.0,-14.0,-14.0,-14.0,-14.0,-14.0,-14.0,-14.0,-14.0,-14.0,-14.0,-14.0,-14.0,-14.0,-14.0,-14.0,-14.0,-14.0,-14.0,-70.0,-70.0,-70.0,-70.0,-70.0,-70.0,-70.0,-70.0,False,False,False,False,True,False,False
5400,0.117307957868172,-15.744899864118013,-15.501697931983086,-15.26214522795487,-15.02624175203337,-14.793987504218585,-14.565382484510508,-14.340426692909135,-14.119120129414485,-14.0,-14.0,-14.0,-14.0,-14.0,-14.0,-14.0,-14.0,-14.0,-14.0,-14.0,-14.0,-14.0,-14.0,-14.0,-14.0,-14.0,-14.0,-14.0,-14.0,-14.0,-14.0,-14.0,-14.0,-14.0,-14.0,-14.0,-14.0,-14.0,-14.0,-14.0,-70.0,-70.0,-70.0,-70.0,-70.0,-70.0,-70.0,-70.0,False,False,False,False,True,False,False
5450,0.117307957868172,-15.686593246217868,-15.445385483400647,-15.207797026317976,-14.973827874969858,-14.743478029356295,-14.51674748947728,-14.293636255332808,-14.074144326922896,-14.0,-14.0,-14.0,-14.0,-14.0,-14.0,-14.0,-14.0,-14.0,-14.0,-14.0,-14.0,-14.0,-14.0,-14.0,-14.0,-14.0,-14.0,-14.0,-14.0,-14.0,-14.0,-14.0,-14.0,-14.0,-14.0,-14.0,-14.0,-14.0,-14.0,-14.0,-70.0,-70.0,-70.0,-70.0,-70.0,-70.0,-70.0,-70.0,False,False,False,False,True,False,False
5500,0.117307957868172,-15.629322091928152,-15.39007237464294,-15.154412582755016,-14.922342716264378,-14.69386277517103,-14.468972759474967,-14.247672669176177,-14.029962504274685,-14.0,-14.0,-14.0,-14.0,-14.0,-14.0,-14.0,-14.0,-14.0,-14.0,-14.0,-14.0,-14.0,-14.0,-14.0,-14.0,-14.0,-14.0,-14.0,-14.0,-14.0,-14.0,-14.0,-14.0,-14.0,-14.0,-14.0,-14.0,-14.0,-14.0,-14.0,-70.0,-70.0,-70.0,-70.0,-70.0,-70.0,-70.0,-70.0,False,False,False,False,True,False,False
5550,0.117307957868172,-15.573058570429414,-15.335731751095722,-15.101966004209054,-14.871761329769415,-14.645117727776803,-14.422035198231217,-14.202513741132647,-14.0,-14.0,-14.0,-14.0,-14.0,-14.0,-14.0,-14.0,-14.0,-14.0,-14.0,-14.0,-14.0,-14.0,-14.0,-14.0,-14.0,-14.0,-14.0,-14.0,-14.0,-14.0,-14.0,-14.0,-14.0,-14.0,-14.0,-14.0,-14.0,-14.0,-14.0,-14.0,-70.0,-70.0,-70.0,-70.0,-70.0,-70.0,-70.0,-70.0,False,False,False,False,True,False,False
5600,0.117307957868172,-15.517775842354522,-15.282337714732714,-15.050432319869923,-14.822059657766149,-14.597219728421397,-14.375912531835658,-14.158138068008926,-14.0,-14.0,-14.0,-14.0,-14.0,-14.0,-14.0,-14.0,-14.0,-14.0,-14.0,-14.0,-14.0,-14.0,-14.0,-14.0,-14.0,-14.0,-14.0,-14.0,-14.0,-14.0,-14.0,-14.0,-14.0,-14.0,-14.0,-14.0,-14.0,-14.0,-14.0,-14.0,-70.0,-70.0,-70.0,-70.0,-70.0,-70.0,-70.0,-70.0,False,False,False,False,True,False,False
5650,0.117307957868172,-15.463448015980383,-15.229865281850012,-14.999787440428136,-14.773214491714754,-14.55014643570987,-14.330583272413477,-14.114525001825568,-14.0,-14.0,-14.0,-14.0,-14.0,-14.0,-14.0,-14.0,-14.0,-14.0,-14.0,-14.0,-14.0,-14.0,-14.0,-14.0,-14.0,-14.0,-14.0,-14.0,-14.0,-14.0,-14.0,-14.0,-14.0,-14.0,-14.0,-14.0,-14.0,-14.0,-14.0,-14.0,-70.0,-70.0,-70.0,-70.0,-70.0,-70.0,-70.0,-70.0,False,False,False,False,True,False,False
5700,0.117307957868172,-15.410050105724068,-15.178290343023678,-14.95000811947204,-14.725203435069155,-14.503876289815025,-14.286026683709645,-14.071654616753007,-14.0,-14.0,-14.0,-14.0,-14.0,-14.0,-14.0,-14.0,-14.0,-14.0,-14.0,-14.0,-14.0,-14.0,-14.0,-14.0,-14.0,-14.0,-14.0,-14.0,-14.0,-14.0,-14.0,-14.0,-14.0,-14.0,-14.0,-14.0,-14.0,-14.0,-14.0,-14.0,-70.0,-70.0,-70.0,-70.0,-70.0,-70.0,-70.0,-70.0,False,False,False,False,True,False,False
5750,0.117307957868172,-15.35755799280312,-15.127589625155272,-14.901071916897784,-14.678004868030659,-14.458388478553898,-14.242222748467494,-14.029507677771443,-14.0,-14.0,-14.0,-14.0,-14.0,-14.0,-14.0,-14.0,-14.0,-14.0,-14.0,-14.0,-14.0,-14.0,-14.0,-14.0,-14.0,-14.0,-14.0,-14.0,-14.0,-14.0,-14.0,-14.0,-14.0,-14.0,-14.0,-14.0,-14.0,-14.0,-14.0,-14.0,-70.0,-70.0,-70.0,-70.0,-70.0,-70.0,-70.0,-70.0,False,False,False,False,True,False,False
5800,0.117307957868172,-15.305948387929476,-15.077740655479351,-14.852957164210682,-14.631597914123471,-14.41366290521772,-14.199152137493423,-14.0,-14.0,-14.0,-14.0,-14.0,-14.0,-14.0,-14.0,-14.0,-14.0,-14.0,-14.0,-14.0,-14.0,-14.0,-14.0,-14.0,-14.0,-14.0,-14.0,-14.0,-14.0,-14.0,-14.0,-14.0,-14.0,-14.0,-14.0,-14.0,-14.0,-14.0,-14.0,-14.0,-70.0,-70.0,-70.0,-70.0,-70.0,-70.0,-70.0,-70.0,False,False,False,False,True,False,False
5850,0.117307957868172,-15.255198795915337,-15.028721727415562,-14.805642931604822,-14.585962408483121,-14.369680158050462,-14.156796180306838,-14.0,-14.0,-14.0,-14.0,-14.0,-14.0,-14.0,-14.0,-14.0,-14.0,-14.0,-14.0,-14.0,-14.0,-14.0,-14.0,-14.0,-14.0,-14.0,-14.0,-14.0,-14.0,-14.0,-14.0,-14.0,-14.0,-14.0,-14.0,-14.0,-14.0,-14.0,-14.0,-14.0,-70.0,-70.0,-70.0,-70.0,-70.0,-70.0,-70.0,-70.0,False,False,False,False,True,False,False
5900,0.117307957868172,-15.205287482077631,-14.980511868155935,-14.759108996715458,-14.541078867756205,-14.326421481278176,-14.115136837281367,-14.0,-14.0,-14.0,-14.0,-14.0,-14.0,-14.0,-14.0,-14.0,-14.0,-14.0,-14.0,-14.0,-14.0,-14.0,-14.0,-14.0,-14.0,-14.0,-14.0,-14.0,-14.0,-14.0,-14.0,-14.0,-14.0,-14.0,-14.0,-14.0,-14.0,-14.0,-14.0,-14.0,-70.0,-70.0,-70.0,-70.0,-70.0,-70.0,-70.0,-70.0,False,False,False,False,True,False,False
5950,0.117307957868172,-15.156193440335267,-14.933090807885357,-14.713335814945836,-14.496928461516703,-14.283868747597962,-14.07415667318961,-14.0,-14.0,-14.0,-14.0,-14.0,-14.0,-14.0,-14.0,-14.0,-14.0,-14.0,-14.0,-14.0,-14.0,-14.0,-14.0,-14.0,-14.0,-14.0,-14.0,-14.0,-14.0,-14.0,-14.0,-14.0,-14.0,-14.0,-14.0,-14.0,-14.0,-14.0,-14.0,-14.0,-70.0,-70.0,-70.0,-70.0,-70.0,-70.0,-70.0,-70.0,False,False,False,False,True,False,False
6000,0.117307957868172,-15.10789636290046,-14.88643895053994,-14.668304491276592,-14.453492985110417,-14.242004432041416,-14.033838832069584,-14.0,-14.0,-14.0,-14.0,-14.0,-14.0,-14.0,-14.0,-14.0,-14.0,-14.0,-14.0,-14.0,-14.0,-14.0,-14.0,-14.0,-14.0,-14.0,-14.0,-14.0,-14.0,-14.0,-14.0,-14.0,-14.0,-14.0,-14.0,-14.0,-14.0,-14.0,-14.0,-14.0,-70.0,-70.0,-70.0,-70.0,-70.0,-70.0,-70.0,-70.0,False,False,False,False,True,False,False
6050,0.117307957868172,-15.060376611471943,-14.84053734601437,-14.623996753472035,-14.410754833844937,-14.20081158713308,-14.0,-14.0,-14.0,-14.0,-14.0,-14.0,-14.0,-14.0,-14.0,-14.0,-14.0,-14.0,-14.0,-14.0,-14.0,-14.0,-14.0,-14.0,-14.0,-14.0,-14.0,-14.0,-14.0,-14.0,-14.0,-14.0,-14.0,-14.0,-14.0,-14.0,-14.0,-14.0,-14.0,-14.0,-70.0,-70.0,-70.0,-70.0,-70.0,-70.0,-70.0,-70.0,False,False,False,False,True,False,False
6100,0.117307957868172,-15.013615189843906,-14.7953676637351,-14.580394926603113,-14.368696978447948,-14.160273819269605,-14.0,-14.0,-14.0,-14.0,-14.0,-14.0,-14.0,-14.0,-14.0,-14.0,-14.0,-14.0,-14.0,-14.0,-14.0,-14.0,-14.0,-14.0,-14.0,-14.0,-14.0,-14.0,-14.0,-14.0,-14.0,-14.0,-14.0,-14.0,-14.0,-14.0,-14.0,-14.0,-14.0,-14.0,-70.0,-70.0,-70.0,-70.0,-70.0,-70.0,-70.0,-70.0,False,False,False,False,True,False,False
6150,0.117307957868172,-14.967593717850114,-14.750912167521697,-14.537481908812238,-14.327302941721737,-14.120375266250196,-14.0,-14.0,-14.0,-14.0,-14.0,-14.0,-14.0,-14.0,-14.0,-14.0,-14.0,-14.0,-14.0,-14.0,-14.0,-14.0,-14.0,-14.0,-14.0,-14.0,-14.0,-14.0,-14.0,-14.0,-14.0,-14.0,-14.0,-14.0,-14.0,-14.0,-14.0,-14.0,-14.0,-14.0,-70.0,-70.0,-70.0,-70.0,-70.0,-70.0,-70.0,-70.0,False,False,False,False,True,False,False
6200,0.117307957868172,-14.922294406567847,-14.70715369166362,-14.49524114824979,-14.286556776326353,-14.081100575893315,-14.0,-14.0,-14.0,-14.0,-14.0,-14.0,-14.0,-14.0,-14.0,-14.0,-14.0,-14.0,-14.0,-14.0,-14.0,-14.0,-14.0,-14.0,-14.0,-14.0,-14.0,-14.0,-14.0,-14.0,-14.0,-14.0,-14.0,-14.0,-14.0,-14.0,-14.0,-14.0,-14.0,-14.0,-70.0,-70.0,-70.0,-70.0,-70.0,-70.0,-70.0,-70.0,False,False,False,False,True,False,False
6250,0.117307957868172,-14.877700034711138,-14.664075618144407,-14.453656621116792,-14.24644304362829,-14.042434885678903,-14.0,-14.0,-14.0,-14.0,-14.0,-14.0,-14.0,-14.0,-14.0,-14.0,-14.0,-14.0,-14.0,-14.0,-14.0,-14.0,-14.0,-14.0,-14.0,-14.0,-14.0,-14.0,-14.0,-14.0,-14.0,-14.0,-14.0,-14.0,-14.0,-14.0,-14.0,-14.0,-14.0,-14.0,-70.0,-70.0,-70.0,-70.0,-70.0,-70.0,-70.0,-70.0,False,False,False,False,True,False,False
6300,0.117307957868172,-14.833793926147246,-14.621661854949519,-14.412712810752254,-14.20694679355545,-14.00436380335911,-14.0,-14.0,-14.0,-14.0,-14.0,-14.0,-14.0,-14.0,-14.0,-14.0,-14.0,-14.0,-14.0,-14.0,-14.0,-14.0,-14.0,-14.0,-14.0,-14.0,-14.0,-14.0,-14.0,-14.0,-14.0,-14.0,-14.0,-14.0,-14.0,-14.0,-14.0,-14.0,-14.0,-14.0,-70.0,-70.0,-70.0,-70.0,-70.0,-70.0,-70.0,-70.0,False,False,False,False,True,False,False
6350,0.117307957868172,-14.790559928474485,-14.579896815398154,-14.37239468770766,-14.168053545403001,-14.0,-14.0,-14.0,-14.0,-14.0,-14.0,-14.0,-14.0,-14.0,-14.0,-14.0,-14.0,-14.0,-14.0,-14.0,-14.0,-14.0,-14.0,-14.0,-14.0,-14.0,-14.0,-14.0,-14.0,-14.0,-14.0,-14.0,-14.0,-14.0,-14.0,-14.0,-14.0,-14.0,-14.0,-14.0,-70.0,-70.0,-70.0,-70.0,-70.0,-70.0,-70.0,-70.0,False,False,False,False,True,False,False
6400,0.117307957868172,-14.747982392603353,-14.538765398443033,-14.332687690754614,-14.129749269538099,-14.0,-14.0,-14.0,-14.0,-14.0,-14.0,-14.0,-14.0,-14.0,-14.0,-14.0,-14.0,-14.0,-14.0,-14.0,-14.0,-14.0,-14.0,-14.0,-14.0,-14.0,-14.0,-14.0,-14.0,-14.0,-14.0,-14.0,-14.0,-14.0,-14.0,-14.0,-14.0,-14.0,-14.0,-14.0,-70.0,-70.0,-70.0,-70.0,-70.0,-70.0,-70.0,-70.0,False,False,False,False,True,False,False
6450,0.117307957868172,-14.70604615328657,-14.498252969885645,-14.293577708775029,-14.092020369954724,-14.0,-14.0,-14.0,-14.0,-14.0,-14.0,-14.0,-14.0,-14.0,-14.0,-14.0,-14.0,-14.0,-14.0,-14.0,-14.0,-14.0,-14.0,-14.0,-14.0,-14.0,-14.0,-14.0,-14.0,-14.0,-14.0,-14.0,-14.0,-14.0,-14.0,-14.0,-14.0,-14.0,-14.0,-14.0,-70.0,-70.0,-70.0,-70.0,-70.0,-70.0,-70.0,-70.0,False,False,False,False,True,False,False
6500,0.117307957868172,-14.664736510546918,-14.458345344457689,-14.255051063486347,-14.054853667632893,-14.0,-14.0,-14.0,-14.0,-14.0,-14.0,-14.0,-14.0,-14.0,-14.0,-14.0,-14.0,-14.0,-14.0,-14.0,-14.0,-14.0,-14.0,-14.0,-14.0,-14.0,-14.0,-14.0,-14.0,-14.0,-14.0,-14.0,-14.0,-14.0,-14.0,-14.0,-14.0,-14.0,-14.0,-14.0,-70.0,-70.0,-70.0,-70.0,-70.0,-70.0,-70.0,-70.0,False,False,False,False,True,False,False
6550,0.117307957868172,-14.624039211954926,-14.419028768722416,-14.217094492957187,-14.018236384659243,-14.0,-14.0,-14.0,-14.0,-14.0,-14.0,-14.0,-14.0,-14.0,-14.0,-14.0,-14.0,-14.0,-14.0,-14.0,-14.0,-14.0,-14.0,-14.0,-14.0,-14.0,-14.0,-14.0,-14.0,-14.0,-14.0,-14.0,-14.0,-14.0,-14.0,-14.0,-14.0,-14.0,-14.0,-14.0,-70.0,-70.0,-70.0,-70.0,-70.0,-70.0,-70.0,-70.0,False,False,False,False,True,False,False
6600,0.117307957868172,-14.583940435711366,-14.380289904752429,-14.179695135871524,-14.0,-14.0,-14.0,-14.0,-14.0,-14.0,-14.0,-14.0,-14.0,-14.0,-14.0,-14.0,-14.0,-14.0,-14.0,-14.0,-14.0,-14.0,-14.0,-14.0,-14.0,-14.0,-14.0,-14.0,-14.0,-14.0,-14.0,-14.0,-14.0,-14.0,-14.0,-14.0,-14.0,-14.0,-14.0,-14.0,-70.0,-70.0,-70.0,-70.0,-70.0,-70.0,-70.0,-70.0,False,False,False,False,True,False,False
6650,0.117307957868172,-14.544426774492175,-14.34211581454307,-14.142840516501995,-14.0,-14.0,-14.0,-14.0,-14.0,-14.0,-14.0,-14.0,-14.0,-14.0,-14.0,-14.0,-14.0,-14.0,-14.0,-14.0,-14.0,-14.0,-14.0,-14.0,-14.0,-14.0,-14.0,-14.0,-14.0,-14.0,-14.0,-14.0,-14.0,-14.0,-14.0,-14.0,-14.0,-14.0,-14.0,-14.0,-70.0,-70.0,-70.0,-70.0,-70.0,-70.0,-70.0,-70.0,False,False,False,False,True,False,False
6700,0.117307957868172,-14.50548522001603,-14.304493945122983,-14.106518530355325,-14.0,-14.0,-14.0,-14.0,-14.0,-14.0,-14.0,-14.0,-14.0,-14.0,-14.0,-14.0,-14.0,-14.0,-14.0,-14.0,-14.0,-14.0,-14.0,-14.0,-14.0,-14.0,-14.0,-14.0,-14.0,-14.0,-14.0,-14.0,-14.0,-14.0,-14.0,-14.0,-14.0,-14.0,-14.0,-14.0,-70.0,-70.0,-70.0,-70.0,-70.0,-70.0,-70.0,-70.0,False,False,False,False,True,False,False
6750,0.117307957868172,-14.467103148297088,-14.267412114325735,-14.070717430455016,-14.0,-14.0,-14.0,-14.0,-14.0,-14.0,-14.0,-14.0,-14.0,-14.0,-14.0,-14.0,-14.0,-14.0,-14.0,-14.0,-14.0,-14.0,-14.0,-14.0,-14.0,-14.0,-14.0,-14.0,-14.0,-14.0,-14.0,-14.0,-14.0,-14.0,-14.0,-14.0,-14.0,-14.0,-14.0,-14.0,-70.0,-70.0,-70.0,-70.0,-70.0,-70.0,-70.0,-70.0,False,False,False,False,True,False,False
6800,0.117307957868172,-14.429268305547634,-14.230858497188436,-14.035425814228514,-14.0,-14.0,-14.0,-14.0,-14.0,-14.0,-14.0,-14.0,-14.0,-14.0,-14.0,-14.0,-14.0,-14.0,-14.0,-14.0,-14.0,-14.0,-14.0,-14.0,-14.0,-14.0,-14.0,-14.0,-14.0,-14.0,-14.0,-14.0,-14.0,-14.0,-14.0,-14.0,-14.0,-14.0,-14.0,-14.0,-70.0,-70.0,-70.0,-70.0,-70.0,-70.0,-70.0,-70.0,False,False,False,False,True,False,False
6850,0.117307957868172,-14.391968794697474,-14.194821612945377,-14.00063261096798,-14.0,-14.0,-14.0,-14.0,-14.0,-14.0,-14.0,-14.0,-14.0,-14.0,-14.0,-14.0,-14.0,-14.0,-14.0,-14.0,-14.0,-14.0,-14.0,-14.0,-14.0,-14.0,-14.0,-14.0,-14.0,-14.0,-14.0,-14.0,-14.0,-14.0,-14.0,-14.0,-14.0,-14.0,-14.0,-14.0,-70.0,-70.0,-70.0,-70.0,-70.0,-70.0,-70.0,-70.0,False,False,False,False,True,False,False
6900,0.117307957868172,-14.35519306249875,-14.159290312586498,-14.0,-14.0,-14.0,-14.0,-14.0,-14.0,-14.0,-14.0,-14.0,-14.0,-14.0,-14.0,-14.0,-14.0,-14.0,-14.0,-14.0,-14.0,-14.0,-14.0,-14.0,-14.0,-14.0,-14.0,-14.0,-14.0,-14.0,-14.0,-14.0,-14.0,-14.0,-14.0,-14.0,-14.0,-14.0,-14.0,-14.0,-70.0,-70.0,-70.0,-70.0,-70.0,-70.0,-70.0,-70.0,False,False,False,False,True,False,False
6950,0.117307957868172,-14.318929887186744,-14.124253766952227,-14.0,-14.0,-14.0,-14.0,-14.0,-14.0,-14.0,-14.0,-14.0,-14.0,-14.0,-14.0,-14.0,-14.0,-14.0,-14.0,-14.0,-14.0,-14.0,-14.0,-14.0,-14.0,-14.0,-14.0,-14.0,-14.0,-14.0,-14.0,-14.0,-14.0,-14.0,-14.0,-14.0,-14.0,-14.0,-14.0,-14.0,-70.0,-70.0,-70.0,-70.0,-70.0,-70.0,-70.0,-70.0,False,False,False,False,True,False,False
7000,0.117307957868172,-14.283168366668875,-14.089701455337941,-14.0,-14.0,-14.0,-14.0,-14.0,-14.0,-14.0,-14.0,-14.0,-14.0,-14.0,-14.0,-14.0,-14.0,-14.0,-14.0,-14.0,-14.0,-14.0,-14.0,-14.0,-14.0,-14.0,-14.0,-14.0,-14.0,-14.0,-14.0,-14.0,-14.0,-14.0,-14.0,-14.0,-14.0,-14.0,-14.0,-14.0,-70.0,-70.0,-70.0,-70.0,-70.0,-70.0,-70.0,-70.0,False,False,False,False,True,False,False
7050,0.117307957868172,-14.247897907215632,-14.055623154582673,-14.0,-14.0,-14.0,-14.0,-14.0,-14.0,-14.0,-14.0,-14.0,-14.0,-14.0,-14.0,-14.0,-14.0,-14.0,-14.0,-14.0,-14.0,-14.0,-14.0,-14.0,-14.0,-14.0,-14.0,-14.0,-14.0,-14.0,-14.0,-14.0,-14.0,-14.0,-14.0,-14.0,-14.0,-14.0,-14.0,-14.0,-70.0,-70.0,-70.0,-70.0,-70.0,-70.0,-70.0,-70.0,False,False,False,False,True,False,False
7100,0.117307957868172,-14.213108212628798,-14.022008928618286,-14.0,-14.0,-14.0,-14.0,-14.0,-14.0,-14.0,-14.0,-14.0,-14.0,-14.0,-14.0,-14.0,-14.0,-14.0,-14.0,-14.0,-14.0,-14.0,-14.0,-14.0,-14.0,-14.0,-14.0,-14.0,-14.0,-14.0,-14.0,-14.0,-14.0,-14.0,-14.0,-14.0,-14.0,-14.0,-14.0,-14.0,-70.0,-70.0,-70.0,-70.0,-70.0,-70.0,-70.0,-70.0,False,False,False,False,True,False,False
7150,0.117307957868172,-14.178789273863504,-14.0,-14.0,-14.0,-14.0,-14.0,-14.0,-14.0,-14.0,-14.0,-14.0,-14.0,-14.0,-14.0,-14.0,-14.0,-14.0,-14.0,-14.0,-14.0,-14.0,-14.0,-14.0,-14.0,-14.0,-14.0,-14.0,-14.0,-14.0,-14.0,-14.0,-14.0,-14.0,-14.0,-14.0,-14.0,-14.0,-14.0,-14.0,-70.0,-70.0,-70.0,-70.0,-70.0,-70.0,-70.0,-70.0,False,False,False,False,True,False,False
7200,0.117307957868172,-14.144931359082147,-14.0,-14.0,-14.0,-14.0,-14.0,-14.0,-14.0,-14.0,-14.0,-14.0,-14.0,-14.0,-14.0,-14.0,-14.0,-14.0,-14.0,-14.0,-14.0,-14.0,-14.0,-14.0,-14.0,-14.0,-14.0,-14.0,-14.0,-14.0,-14.0,-14.0,-14.0,-14.0,-14.0,-14.0,-14.0,-14.0,-14.0,-14.0,-70.0,-70.0,-70.0,-70.0,-70.0,-70.0,-70.0,-70.0,False,False,False,False,True,False,False
7250,0.117307957868172,-14.111525004119274,-14.0,-14.0,-14.0,-14.0,-14.0,-14.0,-14.0,-14.0,-14.0,-14.0,-14.0,-14.0,-14.0,-14.0,-14.0,-14.0,-14.0,-14.0,-14.0,-14.0,-14.0,-14.0,-14.0,-14.0,-14.0,-14.0,-14.0,-14.0,-14.0,-14.0,-14.0,-14.0,-14.0,-14.0,-14.0,-14.0,-14.0,-14.0,-70.0,-70.0,-70.0,-70.0,-70.0,-70.0,-70.0,-70.0,False,False,False,False,True,False,False
7300,0.117307957868172,-14.078561003337775,-14.0,-14.0,-14.0,-14.0,-14.0,-14.0,-14.0,-14.0,-14.0,-14.0,-14.0,-14.0,-14.0,-14.0,-14.0,-14.0,-14.0,-14.0,-14.0,-14.0,-14.0,-14.0,-14.0,-14.0,-14.0,-14.0,-14.0,-14.0,-14.0,-14.0,-14.0,-14.0,-14.0,-14.0,-14.0,-14.0,-14.0,-14.0,-70.0,-70.0,-70.0,-70.0,-70.0,-70.0,-70.0,-70.0,False,False,False,False,True,False,False
7350,0.117307957868172,-14.046030400857724,-14.0,-14.0,-14.0,-14.0,-14.0,-14.0,-14.0,-14.0,-14.0,-14.0,-14.0,-14.0,-14.0,-14.0,-14.0,-14.0,-14.0,-14.0,-14.0,-14.0,-14.0,-14.0,-14.0,-14.0,-14.0,-14.0,-14.0,-14.0,-14.0,-14.0,-14.0,-14.0,-14.0,-14.0,-14.0,-14.0,-14.0,-14.0,-70.0,-70.0,-70.0,-70.0,-70.0,-70.0,-70.0,-70.0,False,False,False,False,True,False,False
7400,0.117307957868172,-14.013924482140293,-14.0,-14.0,-14.0,-14.0,-14.0,-14.0,-14.0,-14.0,-14.0,-14.0,-14.0,-14.0,-14.0,-14.0,-14.0,-14.0,-14.0,-14.0,-14.0,-14.0,-14.0,-14.0,-14.0,-14.0,-14.0,-14.0,-14.0,-14.0,-14.0,-14.0,-14.0,-14.0,-14.0,-14.0,-14.0,-14.0,-14.0,-14.0,-70.0,-70.0,-70.0,-70.0,-70.0,-70.0,-70.0,-70.0,False,False,False,False,True,False,False
7450,0.117307957868172,-14.0,-14.0,-14.0,-14.0,-14.0,-14.0,-14.0,-14.0,-14.0,-14.0,-14.0,-14.0,-14.0,-14.0,-14.0,-14.0,-14.0,-14.0,-14.0,-14.0,-14.0,-14.0,-14.0,-14.0,-14.0,-14.0,-14.0,-14.0,-14.0,-14.0,-14.0,-14.0,-14.0,-14.0,-14.0,-14.0,-14.0,-14.0,-14.0,-70.0,-70.0,-70.0,-70.0,-70.0,-70.0,-70.0,-70.0,False,False,False,False,True,False,False
7500,0.117307957868172,-14.0,-14.0,-14.0,-14.0,-14.0,-14.0,-14.0,-14.0,-14.0,-14.0,-14.0,-14.0,-14.0,-14.0,-14.0,-14.0,-14.0,-14.0,-14.0,-14.0,-14.0,-14.0,-14.0,-14.0,-14.0,-14.0,-14.0,-14.0,-14.0,-14.0,-14.0,-14.0,-14.0,-14.0,-14.0,-14.0,-14.0,-14.0,-14.0,-70.0,-70.0,-70.0,-70.0,-70.0,-70.0,-70.0,-70.0,False,False,False,False,True,False,False
7550,0.117307957868172,-14.0,-14.0,-14.0,-14.0,-14.0,-14.0,-14.0,-14.0,-14.0,-14.0,-14.0,-14.0,-14.0,-14.0,-14.0,-14.0,-14.0,-14.0,-14.0,-14.0,-14.0,-14.0,-14.0,-14.0,-14.0,-14.0,-14.0,-14.0,-14.0,-14.0,-14.0,-14.0,-14.0,-14.0,-14.0,-14.0,-14.0,-14.0,-14.0,-70.0,-70.0,-70.0,-70.0,-70.0,-70.0,-70.0,-70.0,False,False,False,False,True,False,False
7600,0.117307957868172,-14.0,-14.0,-14.0,-14.0,-14.0,-14.0,-14.0,-14.0,-14.0,-14.0,-14.0,-14.0,-14.0,-14.0,-14.0,-14.0,-14.0,-14.0,-14.0,-14.0,-14.0,-14.0,-14.0,-14.0,-14.0,-14.0,-14.0,-14.0,-14.0,-14.0,-14.0,-14.0,-14.0,-14.0,-14.0,-14.0,-14.0,-14.0,-14.0,-70.0,-70.0,-70.0,-70.0,-70.0,-70.0,-70.0,-70.0,False,False,False,False,True,False,False
7650,0.117307957868172,-14.0,-14.0,-14.0,-14.0,-14.0,-14.0,-14.0,-14.0,-14.0,-14.0,-14.0,-14.0,-14.0,-14.0,-14.0,-14.0,-14.0,-14.0,-14.0,-14.0,-14.0,-14.0,-14.0,-14.0,-14.0,-14.0,-14.0,-14.0,-14.0,-14.0,-14.0,-14.0,-14.0,-14.0,-14.0,-14.0,-14.0,-14.0,-14.0,-70.0,-70.0,-70.0,-70.0,-70.0,-70.0,-70.0,-70.0,False,False,False,False,True,False,False
7700,0.117307957868172,-14.0,-14.0,-14.0,-14.0,-14.0,-14.0,-14.0,-14.0,-14.0,-14.0,-14.0,-14.0,-14.0,-14.0,-14.0,-14.0,-14.0,-14.0,-14.0,-14.0,-14.0,-14.0,-14.0,-14.0,-14.0,-14.0,-14.0,-14.0,-14.0,-14.0,-14.0,-14.0,-14.0,-14.0,-14.0,-14.0,-14.0,-14.0,-14.0,-70.0,-70.0,-70.0,-70.0,-70.0,-70.0,-70.0,-70.0,False,False,False,False,True,False,False
7750,0.117307957868172,-14.0,-14.0,-14.0,-14.0,-14.0,-14.0,-14.0,-14.0,-14.0,-14.0,-14.0,-14.0,-14.0,-14.0,-14.0,-14.0,-14.0,-14.0,-14.0,-14.0,-14.0,-14.0,-14.0,-14.0,-14.0,-14.0,-14.0,-14.0,-14.0,-14.0,-14.0,-14.0,-14.0,-14.0,-14.0,-14.0,-14.0,-14.0,-14.0,-70.0,-70.0,-70.0,-70.0,-70.0,-70.0,-70.0,-70.0,False,False,False,False,True,False,False
7800,0.117307957868172,-14.0,-14.0,-14.0,-14.0,-14.0,-14.0,-14.0,-14.0,-14.0,-14.0,-14.0,-14.0,-14.0,-14.0,-14.0,-14.0,-14.0,-14.0,-14.0,-14.0,-14.0,-14.0,-14.0,-14.0,-14.0,-14.0,-14.0,-14.0,-14.0,-14.0,-14.0,-14.0,-14.0,-14.0,-14.0,-14.0,-14.0,-14.0,-14.0,-70.0,-70.0,-70.0,-70.0,-70.0,-70.0,-70.0,-70.0,False,False,False,False,True,False,False
7850,0.117307957868172,-14.0,-14.0,-14.0,-14.0,-14.0,-14.0,-14.0,-14.0,-14.0,-14.0,-14.0,-14.0,-14.0,-14.0,-14.0,-14.0,-14.0,-14.0,-14.0,-14.0,-14.0,-14.0,-14.0,-14.0,-14.0,-14.0,-14.0,-14.0,-14.0,-14.0,-14.0,-14.0,-14.0,-14.0,-14.0,-14.0,-14.0,-14.0,-14.0,-70.0,-70.0,-70.0,-70.0,-70.0,-70.0,-70.0,-70.0,False,False,False,False,True,False,False
7900,0.117307957868172,-14.0,-14.0,-14.0,-14.0,-14.0,-14.0,-14.0,-14.0,-14.0,-14.0,-14.0,-14.0,-14.0,-14.0,-14.0,-14.0,-14.0,-14.0,-14.0,-14.0,-14.0,-14.0,-14.0,-14.0,-14.0,-14.0,-14.0,-14.0,-14.0,-14.0,-14.0,-14.0,-14.0,-14.0,-14.0,-14.0,-14.0,-14.0,-14.0,-70.0,-70.0,-70.0,-70.0,-70.0,-70.0,-70.0,-70.0,False,False,False,False,True,False,False
7950,0.117307957868172,-14.0,-14.0,-14.0,-14.0,-14.0,-14.0,-14.0,-14.0,-14.0,-14.0,-14.0,-14.0,-14.0,-14.0,-14.0,-14.0,-14.0,-14.0,-14.0,-14.0,-14.0,-14.0,-14.0,-14.0,-14.0,-14.0,-14.0,-14.0,-14.0,-14.0,-14.0,-14.0,-14.0,-14.0,-14.0,-14.0,-14.0,-14.0,-14.0,-70.0,-70.0,-70.0,-70.0,-70.0,-70.0,-70.0,-70.0,False,False,False,False,True,False,False
8000,0.117307957868172,-14.0,-14.0,-14.0,-14.0,-14.0,-14.0,-14.0,-14.0,-14.0,-14.0,-14.0,-14.0,-14.0,-14.0,-14.0,-14.0,-14.0,-14.0,-14.0,-14.0,-14.0,-14.0,-14.0,-14.0,-14.0,-14.0,-14.0,-14.0,-14.0,-14.0,-14.0,-14.0,-14.0,-14.0,-14.0,-14.0,-14.0,-14.0,-14.0,-70.0,-70.0,-70.0,-70.0,-70.0,-70.0,-70.0,-70.0,False,False,False,False,True,False,False
8050,0.117307957868172,-14.0,-14.0,-14.0,-14.0,-14.0,-14.0,-14.0,-14.0,-14.0,-14.0,-14.0,-14.0,-14.0,-14.0,-14.0,-14.0,-14.0,-14.0,-14.0,-14.0,-14.0,-14.0,-14.0,-14.0,-14.0,-14.0,-14.0,-14.0,-14.0,-14.0,-14.0,-14.0,-14.0,-14.0,-14.0,-14.0,-14.0,-14.0,-14.0,-70.0,-70.0,-70.0,-70.0,-70.0,-70.0,-70.0,-70.0,False,False,False,False,True,False,False
8100,0.117307957868172,-14.0,-14.0,-14.0,-14.0,-14.0,-14.0,-14.0,-14.0,-14.0,-14.0,-14.0,-14.0,-14.0,-14.0,-14.0,-14.0,-14.0,-14.0,-14.0,-14.0,-14.0,-14.0,-14.0,-14.0,-14.0,-14.0,-14.0,-14.0,-14.0,-14.0,-14.0,-14.0,-14.0,-14.0,-14.0,-14.0,-14.0,-14.0,-14.0,-70.0,-70.0,-70.0,-70.0,-70.0,-70.0,-70.0,-70.0,False,False,False,False,True,False,False
8150,0.117307957868172,-14.0,-14.0,-14.0,-14.0,-14.0,-14.0,-14.0,-14.0,-14.0,-14.0,-14.0,-14.0,-14.0,-14.0,-14.0,-14.0,-14.0,-14.0,-14.0,-14.0,-14.0,-14.0,-14.0,-14.0,-14.0,-14.0,-14.0,-14.0,-14.0,-14.0,-14.0,-14.0,-14.0,-14.0,-14.0,-14.0,-14.0,-14.0,-14.0,-70.0,-70.0,-70.0,-70.0,-70.0,-70.0,-70.0,-70.0,False,False,False,False,True,False,False
8200,0.117307957868172,-14.0,-14.0,-14.0,-14.0,-14.0,-14.0,-14.0,-14.0,-14.0,-14.0,-14.0,-14.0,-14.0,-14.0,-14.0,-14.0,-14.0,-14.0,-14.0,-14.0,-14.0,-14.0,-14.0,-14.0,-14.0,-14.0,-14.0,-14.0,-14.0,-14.0,-14.0,-14.0,-14.0,-14.0,-14.0,-14.0,-14.0,-14.0,-14.0,-70.0,-70.0,-70.0,-70.0,-70.0,-70.0,-70.0,-70.0,False,False,False,False,True,False,False
8250,0.117307957868172,-14.0,-14.0,-14.0,-14.0,-14.0,-14.0,-14.0,-14.0,-14.0,-14.0,-14.0,-14.0,-14.0,-14.0,-14.0,-14.0,-14.0,-14.0,-14.0,-14.0,-14.0,-14.0,-14.0,-14.0,-14.0,-14.0,-14.0,-14.0,-14.0,-14.0,-14.0,-14.0,-14.0,-14.0,-14.0,-14.0,-14.0,-14.0,-14.0,-70.0,-70.0,-70.0,-70.0,-70.0,-70.0,-70.0,-70.0,False,False,False,False,True,False,False
8300,0.117307957868172,-14.0,-14.0,-14.0,-14.0,-14.0,-14.0,-14.0,-14.0,-14.0,-14.0,-14.0,-14.0,-14.0,-14.0,-14.0,-14.0,-14.0,-14.0,-14.0,-14.0,-14.0,-14.0,-14.0,-14.0,-14.0,-14.0,-14.0,-14.0,-14.0,-14.0,-14.0,-14.0,-14.0,-14.0,-14.0,-14.0,-14.0,-14.0,-14.0,-70.0,-70.0,-70.0,-70.0,-70.0,-70.0,-70.0,-70.0,False,False,False,False,True,False,False
8350,0.117307957868172,-14.0,-14.0,-14.0,-14.0,-14.0,-14.0,-14.0,-14.0,-14.0,-14.0,-14.0,-14.0,-14.0,-14.0,-14.0,-14.0,-14.0,-14.0,-14.0,-14.0,-14.0,-14.0,-14.0,-14.0,-14.0,-14.0,-14.0,-14.0,-14.0,-14.0,-14.0,-14.0,-14.0,-14.0,-14.0,-14.0,-14.0,-14.0,-14.0,-70.0,-70.0,-70.0,-70.0,-70.0,-70.0,-70.0,-70.0,False,False,False,False,True,False,False
8400,0.117307957868172,-14.0,-14.0,-14.0,-14.0,-14.0,-14.0,-14.0,-14.0,-14.0,-14.0,-14.0,-14.0,-14.0,-14.0,-14.0,-14.0,-14.0,-14.0,-14.0,-14.0,-14.0,-14.0,-14.0,-14.0,-14.0,-14.0,-14.0,-14.0,-14.0,-14.0,-14.0,-14.0,-14.0,-14.0,-14.0,-14.0,-14.0,-14.0,-14.0,-70.0,-70.0,-70.0,-70.0,-70.0,-70.0,-70.0,-70.0,False,False,False,False,True,False,False
8450,0.117307957868172,-14.0,-14.0,-14.0,-14.0,-14.0,-14.0,-14.0,-14.0,-14.0,-14.0,-14.0,-14.0,-14.0,-14.0,-14.0,-14.0,-14.0,-14.0,-14.0,-14.0,-14.0,-14.0,-14.0,-14.0,-14.0,-14.0,-14.0,-14.0,-14.0,-14.0,-14.0,-14.0,-14.0,-14.0,-14.0,-14.0,-14.0,-14.0,-14.0,-70.0,-70.0,-70.0,-70.0,-70.0,-70.0,-70.0,-70.0,False,False,False,False,True,False,False
8500,0.117307957868172,-14.0,-14.0,-14.0,-14.0,-14.0,-14.0,-14.0,-14.0,-14.0,-14.0,-14.0,-14.0,-14.0,-14.0,-14.0,-14.0,-14.0,-14.0,-14.0,-14.0,-14.0,-14.0,-14.0,-14.0,-14.0,-14.0,-14.0,-14.0,-14.0,-14.0,-14.0,-14.0,-14.0,-14.0,-14.0,-14.0,-14.0,-14.0,-14.0,-70.0,-70.0,-70.0,-70.0,-70.0,-70.0,-70.0,-70.0,False,False,False,False,True,False,False
8550,0.117307957868172,-14.0,-14.0,-14.0,-14.0,-14.0,-14.0,-14.0,-14.0,-14.0,-14.0,-14.0,-14.0,-14.0,-14.0,-14.0,-14.0,-14.0,-14.0,-14.0,-14.0,-14.0,-14.0,-14.0,-14.0,-14.0,-14.0,-14.0,-14.0,-14.0,-14.0,-14.0,-14.0,-14.0,-14.0,-14.0,-14.0,-14.0,-14.0,-14.0,-70.0,-70.0,-70.0,-70.0,-70.0,-70.0,-70.0,-70.0,False,False,False,False,True,False,False
8600,0.117307957868172,-14.0,-14.0,-14.0,-14.0,-14.0,-14.0,-14.0,-14.0,-14.0,-14.0,-14.0,-14.0,-14.0,-14.0,-14.0,-14.0,-14.0,-14.0,-14.0,-14.0,-14.0,-14.0,-14.0,-14.0,-14.0,-14.0,-14.0,-14.0,-14.0,-14.0,-14.0,-14.0,-14.0,-14.0,-14.0,-14.0,-14.0,-14.0,-14.0,-70.0,-70.0,-70.0,-70.0,-70.0,-70.0,-70.0,-70.0,False,False,False,False,True,False,False
8650,0.117307957868172,-14.0,-14.0,-14.0,-14.0,-14.0,-14.0,-14.0,-14.0,-14.0,-14.0,-14.0,-14.0,-14.0,-14.0,-14.0,-14.0,-14.0,-14.0,-14.0,-14.0,-14.0,-14.0,-14.0,-14.0,-14.0,-14.0,-14.0,-14.0,-14.0,-14.0,-14.0,-14.0,-14.0,-14.0,-14.0,-14.0,-14.0,-14.0,-14.0,-70.0,-70.0,-70.0,-70.0,-70.0,-70.0,-70.0,-70.0,False,False,False,False,True,False,False
8700,0.117307957868172,-14.0,-14.0,-14.0,-14.0,-14.0,-14.0,-14.0,-14.0,-14.0,-14.0,-14.0,-14.0,-14.0,-14.0,-14.0,-14.0,-14.0,-14.0,-14.0,-14.0,-14.0,-14.0,-14.0,-14.0,-14.0,-14.0,-14.0,-14.0,-14.0,-14.0,-14.0,-14.0,-14.0,-14.0,-14.0,-14.0,-14.0,-14.0,-14.0,-70.0,-70.0,-70.0,-70.0,-70.0,-70.0,-70.0,-70.0,False,False,False,False,True,False,False
8750,0.117307957868172,-14.0,-14.0,-14.0,-14.0,-14.0,-14.0,-14.0,-14.0,-14.0,-14.0,-14.0,-14.0,-14.0,-14.0,-14.0,-14.0,-14.0,-14.0,-14.0,-14.0,-14.0,-14.0,-14.0,-14.0,-14.0,-14.0,-14.0,-14.0,-14.0,-14.0,-14.0,-14.0,-14.0,-14.0,-14.0,-14.0,-14.0,-14.0,-14.0,-70.0,-70.0,-70.0,-70.0,-70.0,-70.0,-70.0,-70.0,False,False,False,False,True,False,False
8800,0.117307957868172,-14.0,-14.0,-14.0,-14.0,-14.0,-14.0,-14.0,-14.0,-14.0,-14.0,-14.0,-14.0,-14.0,-14.0,-14.0,-14.0,-14.0,-14.0,-14.0,-14.0,-14.0,-14.0,-14.0,-14.0,-14.0,-14.0,-14.0,-14.0,-14.0,-14.0,-14.0,-14.0,-14.0,-14.0,-14.0,-14.0,-14.0,-14.0,-14.0,-70.0,-70.0,-70.0,-70.0,-70.0,-70.0,-70.0,-70.0,False,False,False,False,True,False,False
8850,0.117307957868172,-14.0,-14.0,-14.0,-14.0,-14.0,-14.0,-14.0,-14.0,-14.0,-14.0,-14.0,-14.0,-14.0,-14.0,-14.0,-14.0,-14.0,-14.0,-14.0,-14.0,-14.0,-14.0,-14.0,-14.0,-14.0,-14.0,-14.0,-14.0,-14.0,-14.0,-14.0,-14.0,-14.0,-14.0,-14.0,-14.0,-14.0,-14.0,-14.0,-70.0,-70.0,-70.0,-70.0,-70.0,-70.0,-70.0,-70.0,False,False,False,False,True,False,False
8900,0.117307957868172,-14.0,-14.0,-14.0,-14.0,-14.0,-14.0,-14.0,-14.0,-14.0,-14.0,-14.0,-14.0,-14.0,-14.0,-14.0,-14.0,-14.0,-14.0,-14.0,-14.0,-14.0,-14.0,-14.0,-14.0,-14.0,-14.0,-14.0,-14.0,-14.0,-14.0,-14.0,-14.0,-14.0,-14.0,-14.0,-14.0,-14.0,-14.0,-14.0,-70.0,-70.0,-70.0,-70.0,-70.0,-70.0,-70.0,-70.0,False,False,False,False,True,False,False
8950,0.117307957868172,-14.0,-14.0,-14.0,-14.0,-14.0,-14.0,-14.0,-14.0,-14.0,-14.0,-14.0,-14.0,-14.0,-14.0,-14.0,-14.0,-14.0,-14.0,-14.0,-14.0,-14.0,-14.0,-14.0,-14.0,-14.0,-14.0,-14.0,-14.0,-14.0,-14.0,-14.0,-14.0,-14.0,-14.0,-14.0,-14.0,-14.0,-14.0,-14.0,-70.0,-70.0,-70.0,-70.0,-70.0,-70.0,-70.0,-70.0,False,False,False,False,True,False,False
9000,0.117307957868172,-14.0,-14.0,-14.0,-14.0,-14.0,-14.0,-14.0,-14.0,-14.0,-14.0,-14.0,-14.0,-14.0,-14.0,-14.0,-14.0,-14.0,-14.0,-14.0,-14.0,-14.0,-14.0,-14.0,-14.0,-14.0,-14.0,-14.0,-14.0,-14.0,-14.0,-14.0,-14.0,-14.0,-14.0,-14.0,-14.0,-14.0,-14.0,-14.0,-70.0,-70.0,-70.0,-70.0,-70.0,-70.0,-70.0,-70.0,False,False,False,False,True,False,False
9050,0.117307957868172,-14.0,-14.0,-14.0,-14.0,-14.0,-14.0,-14.0,-14.0,-14.0,-14.0,-14.0,-14.0,-14.0,-14.0,-14.0,-14.0,-14.0,-14.0,-14.0,-14.0,-14.0,-14.0,-14.0,-14.0,-14.0,-14.0,-14.0,-14.0,-14.0,-14.0,-14.0,-14.0,-14.0,-14.0,-14.0,-14.0,-14.0,-14.0,-14.0,-70.0,-70.0,-70.0,-70.0,-70.0,-70.0,-70.0,-70.0,False,False,False,False,True,False,False
9100,0.117307957868172,-14.0,-14.0,-14.0,-14.0,-14.0,-14.0,-14.0,-14.0,-14.0,-14.0,-14.0,-14.0,-14.0,-14.0,-14.0,-14.0,-14.0,-14.0,-14.0,-14.0,-14.0,-14.0,-14.0,-14.0,-14.0,-14.0,-14.0,-14.0,-14.0,-14.0,-14.0,-14.0,-14.0,-14.0,-14.0,-14.0,-14.0,-14.0,-14.0,-70.0,-70.0,-70.0,-70.0,-70.0,-70.0,-70.0,-70.0,False,False,False,False,True,False,False
9150,0.117307957868172,-14.0,-14.0,-14.0,-14.0,-14.0,-14.0,-14.0,-14.0,-14.0,-14.0,-14.0,-14.0,-14.0,-14.0,-14.0,-14.0,-14.0,-14.0,-14.0,-14.0,-14.0,-14.0,-14.0,-14.0,-14.0,-14.0,-14.0,-14.0,-14.0,-14.0,-14.0,-14.0,-14.0,-14.0,-14.0,-14.0,-14.0,-14.0,-14.0,-70.0,-70.0,-70.0,-70.0,-70.0,-70.0,-70.0,-70.0,False,False,False,False,True,False,False
9200,0.117307957868172,-14.0,-14.0,-14.0,-14.0,-14.0,-14.0,-14.0,-14.0,-14.0,-14.0,-14.0,-14.0,-14.0,-14.0,-14.0,-14.0,-14.0,-14.0,-14.0,-14.0,-14.0,-14.0,-14.0,-14.0,-14.0,-14.0,-14.0,-14.0,-14.0,-14.0,-14.0,-14.0,-14.0,-14.0,-14.0,-14.0,-14.0,-14.0,-14.0,-70.0,-70.0,-70.0,-70.0,-70.0,-70.0,-70.0,-70.0,False,False,False,False,True,False,False
9250,0.117307957868172,-14.0,-14.0,-14.0,-14.0,-14.0,-14.0,-14.0,-14.0,-14.0,-14.0,-14.0,-14.0,-14.0,-14.0,-14.0,-14.0,-14.0,-14.0,-14.0,-14.0,-14.0,-14.0,-14.0,-14.0,-14.0,-14.0,-14.0,-14.0,-14.0,-14.0,-14.0,-14.0,-14.0,-14.0,-14.0,-14.0,-14.0,-14.0,-14.0,-70.0,-70.0,-70.0,-70.0,-70.0,-70.0,-70.0,-70.0,False,False,False,False,True,False,False
9300,0.117307957868172,-14.0,-14.0,-14.0,-14.0,-14.0,-14.0,-14.0,-14.0,-14.0,-14.0,-14.0,-14.0,-14.0,-14.0,-14.0,-14.0,-14.0,-14.0,-14.0,-14.0,-14.0,-14.0,-14.0,-14.0,-14.0,-14.0,-14.0,-14.0,-14.0,-14.0,-14.0,-14.0,-14.0,-14.0,-14.0,-14.0,-14.0,-14.0,-14.0,-70.0,-70.0,-70.0,-70.0,-70.0,-70.0,-70.0,-70.0,False,False,False,False,True,False,False
9350,0.117307957868172,-14.0,-14.0,-14.0,-14.0,-14.0,-14.0,-14.0,-14.0,-14.0,-14.0,-14.0,-14.0,-14.0,-14.0,-14.0,-14.0,-14.0,-14.0,-14.0,-14.0,-14.0,-14.0,-14.0,-14.0,-14.0,-14.0,-14.0,-14.0,-14.0,-14.0,-14.0,-14.0,-14.0,-14.0,-14.0,-14.0,-14.0,-14.0,-14.0,-70.0,-70.0,-70.0,-70.0,-70.0,-70.0,-70.0,-70.0,False,False,False,False,True,False,False
9400,0.117307957868172,-14.0,-14.0,-14.0,-14.0,-14.0,-14.0,-14.0,-14.0,-14.0,-14.0,-14.0,-14.0,-14.0,-14.0,-14.0,-14.0,-14.0,-14.0,-14.0,-14.0,-14.0,-14.0,-14.0,-14.0,-14.0,-14.0,-14.0,-14.0,-14.0,-14.0,-14.0,-14.0,-14.0,-14.0,-14.0,-14.0,-14.0,-14.0,-14.0,-70.0,-70.0,-70.0,-70.0,-70.0,-70.0,-70.0,-70.0,False,False,False,False,True,False,False
9450,0.117307957868172,-14.0,-14.0,-14.0,-14.0,-14.0,-14.0,-14.0,-14.0,-14.0,-14.0,-14.0,-14.0,-14.0,-14.0,-14.0,-14.0,-14.0,-14.0,-14.0,-14.0,-14.0,-14.0,-14.0,-14.0,-14.0,-14.0,-14.0,-14.0,-14.0,-14.0,-14.0,-14.0,-14.0,-14.0,-14.0,-14.0,-14.0,-14.0,-14.0,-70.0,-70.0,-70.0,-70.0,-70.0,-70.0,-70.0,-70.0,False,False,False,False,True,False,False
9500,0.117307957868172,-14.0,-14.0,-14.0,-14.0,-14.0,-14.0,-14.0,-14.0,-14.0,-14.0,-14.0,-14.0,-14.0,-14.0,-14.0,-14.0,-14.0,-14.0,-14.0,-14.0,-14.0,-14.0,-14.0,-14.0,-14.0,-14.0,-14.0,-14.0,-14.0,-14.0,-14.0,-14.0,-14.0,-14.0,-14.0,-14.0,-14.0,-14.0,-14.0,-70.0,-70.0,-70.0,-70.0,-70.0,-70.0,-70.0,-70.0,False,False,False,False,True,False,False
9550,0.117307957868172,-14.0,-14.0,-14.0,-14.0,-14.0,-14.0,-14.0,-14.0,-14.0,-14.0,-14.0,-14.0,-14.0,-14.0,-14.0,-14.0,-14.0,-14.0,-14.0,-14.0,-14.0,-14.0,-14.0,-14.0,-14.0,-14.0,-14.0,-14.0,-14.0,-14.0,-14.0,-14.0,-14.0,-14.0,-14.0,-14.0,-14.0,-14.0,-14.0,-70.0,-70.0,-70.0,-70.0,-70.0,-70.0,-70.0,-70.0,False,False,False,False,True,False,False
9600,0.117307957868172,-14.0,-14.0,-14.0,-14.0,-14.0,-14.0,-14.0,-14.0,-14.0,-14.0,-14.0,-14.0,-14.0,-14.0,-14.0,-14.0,-14.0,-14.0,-14.0,-14.0,-14.0,-14.0,-14.0,-14.0,-14.0,-14.0,-14.0,-14.0,-14.0,-14.0,-14.0,-14.0,-14.0,-14.0,-14.0,-14.0,-14.0,-14.0,-14.0,-70.0,-70.0,-70.0,-70.0,-70.0,-70.0,-70.0,-70.0,False,False,False,False,True,False,False
9650,0.117307957868172,-14.0,-14.0,-14.0,-14.0,-14.0,-14.0,-14.0,-14.0,-14.0,-14.0,-14.0,-14.0,-14.0,-14.0,-14.0,-14.0,-14.0,-14.0,-14.0,-14.0,-14.0,-14.0,-14.0,-14.0,-14.0,-14.0,-14.0,-14.0,-14.0,-14.0,-14.0,-14.0,-14.0,-14.0,-14.0,-14.0,-14.0,-14.0,-14.0,-70.0,-70.0,-70.0,-70.0,-70.0,-70.0,-70.0,-70.0,False,False,False,False,True,False,False
9700,0.117307957868172,-14.0,-14.0,-14.0,-14.0,-14.0,-14.0,-14.0,-14.0,-14.0,-14.0,-14.0,-14.0,-14.0,-14.0,-14.0,-14.0,-14.0,-14.0,-14.0,-14.0,-14.0,-14.0,-14.0,-14.0,-14.0,-14.0,-14.0,-14.0,-14.0,-14.0,-14.0,-14.0,-14.0,-14.0,-14.0,-14.0,-14.0,-14.0,-14.0,-70.0,-70.0,-70.0,-70.0,-70.0,-70.0,-70.0,-70.0,False,False,False,False,True,False,False
9750,0.117307957868172,-14.0,-14.0,-14.0,-14.0,-14.0,-14.0,-14.0,-14.0,-14.0,-14.0,-14.0,-14.0,-14.0,-14.0,-14.0,-14.0,-14.0,-14.0,-14.0,-14.0,-14.0,-14.0,-14.0,-14.0,-14.0,-14.0,-14.0,-14.0,-14.0,-14.0,-14.0,-14.0,-14.0,-14.0,-14.0,-14.0,-14.0,-14.0,-14.0,-70.0,-70.0,-70.0,-70.0,-70.0,-70.0,-70.0,-70.0,False,False,False,False,True,False,False
9800,0.117307957868172,-14.0,-14.0,-14.0,-14.0,-14.0,-14.0,-14.0,-14.0,-14.0,-14.0,-14.0,-14.0,-14.0,-14.0,-14.0,-14.0,-14.0,-14.0,-14.0,-14.0,-14.0,-14.0,-14.0,-14.0,-14.0,-14.0,-14.0,-14.0,-14.0,-14.0,-14.0,-14.0,-14.0,-14.0,-14.0,-14.0,-14.0,-14.0,-14.0,-70.0,-70.0,-70.0,-70.0,-70.0,-70.0,-70.0,-70.0,False,False,False,False,True,False,False
9850,0.117307957868172,-14.0,-14.0,-14.0,-14.0,-14.0,-14.0,-14.0,-14.0,-14.0,-14.0,-14.0,-14.0,-14.0,-14.0,-14.0,-14.0,-14.0,-14.0,-14.0,-14.0,-14.0,-14.0,-14.0,-14.0,-14.0,-14.0,-14.0,-14.0,-14.0,-14.0,-14.0,-14.0,-14.0,-14.0,-14.0,-14.0,-14.0,-14.0,-14.0,-70.0,-70.0,-70.0,-70.0,-70.0,-70.0,-70.0,-70.0,False,False,False,False,True,False,False
9900,0.117307957868172,-14.0,-14.0,-14.0,-14.0,-14.0,-14.0,-14.0,-14.0,-14.0,-14.0,-14.0,-14.0,-14.0,-14.0,-14.0,-14.0,-14.0,-14.0,-14.0,-14.0,-14.0,-14.0,-14.0,-14.0,-14.0,-14.0,-14.0,-14.0,-14.0,-14.0,-14.0,-14.0,-14.0,-14.0,-14.0,-14.0,-14.0,-14.0,-14.0,-70.0,-70.0,-70.0,-70.0,-70.0,-70.0,-70.0,-70.0,False,False,False,False,True,False,False
9950,0.117307957868172,-14.0,-14.0,-14.0,-14.0,-14.0,-14.0,-14.0,-14.0,-14.0,-14.0,-14.0,-14.0,-14.0,-14.0,-14.0,-14.0,-14.0,-14.0,-14.0,-14.0,-14.0,-14.0,-14.0,-14.0,-14.0,-14.0,-14.0,-14.0,-14.0,-14.0,-14.0,-14.0,-14.0,-14.0,-14.0,-14.0,-14.0,-14.0,-14.0,-70.0,-70.0,-70.0,-70.0,-70.0,-70.0,-70.0,-70.0,False,False,False,False,True,False,False
10000,0.117307957868172,-14.0,-14.0,-14.0,-14.0,-14.0,-14.0,-14.0,-14.0,-14.0,-14.0,-14.0,-14.0,-14.0,-14.0,-14.0,-14.0,-14.0,-14.0,-14.0,-14.0,-14.0,-14.0,-14.0,-14.0,-14.0,-14.0,-14.0,-14.0,-14.0,-14.0,-14.0,-14.0,-14.0,-14.0,-14.0,-14.0,-14.0,-14.0,-14.0,-70.0,-70.0,-70.0,-70.0,-70.0,-70.0,-70.0,-70.0,False,False,False,False,True,False,False
